date,open,high,low,close,volume,log_return,target_return
2003-01-01 00:00:00+05:30,14.74,14.74,14.52,14.57,4132777,,0.002056908507177175
2003-01-02 00:00:00+05:30,14.7,14.81,14.52,14.6,8012655,0.002056908507177175,0.023020650990380455
2003-01-03 00:00:00+05:30,14.69,15.05,14.61,14.94,24049577,0.023020650990380455,-0.006042314455962586
2003-01-06 00:00:00+05:30,14.98,15.12,14.79,14.85,24429465,-0.006042314455962586,0.008716112840364778
2003-01-07 00:00:00+05:30,14.91,15.08,14.86,14.98,20986669,0.008716112840364778,0.005326244282674163
2003-01-08 00:00:00+05:30,14.98,15.14,14.98,15.06,10794720,0.005326244282674163,-0.0066622498254163285
2003-01-09 00:00:00+05:30,15.07,15.18,14.92,14.96,11441952,-0.0066622498254163285,0.007989390033478861
2003-01-10 00:00:00+05:30,15.07,15.13,14.83,15.08,10283658,0.007989390033478861,-0.0006633499414059624
2003-01-13 00:00:00+05:30,15.09,15.14,14.98,15.07,8275769,-0.0006633499414059624,-0.017403384358696636
2003-01-14 00:00:00+05:30,14.74,15.0,14.74,14.81,14881598,-0.017403384358696636,0.01673959409204017
2003-01-15 00:00:00+05:30,14.89,15.08,14.89,15.06,8736251,0.01673959409204017,0.0
2003-01-16 00:00:00+05:30,15.1,15.13,14.94,15.06,9454942,0.0,-0.0046589102572411785
2003-01-17 00:00:00+05:30,15.23,15.3,14.94,14.99,25831432,-0.0046589102572411785,0.0006668889877037743
2003-01-20 00:00:00+05:30,15.02,15.07,14.96,15.0,9101514,0.0006668889877037743,-0.028399474521698
2003-01-21 00:00:00+05:30,14.98,15.0,14.54,14.58,16235460,-0.028399474521698,-0.00757318593711958
2003-01-22 00:00:00+05:30,14.48,14.69,14.41,14.47,8880926,-0.00757318593711958,-0.001383126084951464
2003-01-23 00:00:00+05:30,14.47,14.61,14.4,14.45,6063626,-0.001383126084951464,-0.0013850417726616845
2003-01-24 00:00:00+05:30,14.56,14.59,14.33,14.43,9104079,-0.0013850417726616845,-0.01606740817856444
2003-01-27 00:00:00+05:30,14.43,14.47,14.13,14.2,24485490,-0.01606740817856444,0.005617992304223274
2003-01-28 00:00:00+05:30,14.14,14.39,14.12,14.28,12757204,0.005617992304223274,-0.022663859577211832
2003-01-29 00:00:00+05:30,14.32,14.32,13.9,13.96,7158875,-0.022663859577211832,-0.0050269405679740625
2003-01-30 00:00:00+05:30,14.12,14.14,13.81,13.89,10739910,-0.0050269405679740625,0.016423075298843536
2003-01-31 00:00:00+05:30,13.92,14.17,13.84,14.12,25901722,0.016423075298843536,0.019635974516858935
2003-02-03 00:00:00+05:30,14.21,14.56,14.12,14.4,10716556,0.019635974516858935,-0.004872964741874437
2003-02-04 00:00:00+05:30,14.25,14.47,12.38,14.33,3168747,-0.004872964741874437,-0.01334758137165372
2003-02-05 00:00:00+05:30,14.03,14.36,14.03,14.14,7641497,-0.01334758137165372,0.0035298307035244387
2003-02-06 00:00:00+05:30,14.21,14.24,13.85,14.19,10842285,0.0035298307035244387,-0.007072165261362374
2003-02-07 00:00:00+05:30,14.16,14.17,14.05,14.09,5917107,-0.007072165261362374,-0.01070292057821105
2003-02-10 00:00:00+05:30,13.99,14.08,13.89,13.94,8484253,-0.01070292057821105,0.0021497679364926646
2003-02-11 00:00:00+05:30,13.79,14.07,13.79,13.97,6195115,0.0021497679364926646,-0.003585518362596885
2003-02-12 00:00:00+05:30,13.84,14.02,13.7,13.92,2839754,-0.003585518362596885,-0.0007186489709220252
2003-02-14 00:00:00+05:30,13.88,13.97,13.8,13.91,3619195,-0.0007186489709220252,0.010014389844403249
2003-02-17 00:00:00+05:30,14.08,14.1,13.95,14.05,2517691,0.010014389844403249,0.006385264688671972
2003-02-18 00:00:00+05:30,14.05,14.17,14.05,14.14,3257532,0.006385264688671972,0.004234304138788164
2003-02-19 00:00:00+05:30,14.2,14.28,14.1,14.2,9132699,0.004234304138788164,-0.009908078224696075
2003-02-20 00:00:00+05:30,14.05,14.1,13.9,14.06,4107397,-0.009908078224696075,0.005673774085907875
2003-02-21 00:00:00+05:30,14.07,14.2,13.99,14.14,3110157,0.005673774085907875,-0.009950330853168092
2003-02-24 00:00:00+05:30,14.31,14.31,13.94,14.0,6993861,-0.009950330853168092,-0.004294924282880841
2003-02-25 00:00:00+05:30,13.97,14.01,13.88,13.94,11506301,-0.004294924282880841,0.012829826732718217
2003-02-26 00:00:00+05:30,13.96,14.17,13.96,14.12,7817537,0.012829826732718217,0.0028288562004778446
2003-02-27 00:00:00+05:30,14.1,14.25,14.07,14.16,9049765,0.0028288562004778446,0.015417264027327033
2003-02-28 00:00:00+05:30,14.21,14.53,14.12,14.38,29894010,0.015417264027327033,-0.0027855171214264235
2003-03-03 00:00:00+05:30,14.48,14.57,14.28,14.34,9146334,-0.0027855171214264235,-0.008403410796379391
2003-03-04 00:00:00+05:30,14.2,14.34,14.12,14.22,4511135,-0.008403410796379391,-0.005641763906668126
2003-03-05 00:00:00+05:30,14.18,14.18,14.04,14.14,8215019,-0.005641763906668126,-0.007809766354057229
2003-03-06 00:00:00+05:30,14.1,14.14,13.94,14.03,4148032,-0.007809766354057229,0.009929159588219641
2003-03-07 00:00:00+05:30,13.99,14.23,13.97,14.17,10010104,0.009929159588219641,-0.0007059654370153107
2003-03-10 00:00:00+05:30,14.1,14.25,14.09,14.16,9307478,-0.0007059654370153107,0.0028208763416412634
2003-03-11 00:00:00+05:30,14.08,14.23,14.05,14.2,4056772,0.0028208763416412634,-0.0028208763416412296
2003-03-12 00:00:00+05:30,14.12,14.23,14.1,14.16,4512170,-0.0028208763416412296,-0.009223194151204143
2003-03-13 00:00:00+05:30,14.36,14.36,13.93,14.03,3122712,-0.009223194151204143,-0.017254202309159156
2003-03-17 00:00:00+05:30,14.01,14.01,13.76,13.79,6787042,-0.017254202309159156,0.005063301956546855
2003-03-19 00:00:00+05:30,13.92,13.99,13.79,13.86,8766761,0.005063301956546855,-0.002166848085090314
2003-03-20 00:00:00+05:30,13.92,13.96,13.82,13.83,5872467,-0.002166848085090314,-0.016770352934660518
2003-03-21 00:00:00+05:30,13.83,13.88,13.58,13.6,9716841,-0.016770352934660518,-0.006639640769898812
2003-03-24 00:00:00+05:30,13.71,13.81,13.44,13.51,5882547,-0.006639640769898812,0.005167970158442598
2003-03-25 00:00:00+05:30,13.51,13.61,13.35,13.58,8418643,0.005167970158442598,0.019687110502797367
2003-03-26 00:00:00+05:30,13.66,13.89,13.51,13.85,9111054,0.019687110502797367,0.0
2003-03-27 00:00:00+05:30,13.83,13.98,13.75,13.85,9595027,0.0,0.006477172699030411
2003-03-28 00:00:00+05:30,13.88,14.02,13.71,13.94,4330281,0.006477172699030411,-0.004313450253719242
2003-03-31 00:00:00+05:30,13.9,13.92,13.75,13.88,4979537,-0.004313450253719242,-0.003608809401991609
2003-04-01 00:00:00+05:30,13.9,13.92,13.78,13.83,3206322,-0.003608809401991609,0.0
2003-04-02 00:00:00+05:30,13.79,13.92,13.68,13.83,2619975,0.0,0.010072027592203723
2003-04-03 00:00:00+05:30,13.81,14.09,13.81,13.97,7213820,0.010072027592203723,0.007843177461025879
2003-04-04 00:00:00+05:30,14.01,14.14,13.95,14.08,13260257,0.007843177461025879,0.03146012685229521
2003-04-07 00:00:00+05:30,14.19,14.74,14.14,14.53,23298306,0.03146012685229521,0.006174976739440978
2003-04-08 00:00:00+05:30,14.54,14.75,14.36,14.62,14957602,0.006174976739440978,-0.004799460704130848
2003-04-09 00:00:00+05:30,14.58,14.64,14.46,14.55,7298284,-0.004799460704130848,0.02242703578744421
2003-04-10 00:00:00+05:30,14.41,14.96,14.41,14.88,19621107,0.02242703578744421,0.0020140993717011856
2003-04-11 00:00:00+05:30,14.81,15.27,14.67,14.91,14564439,0.0020140993717011856,-0.0006709158252335231
2003-04-15 00:00:00+05:30,14.92,15.14,14.82,14.9,11782645,-0.0006709158252335231,0.01729916726281205
2003-04-16 00:00:00+05:30,14.92,15.25,14.92,15.16,11487851,0.01729916726281205,-0.003965636393346954
2003-04-17 00:00:00+05:30,15.05,15.16,14.94,15.1,8567952,-0.003965636393346954,-0.01199214904526387
2003-04-21 00:00:00+05:30,15.14,15.14,14.85,14.92,3730164,-0.01199214904526387,-0.014855100990924184
2003-04-22 00:00:00+05:30,14.92,15.03,14.67,14.7,4066312,-0.014855100990924184,-0.0006805035989046151
2003-04-23 00:00:00+05:30,14.81,14.81,14.56,14.69,6082301,-0.0006805035989046151,-0.002726654722709577
2003-04-24 00:00:00+05:30,14.7,14.74,14.59,14.65,11001224,-0.002726654722709577,0.0034071583216141346
2003-04-25 00:00:00+05:30,14.59,14.81,14.5,14.7,7441789,0.0034071583216141346,0.02153515255129818
2003-04-28 00:00:00+05:30,14.8,15.07,14.72,15.02,8782241,0.02153515255129818,0.005312097484889884
2003-04-29 00:00:00+05:30,15.03,15.23,15.03,15.1,10245543,0.005312097484889884,-0.0006624710411211407
2003-04-30 00:00:00+05:30,15.03,15.14,14.92,15.09,10441742,-0.0006624710411211407,-0.0033189542580638063
2003-05-02 00:00:00+05:30,15.08,15.12,14.81,15.04,12593495,-0.0033189542580638063,-0.0013306721857050613
2003-05-05 00:00:00+05:30,15.09,15.1,14.94,15.02,5852217,-0.0013306721857050613,0.0019953448588961877
2003-05-06 00:00:00+05:30,14.98,15.14,14.91,15.05,8808656,0.0019953448588961877,-0.007335811490213513
2003-05-07 00:00:00+05:30,15.03,15.21,14.84,14.94,17074706,-0.007335811490213513,-0.02096796467263823
2003-05-08 00:00:00+05:30,12.84,14.96,12.82,14.63,12505071,-0.02096796467263823,0.002730377122857327
2003-05-09 00:00:00+05:30,14.7,14.8,14.61,14.67,4333206,0.002730377122857327,0.018906707681805
2003-05-12 00:00:00+05:30,14.63,15.02,14.63,14.95,6761977,0.018906707681805,-0.008733679968754553
2003-05-13 00:00:00+05:30,14.98,15.04,14.77,14.82,3632245,-0.008733679968754553,-0.003379523324652484
2003-05-14 00:00:00+05:30,14.82,14.89,14.72,14.77,9297173,-0.003379523324652484,0.006074942746324657
2003-05-15 00:00:00+05:30,14.76,14.92,14.76,14.86,5682478,0.006074942746324657,0.04022962529536183
2003-05-16 00:00:00+05:30,14.89,15.58,14.87,15.47,23543645,0.04022962529536183,0.004514680354526613
2003-05-19 00:00:00+05:30,15.58,15.93,15.35,15.54,31711505,0.004514680354526613,-0.0032226905107240384
2003-05-20 00:00:00+05:30,15.68,15.8,15.4,15.49,16886112,-0.0032226905107240384,0.007717080098563407
2003-05-21 00:00:00+05:30,15.56,15.83,15.54,15.61,15521674,0.007717080098563407,-0.01810004164361788
2003-05-22 00:00:00+05:30,15.69,16.02,15.27,15.33,11097928,-0.01810004164361788,-0.020429046547734128
2003-05-23 00:00:00+05:30,15.47,15.6,14.92,15.02,42300352,-0.020429046547734128,0.01257045993521279
2003-05-26 00:00:00+05:30,14.85,15.24,14.85,15.21,19019550,0.01257045993521279,0.010464451279302987
2003-05-27 00:00:00+05:30,15.23,15.53,15.05,15.37,21739560,0.010464451279302987,-0.005872773812130032
2003-05-28 00:00:00+05:30,15.41,15.49,15.16,15.28,15020647,-0.005872773812130032,-0.004591677467172875
2003-05-29 00:00:00+05:30,15.29,15.36,15.12,15.21,28051855,-0.004591677467172875,0.00851068966790861
2003-05-30 00:00:00+05:30,15.19,15.47,15.18,15.34,18908716,0.00851068966790861,0.012309841221485575
2003-06-02 00:00:00+05:30,15.28,15.97,15.28,15.53,35043422,0.012309841221485575,-0.027416860875947524
2003-06-03 00:00:00+05:30,15.56,15.65,15.06,15.11,20128839,-0.027416860875947524,-0.00597412994865956
2003-06-04 00:00:00+05:30,14.92,15.22,14.85,15.02,20944504,-0.00597412994865956,0.015852379520322257
2003-06-05 00:00:00+05:30,15.2,15.33,15.1,15.26,18324259,0.015852379520322257,0.02267670867102972
2003-06-06 00:00:00+05:30,15.36,15.69,15.29,15.61,28057570,0.02267670867102972,0.010197666447606411
2003-06-09 00:00:00+05:30,15.69,16.02,15.69,15.77,25225331,0.010197666447606411,-0.010838486719455594
2003-06-10 00:00:00+05:30,15.71,16.02,15.5,15.6,25362985,-0.010838486719455594,-0.007722046093910278
2003-06-11 00:00:00+05:30,15.68,15.78,15.36,15.48,14880068,-0.007722046093910278,0.018560532813365917
2003-06-12 00:00:00+05:30,15.6,15.82,15.58,15.77,17239720,0.018560532813365917,-0.003811948707417186
2003-06-13 00:00:00+05:30,15.83,16.0,15.62,15.71,21601996,-0.003811948707417186,-0.005745307855990003
2003-06-16 00:00:00+05:30,15.8,15.83,15.47,15.62,9292628,-0.005745307855990003,0.010824683856010781
2003-06-17 00:00:00+05:30,15.69,15.83,15.69,15.79,16903617,0.010824683856010781,0.02006336892133233
2003-06-18 00:00:00+05:30,15.91,16.28,15.85,16.11,36876217,0.02006336892133233,0.00680485149838379
2003-06-19 00:00:00+05:30,16.24,16.38,16.05,16.22,22442726,0.00680485149838379,0.01347234094076712
2003-06-20 00:00:00+05:30,16.22,16.53,16.15,16.44,33316871,0.01347234094076712,0.0036429912785010087
2003-06-23 00:00:00+05:30,16.57,16.68,16.42,16.5,26377324,0.0036429912785010087,-0.01896661321699106
2003-06-24 00:00:00+05:30,16.13,16.46,15.91,16.19,16416359,-0.01896661321699106,0.014106336334738501
2003-06-25 00:00:00+05:30,16.29,16.48,16.29,16.42,20743130,0.014106336334738501,0.03294697522185252
2003-06-26 00:00:00+05:30,16.46,17.1,16.46,16.97,50564421,0.03294697522185252,-0.008878424701332849
2003-06-27 00:00:00+05:30,17.02,17.1,16.71,16.82,19180964,-0.008878424701332849,0.00828897581895508
2003-06-30 00:00:00+05:30,16.86,17.17,16.84,16.96,23666044,0.00828897581895508,-0.01844741393730431
2003-07-01 00:00:00+05:30,16.99,17.01,16.6,16.65,9922940,-0.01844741393730431,0.008373254662996606
2003-07-02 00:00:00+05:30,16.67,16.88,16.67,16.79,12462096,0.008373254662996606,-0.0035799560907167796
2003-07-03 00:00:00+05:30,16.69,17.08,16.66,16.73,22665880,-0.0035799560907167796,0.01777297967586437
2003-07-04 00:00:00+05:30,16.79,17.28,16.79,17.03,25184246,0.01777297967586437,-0.005889298529553069
2003-07-07 00:00:00+05:30,17.17,17.19,16.83,16.93,7181150,-0.005889298529553069,0.011744116190984555
2003-07-08 00:00:00+05:30,16.91,17.33,16.91,17.13,27426224,0.011744116190984555,-0.004681108606502688
2003-07-09 00:00:00+05:30,17.19,17.19,16.91,17.05,12157313,-0.004681108606502688,-0.010020714561714888
2003-07-10 00:00:00+05:30,16.91,17.15,16.73,16.88,19738916,-0.010020714561714888,-0.008328424106481852
2003-07-11 00:00:00+05:30,16.93,17.02,16.62,16.74,15768228,-0.008328424106481852,-0.002392345638619824
2003-07-14 00:00:00+05:30,16.64,16.79,16.54,16.7,10214133,-0.002392345638619824,-0.024857296808755643
2003-07-15 00:00:00+05:30,16.75,16.84,16.2,16.29,17440014,-0.024857296808755643,0.023658974316646986
2003-07-16 00:00:00+05:30,16.46,16.75,16.29,16.68,11133433,0.023658974316646986,-0.0024009615375381503
2003-07-17 00:00:00+05:30,16.79,16.79,16.47,16.64,16243695,-0.0024009615375381503,-0.010876240144138799
2003-07-18 00:00:00+05:30,16.44,16.66,16.24,16.46,10485707,-0.010876240144138799,-0.024601486730308233
2003-07-21 00:00:00+05:30,16.13,16.57,15.94,16.06,6744472,-0.024601486730308233,-0.0056197462916944595
2003-07-22 00:00:00+05:30,16.02,16.35,15.8,15.97,11837229,-0.0056197462916944595,0.004996887349103764
2003-07-23 00:00:00+05:30,16.33,16.33,15.98,16.05,5883672,0.004996887349103764,0.022791254448257272
2003-07-24 00:00:00+05:30,16.04,16.56,15.98,16.42,14379715,0.022791254448257272,-0.00979199990461765
2003-07-25 00:00:00+05:30,15.25,17.46,15.25,16.26,19952260,-0.00979199990461765,0.0061312270549363805
2003-07-28 00:00:00+05:30,16.55,16.55,16.29,16.36,15620269,0.0061312270549363805,-0.0018354241922273582
2003-07-29 00:00:00+05:30,16.4,16.4,16.1,16.33,14352176,-0.0018354241922273582,-0.017295057406348697
2003-07-30 00:00:00+05:30,16.35,16.42,15.92,16.05,15493099,-0.017295057406348697,-0.011908633369323013
2003-07-31 00:00:00+05:30,16.07,16.13,15.78,15.86,30079904,-0.011908633369323013,0.003775964209535136
2003-08-01 00:00:00+05:30,15.94,16.08,15.89,15.92,20737550,0.003775964209535136,0.012484556662245277
2003-08-04 00:00:00+05:30,16.02,16.29,15.98,16.12,12329212,0.012484556662245277,0.003096936510533191
2003-08-05 00:00:00+05:30,16.31,16.57,16.09,16.17,34699624,0.003096936510533191,0.0
2003-08-06 00:00:00+05:30,16.24,16.36,16.07,16.17,15844187,0.0,0.009233675946945304
2003-08-07 00:00:00+05:30,16.29,16.51,16.11,16.32,28237794,0.009233675946945304,0.030771658666753472
2003-08-08 00:00:00+05:30,16.46,16.93,16.4,16.83,31735220,0.030771658666753472,0.008873172680486726
2003-08-11 00:00:00+05:30,16.84,17.27,16.79,16.98,23936718,0.008873172680486726,0.004700361180331614
2003-08-12 00:00:00+05:30,17.05,17.19,16.89,17.06,16406369,0.004700361180331614,-0.0017600473889360546
2003-08-13 00:00:00+05:30,17.02,17.17,16.76,17.03,15000352,-0.0017600473889360546,-0.010032542100887592
2003-08-14 00:00:00+05:30,17.12,17.21,16.78,16.86,14700294,-0.010032542100887592,0.010032542100887647
2003-08-18 00:00:00+05:30,16.94,17.06,16.72,17.03,12611270,0.010032542100887647,-0.0029403137913956512
2003-08-19 00:00:00+05:30,17.17,17.17,16.84,16.98,14169702,-0.0029403137913956512,-0.005906691715390244
2003-08-20 00:00:00+05:30,17.08,17.08,16.77,16.88,13346431,-0.005906691715390244,0.026886482184584767
2003-08-21 00:00:00+05:30,16.97,17.47,16.91,17.34,25259981,0.026886482184584767,0.029547604095957067
2003-08-22 00:00:00+05:30,17.5,18.08,17.46,17.86,41288352,0.029547604095957067,-0.04348511193973866
2003-08-25 00:00:00+05:30,18.12,18.17,16.87,17.1,29887035,-0.04348511193973866,0.024835235424528975
2003-08-26 00:00:00+05:30,17.32,17.85,17.24,17.53,22296387,0.024835235424528975,0.020328198587484584
2003-08-27 00:00:00+05:30,17.78,17.93,17.58,17.89,17173300,0.020328198587484584,0.008903787258262193
2003-08-28 00:00:00+05:30,17.9,18.17,17.66,18.05,25475934,0.008903787258262193,0.01866135383733975
2003-08-29 00:00:00+05:30,18.21,18.5,18.08,18.39,22141273,0.01866135383733975,0.027883844054136336
2003-09-01 00:00:00+05:30,18.56,19.03,18.56,18.91,19784411,0.027883844054136336,-0.0068984088902492345
2003-09-02 00:00:00+05:30,18.96,19.03,18.6,18.78,13254902,-0.0068984088902492345,-0.019898478535130416
2003-09-03 00:00:00+05:30,18.83,18.96,18.3,18.41,11976819,-0.019898478535130416,-0.028093282398277273
2003-09-04 00:00:00+05:30,18.56,18.56,17.79,17.9,18684797,-0.028093282398277273,0.03188835336682881
2003-09-05 00:00:00+05:30,18.08,18.65,18.03,18.48,17573888,0.03188835336682881,0.017699577099400857
2003-09-08 00:00:00+05:30,18.45,18.87,18.45,18.81,15604969,0.017699577099400857,-0.0291282729230236
2003-09-09 00:00:00+05:30,18.89,18.92,18.12,18.27,12746854,-0.0291282729230236,0.016825362995777127
2003-09-10 00:00:00+05:30,18.34,18.67,18.19,18.58,8793446,0.016825362995777127,-0.025069432770858987
2003-09-11 00:00:00+05:30,18.56,18.76,18.01,18.12,14024397,-0.025069432770858987,-0.018942070529074737
2003-09-12 00:00:00+05:30,18.22,18.45,17.68,17.78,12579140,-0.018942070529074737,-0.014160531152615412
2003-09-15 00:00:00+05:30,17.66,17.9,17.41,17.53,10350078,-0.014160531152615412,0.004553223574971525
2003-09-16 00:00:00+05:30,17.44,17.93,17.24,17.61,29554262,0.004553223574971525,-0.016605019373825573
2003-09-17 00:00:00+05:30,17.81,17.81,17.24,17.32,17950941,-0.016605019373825573,-0.012198815230187012
2003-09-18 00:00:00+05:30,17.29,17.45,17.02,17.11,9429608,-0.012198815230187012,0.02652981429490371
2003-09-19 00:00:00+05:30,17.35,17.79,17.15,17.57,15644703,0.02652981429490371,-0.018960636963458895
2003-09-22 00:00:00+05:30,17.75,17.77,17.23,17.24,10926704,-0.018960636963458895,0.01268028517590921
2003-09-23 00:00:00+05:30,17.13,17.52,17.08,17.46,8997745,0.01268028517590921,0.037655474355303406
2003-09-24 00:00:00+05:30,17.63,18.23,17.4,18.13,20077989,0.037655474355303406,-0.011092737149718122
2003-09-25 00:00:00+05:30,17.7,18.3,17.7,17.93,15838832,-0.011092737149718122,0.011644157069949188
2003-09-26 00:00:00+05:30,18.05,18.21,17.86,18.14,10734015,0.011644157069949188,-0.008859415643516347
2003-09-29 00:00:00+05:30,18.08,18.24,17.9,17.98,5704303,-0.008859415643516347,-0.015695389463690774
2003-09-30 00:00:00+05:30,18.09,18.14,17.57,17.7,14359421,-0.015695389463690774,0.011794576492837097
2003-10-01 00:00:00+05:30,17.83,18.01,17.68,17.91,8083035,0.011794576492837097,-0.001117318551992648
2003-10-03 00:00:00+05:30,17.92,18.16,17.79,17.89,14087937,-0.001117318551992648,0.035688662617081306
2003-10-06 00:00:00+05:30,18.03,18.65,17.97,18.54,24632009,0.035688662617081306,-0.0005395198404405834
2003-10-07 00:00:00+05:30,18.62,18.93,18.43,18.53,23548190,-0.0005395198404405834,0.005382144316228501
2003-10-08 00:00:00+05:30,18.74,18.76,18.46,18.63,12682550,0.005382144316228501,0.041530278249681946
2003-10-09 00:00:00+05:30,18.78,19.54,18.67,19.42,23149267,0.041530278249681946,0.011773875452091178
2003-10-10 00:00:00+05:30,19.45,19.84,19.43,19.65,13701119,0.011773875452091178,0.01665443490513731
2003-10-13 00:00:00+05:30,19.58,20.11,19.49,19.98,16321050,0.01665443490513731,-0.03049016675778739
2003-10-14 00:00:00+05:30,20.11,20.15,19.14,19.38,15633319,-0.03049016675778739,0.007197974522326264
2003-10-15 00:00:00+05:30,19.52,19.78,18.95,19.52,14108232,0.007197974522326264,0.014242356715543168
2003-10-16 00:00:00+05:30,19.67,19.96,19.48,19.8,13351876,0.014242356715543168,-0.011684156292504709
2003-10-17 00:00:00+05:30,19.71,19.89,19.34,19.57,11281617,-0.011684156292504709,-0.010788699559553947
2003-10-20 00:00:00+05:30,19.56,19.67,19.31,19.36,11068499,-0.010788699559553947,-0.004140792666031277
2003-10-21 00:00:00+05:30,19.23,19.45,18.98,19.28,14747768,-0.004140792666031277,0.004140792666031387
2003-10-22 00:00:00+05:30,19.25,19.45,19.12,19.36,11785795,0.004140792666031387,-0.03254880503815486
2003-10-23 00:00:00+05:30,19.36,19.36,18.57,18.74,11102113,-0.03254880503815486,0.011671220016599839
2003-10-24 00:00:00+05:30,18.75,19.05,18.57,18.96,8446858,0.011671220016599839,0.00840341079637938
2003-10-27 00:00:00+05:30,19.31,19.44,19.0,19.12,11965614,0.00840341079637938,0.0036544023963532768
2003-10-28 00:00:00+05:30,19.07,19.34,19.03,19.19,11257543,0.0036544023963532768,-0.006272890407280862
2003-10-29 00:00:00+05:30,19.4,19.4,18.67,19.07,32704695,-0.006272890407280862,-0.003151263111989851
2003-10-30 00:00:00+05:30,19.05,19.12,18.94,19.01,12217477,-0.003151263111989851,0.007337559126316948
2003-10-31 00:00:00+05:30,19.0,19.36,19.0,19.15,11310642,0.007337559126316948,0.02271651632979437
2003-11-03 00:00:00+05:30,19.34,19.69,19.12,19.59,17924346,0.02271651632979437,0.015197860909431522
2003-11-04 00:00:00+05:30,19.67,20.02,19.67,19.89,18856786,0.015197860909431522,-0.012648789939560956
2003-11-05 00:00:00+05:30,19.78,20.1,19.5,19.64,23321346,-0.012648789939560956,-0.013326696463699701
2003-11-06 00:00:00+05:30,19.6,19.71,19.34,19.38,12835729,-0.013326696463699701,-0.015076968724963915
2003-11-07 00:00:00+05:30,19.38,19.42,18.92,19.09,14013822,-0.015076968724963915,-0.0020975361649462334
2003-11-10 00:00:00+05:30,19.12,19.23,18.68,19.05,8620647,-0.0020975361649462334,0.003667806050545353
2003-11-11 00:00:00+05:30,19.27,19.27,19.05,19.12,15254196,0.003667806050545353,-0.01687803778735175
2003-11-12 00:00:00+05:30,19.27,19.31,18.65,18.8,10532912,-0.01687803778735175,0.003716489544555318
2003-11-13 00:00:00+05:30,19.0,19.0,18.74,18.87,12760219,0.003716489544555318,0.0010593221329593383
2003-11-14 00:00:00+05:30,18.83,18.97,18.78,18.89,14852393,0.0010593221329593383,0.005279843310776136
2003-11-17 00:00:00+05:30,18.9,19.15,18.85,18.99,5614394,0.005279843310776136,0.005252112913461765
2003-11-18 00:00:00+05:30,19.14,19.23,18.96,19.09,8096715,0.005252112913461765,0.006786765804490108
2003-11-19 00:00:00+05:30,19.23,19.31,18.83,19.22,7716602,0.006786765804490108,-0.009934722234088244
2003-11-20 00:00:00+05:30,19.32,19.6,18.83,19.03,13357501,-0.009934722234088244,0.014088414602781613
2003-11-21 00:00:00+05:30,19.06,19.4,18.78,19.3,11710240,0.014088414602781613,-0.015666116744399463
2003-11-24 00:00:00+05:30,19.38,19.45,18.95,19.0,7109465,-0.015666116744399463,-0.005277057100843893
2003-11-25 00:00:00+05:30,19.11,19.16,18.82,18.9,8741201,-0.005277057100843893,0.0
2003-11-27 00:00:00+05:30,18.9,19.09,18.7,18.9,19232489,0.0,0.0026420094628387975
2003-11-28 00:00:00+05:30,18.78,19.18,18.78,18.95,11492891,0.0026420094628387975,0.01674555089783964
2003-12-01 00:00:00+05:30,19.2,19.34,18.94,19.27,18404178,0.01674555089783964,0.005692124036345226
2003-12-02 00:00:00+05:30,19.34,19.58,19.18,19.38,14490865,0.005692124036345226,-0.0020661164374718927
2003-12-03 00:00:00+05:30,19.4,19.73,19.25,19.34,16524899,-0.0020661164374718927,0.0280416028407326
2003-12-04 00:00:00+05:30,19.38,20.11,19.33,19.89,25942672,0.0280416028407326,0.011994146785819242
2003-12-05 00:00:00+05:30,20.0,20.6,20.0,20.13,34447760,0.011994146785819242,0.002480775273762845
2003-12-08 00:00:00+05:30,20.05,20.4,20.04,20.18,17136625,0.002480775273762845,0.03887758804268816
2003-12-09 00:00:00+05:30,20.22,21.1,20.22,20.98,35892927,0.03887758804268816,0.030049209242911115
2003-12-10 00:00:00+05:30,21.21,21.87,21.1,21.62,41172613,0.030049209242911115,-0.005100868931423484
2003-12-11 00:00:00+05:30,21.66,21.75,20.99,21.51,18712427,-0.005100868931423484,-0.0065298739485824845
2003-12-12 00:00:00+05:30,20.66,21.55,20.4,21.37,11082269,-0.0065298739485824845,0.028144879644419113
2003-12-15 00:00:00+05:30,21.44,22.07,21.41,21.98,13353721,0.028144879644419113,0.03662758698491971
2003-12-16 00:00:00+05:30,22.03,22.97,21.72,22.8,33898133,0.03662758698491971,-0.01859283307661597
2003-12-17 00:00:00+05:30,22.89,22.89,22.12,22.38,17478398,-0.01859283307661597,-0.024882532321926627
2003-12-18 00:00:00+05:30,22.43,22.43,21.77,21.83,16271640,-0.024882532321926627,0.0004579803148518966
2003-12-19 00:00:00+05:30,22.16,22.34,21.7,21.84,14029392,0.0004579803148518966,-0.0018331810816609605
2003-12-22 00:00:00+05:30,21.94,21.97,21.69,21.8,6052196,-0.0018331810816609605,-0.011070223754247033
2003-12-23 00:00:00+05:30,21.88,21.97,21.46,21.56,7598883,-0.011070223754247033,0.0013904984859196875
2003-12-24 00:00:00+05:30,21.97,21.97,21.4,21.59,17609033,0.0013904984859196875,-0.0018544279769591354
2003-12-26 00:00:00+05:30,21.77,21.94,21.39,21.55,9591067,-0.0018544279769591354,0.020211988016912878
2003-12-29 00:00:00+05:30,21.81,22.36,21.5,21.99,22224612,0.020211988016912878,-0.011433922873606478
2003-12-30 00:00:00+05:30,22.03,22.28,21.55,21.74,22348812,-0.011433922873606478,-0.00046008742472504764
2003-12-31 00:00:00+05:30,21.77,21.94,21.66,21.73,16037506,-0.00046008742472504764,0.01143915470713707
2004-01-01 00:00:00+05:30,21.88,22.21,21.68,21.98,24298426,0.01143915470713707,0.027816957302764855
2004-01-02 00:00:00+05:30,21.99,22.76,21.99,22.6,36204955,0.027816957302764855,0.036920588614048074
2004-01-05 00:00:00+05:30,23.09,23.6,22.45,23.45,40531637,0.036920588614048074,-0.02591937755207453
2004-01-06 00:00:00+05:30,23.54,23.73,22.54,22.85,18303874,-0.02591937755207453,-0.00879126541117077
2004-01-07 00:00:00+05:30,22.56,22.87,22.22,22.65,15797388,-0.00879126541117077,0.04910547238582323
2004-01-08 00:00:00+05:30,22.76,23.97,22.7,23.79,26131266,0.04910547238582323,0.008371752536736839
2004-01-09 00:00:00+05:30,24.09,24.53,23.58,23.99,28999370,0.008371752536736839,0.025922043904704407
2004-01-12 00:00:00+05:30,24.2,24.85,23.56,24.62,24394140,0.025922043904704407,-0.011848963960876356
2004-01-13 00:00:00+05:30,24.37,24.68,23.89,24.33,16241130,-0.011848963960876356,0.029562792672490974
2004-01-14 00:00:00+05:30,24.55,25.13,23.65,25.06,19711736,0.029562792672490974,0.0015948966698159737
2004-01-15 00:00:00+05:30,25.24,25.79,24.86,25.1,29235034,0.0015948966698159737,-0.012830969936741824
2004-01-16 00:00:00+05:30,25.19,25.28,24.53,24.78,16112116,-0.012830969936741824,0.016410214163522497
2004-01-19 00:00:00+05:30,24.86,25.44,24.56,25.19,14334311,0.016410214163522497,-0.016813846863250714
2004-01-20 00:00:00+05:30,25.3,25.5,24.42,24.77,17474258,-0.016813846863250714,-0.01341210919787355
2004-01-21 00:00:00+05:30,26.5,26.5,24.2,24.44,19704716,-0.01341210919787355,-0.02401771763362456
2004-01-22 00:00:00+05:30,24.53,24.84,23.62,23.86,20333273,-0.02401771763362456,-0.04807792834738015
2004-01-23 00:00:00+05:30,23.87,24.08,21.93,22.74,45174801,-0.04807792834738015,0.02346913454084731
2004-01-27 00:00:00+05:30,23.16,23.62,22.43,23.28,20030874,0.02346913454084731,-0.034523856892012865
2004-01-28 00:00:00+05:30,23.0,23.46,22.22,22.49,14008242,-0.034523856892012865,0.01061487189322755
2004-01-29 00:00:00+05:30,22.55,23.2,22.45,22.73,32268692,0.01061487189322755,-0.003525785935408897
2004-01-30 00:00:00+05:30,23.09,23.2,22.43,22.65,10189788,-0.003525785935408897,-0.013781058287988313
2004-02-03 00:00:00+05:30,22.54,23.14,21.63,22.34,17096125,-0.013781058287988313,-0.00944463957809645
2004-02-04 00:00:00+05:30,22.34,22.7,21.99,22.13,17592923,-0.00944463957809645,-0.027022482334715797
2004-02-05 00:00:00+05:30,22.32,22.32,21.46,21.54,15341090,-0.027022482334715797,0.015661305825538006
2004-02-06 00:00:00+05:30,21.65,22.12,21.52,21.88,18761161,0.015661305825538006,0.005469475804535476
2004-02-09 00:00:00+05:30,21.63,22.3,21.63,22.0,14173302,0.005469475804535476,0.009049835519917856
2004-02-10 00:00:00+05:30,22.16,22.43,21.99,22.2,22252827,0.009049835519917856,0.004942719566207444
2004-02-11 00:00:00+05:30,22.41,22.41,22.01,22.31,15670803,0.004942719566207444,0.0
2004-02-12 00:00:00+05:30,22.21,22.6,22.21,22.31,16875177,0.0,0.047701013919214545
2004-02-13 00:00:00+05:30,22.54,23.46,22.3,23.4,31623126,0.047701013919214545,0.011049836186584935
2004-02-16 00:00:00+05:30,23.38,23.95,23.36,23.66,14588874,0.011049836186584935,0.008836581800497944
2004-02-17 00:00:00+05:30,23.6,24.11,23.43,23.87,19207424,0.008836581800497944,-0.0004190236809687515
2004-02-18 00:00:00+05:30,24.08,24.09,23.29,23.86,22644640,-0.0004190236809687515,-0.0008385744726210274
2004-02-19 00:00:00+05:30,23.87,24.02,23.69,23.84,24485535,-0.0008385744726210274,0.011261849995930676
2004-02-20 00:00:00+05:30,22.67,24.26,22.67,24.11,19065720,0.011261849995930676,-0.0012450717524594265
2004-02-23 00:00:00+05:30,24.09,24.44,23.87,24.08,15819887,-0.0012450717524594265,0.020551483697268415
2004-02-24 00:00:00+05:30,24.24,24.77,23.7,24.58,23835468,0.020551483697268415,-0.03308821287525289
2004-02-25 00:00:00+05:30,24.32,24.53,23.67,23.78,8687517,-0.03308821287525289,0.014196480596348895
2004-02-26 00:00:00+05:30,23.54,24.47,23.54,24.12,16338555,0.014196480596348895,0.008257685238981637
2004-02-27 00:00:00+05:30,24.18,24.53,24.02,24.32,8716947,0.008257685238981637,0.03554493741941129
2004-03-01 00:00:00+05:30,24.31,25.32,24.09,25.2,18363903,0.03554493741941129,0.029712897318511733
2004-03-03 00:00:00+05:30,25.19,26.3,24.78,25.96,18399408,0.029712897318511733,-0.00851068966790873
2004-03-04 00:00:00+05:30,25.86,26.03,25.46,25.74,10794045,-0.00851068966790873,0.00155279534306082
2004-03-05 00:00:00+05:30,25.46,26.07,25.46,25.78,10482287,0.00155279534306082,0.008112851142357375
2004-03-08 00:00:00+05:30,25.79,26.22,25.64,25.99,8538343,0.008112851142357375,-0.0061752415456497725
2004-03-09 00:00:00+05:30,25.77,26.08,25.59,25.83,10944884,-0.0061752415456497725,0.002320186655697126
2004-03-10 00:00:00+05:30,25.77,26.12,25.41,25.89,12090713,0.002320186655697126,-0.020289420152255738
2004-03-11 00:00:00+05:30,25.72,25.81,25.19,25.37,15297215,-0.020289420152255738,-0.011895461440988535
2004-03-12 00:00:00+05:30,25.3,25.37,24.92,25.07,10955909,-0.011895461440988535,-0.029961755374770856
2004-03-15 00:00:00+05:30,25.3,25.3,24.11,24.33,11305062,-0.029961755374770856,-0.022865265532795345
2004-03-16 00:00:00+05:30,24.15,24.31,23.07,23.78,20762120,-0.022865265532795345,0.014196480596348895
2004-03-17 00:00:00+05:30,23.87,24.31,23.25,24.12,23530010,0.014196480596348895,-0.004987541511039162
2004-03-18 00:00:00+05:30,24.09,24.28,23.69,24.0,6596873,-0.004987541511039162,-0.014690715410003706
2004-03-19 00:00:00+05:30,23.84,23.84,23.45,23.65,9640701,-0.014690715410003706,0.0021119332031435513
2004-03-22 00:00:00+05:30,23.69,23.95,23.49,23.7,12755944,0.0021119332031435513,0.005889794056063614
2004-03-23 00:00:00+05:30,23.54,23.98,23.54,23.84,10936064,0.005889794056063614,-0.010965947087924196
2004-03-24 00:00:00+05:30,23.95,24.2,23.49,23.58,10765920,-0.010965947087924196,0.0016949156599915041
2004-03-25 00:00:00+05:30,23.45,23.99,23.45,23.62,11692690,0.0016949156599915041,0.002114612756676328
2004-03-26 00:00:00+05:30,23.91,24.06,23.21,23.67,10627771,0.002114612756676328,-0.0038095284166678417
2004-03-29 00:00:00+05:30,23.76,23.8,23.39,23.58,4640374,-0.0038095284166678417,-0.01581567482287914
2004-03-30 00:00:00+05:30,23.71,23.71,23.1,23.21,8534113,-0.01581567482287914,-0.006917450843688167
2004-03-31 00:00:00+05:30,22.77,23.36,22.77,23.05,13031748,-0.006917450843688167,0.03746713247762429
2004-04-01 00:00:00+05:30,23.27,24.11,22.98,23.93,11635901,0.03746713247762429,0.0033375083128800304
2004-04-02 00:00:00+05:30,24.09,24.26,23.81,24.01,8806991,0.0033375083128800304,0.003326406393618035
2004-04-05 00:00:00+05:30,23.42,24.35,23.42,24.09,8020485,0.003326406393618035,-0.005411043379531381
2004-04-06 00:00:00+05:30,24.09,24.28,23.87,23.96,5682298,-0.005411043379531381,0.007484442422136813
2004-04-07 00:00:00+05:30,23.98,24.33,23.84,24.14,8180370,0.007484442422136813,-0.002073399042605483
2004-04-08 00:00:00+05:30,23.89,24.24,22.56,24.09,9668061,-0.002073399042605483,-0.01337253525467742
2004-04-12 00:00:00+05:30,24.2,24.31,23.65,23.77,5949102,-0.01337253525467742,0.009629548975843047
2004-04-13 00:00:00+05:30,23.71,24.18,23.31,24.0,7346524,0.009629548975843047,0.0016652793190612488
2004-04-15 00:00:00+05:30,24.0,24.31,23.97,24.04,12583055,0.0016652793190612488,-0.0008322930151693469
2004-04-16 00:00:00+05:30,23.43,24.2,23.43,24.02,6415479,-0.0008322930151693469,0.0
2004-04-19 00:00:00+05:30,23.98,24.18,23.78,24.02,7624353,0.0,-0.010041925389201638
2004-04-20 00:00:00+05:30,24.09,24.09,23.65,23.78,5017607,-0.010041925389201638,0.0029393260717144004
2004-04-21 00:00:00+05:30,23.76,24.04,23.56,23.85,10163599,0.0029393260717144004,0.0008382230163884294
2004-04-22 00:00:00+05:30,24.2,24.2,23.65,23.87,4813623,0.0008382230163884294,0.00041884817366257844
2004-04-23 00:00:00+05:30,23.62,24.13,23.56,23.88,8679462,0.00041884817366257844,-0.02201613056437505
2004-04-27 00:00:00+05:30,22.6,24.08,22.6,23.36,20364187,-0.02201613056437505,0.0008557980838960213
2004-04-28 00:00:00+05:30,23.24,23.87,22.98,23.38,13312411,0.0008557980838960213,0.00766940273946349
2004-04-29 00:00:00+05:30,23.2,23.98,22.98,23.56,15146961,0.00766940273946349,0.00971496553148047
2004-04-30 00:00:00+05:30,22.98,24.2,22.98,23.79,6964971,0.00971496553148047,-0.0033684242375521057
2004-05-03 00:00:00+05:30,23.69,24.02,23.25,23.71,11546531,-0.0033684242375521057,-0.009747905117418394
2004-05-04 00:00:00+05:30,23.65,23.73,23.31,23.48,11734270,-0.009747905117418394,-0.005123836999869395
2004-05-05 00:00:00+05:30,23.45,23.56,23.27,23.36,20613081,-0.005123836999869395,-0.009462436194495747
2004-05-06 00:00:00+05:30,23.56,23.56,23.09,23.14,26460574,-0.009462436194495747,-0.016558112507400323
2004-05-07 00:00:00+05:30,22.87,23.09,22.54,22.76,10300893,-0.016558112507400323,-0.029879591826104463
2004-05-10 00:00:00+05:30,22.1,22.76,21.77,22.09,13719569,-0.029879591826104463,-0.06740969802498406
2004-05-11 00:00:00+05:30,21.66,21.99,20.48,20.65,21976664,-0.06740969802498406,-0.0014538408182277773
2004-05-12 00:00:00+05:30,20.44,20.94,20.29,20.62,14534155,-0.0014538408182277773,0.020639081539576543
2004-05-13 00:00:00+05:30,20.36,21.46,19.34,21.05,17066381,0.020639081539576543,-0.038252061307853046
2004-05-14 00:00:00+05:30,21.21,21.53,19.89,20.26,21813810,-0.038252061307853046,-0.10284093279453344
2004-05-17 00:00:00+05:30,20.22,20.36,17.95,18.28,13282846,-0.10284093279453344,0.09092420786107049
2004-05-18 00:00:00+05:30,18.78,21.6,18.23,20.02,15351845,0.09092420786107049,-0.007520717323348958
2004-05-19 00:00:00+05:30,20.44,20.81,18.56,19.87,11901759,-0.007520717323348958,-0.012661602426508479
2004-05-20 00:00:00+05:30,19.34,19.89,19.12,19.62,12376146,-0.012661602426508479,0.010646488394487485
2004-05-21 00:00:00+05:30,19.34,19.91,19.23,19.83,11214883,0.010646488394487485,-0.05760347148225861
2004-06-23 00:00:00+05:30,19.01,19.05,18.3,18.72,13863523,-0.05760347148225861,0.015898586067798204
2004-06-24 00:00:00+05:30,18.76,19.12,18.67,19.02,21687585,0.015898586067798204,0.007333715425470193
2004-06-25 00:00:00+05:30,18.96,19.45,18.83,19.16,8528443,0.007333715425470193,0.004686288191078707
2004-06-28 00:00:00+05:30,19.25,19.4,19.0,19.25,7237535,0.004686288191078707,0.0067305457288269225
2004-06-29 00:00:00+05:30,19.23,19.54,19.02,19.38,7029096,0.0067305457288269225,0.011287959773851575
2004-06-30 00:00:00+05:30,19.42,19.76,19.23,19.6,8569842,0.011287959773851575,0.0
2004-07-01 00:00:00+05:30,19.56,19.85,19.46,19.6,11077409,0.0,0.024692612590371414
2004-07-02 00:00:00+05:30,19.65,20.29,19.56,20.09,10454162,0.024692612590371414,0.00743866559242172
2004-07-05 00:00:00+05:30,19.93,20.33,19.93,20.24,6412824,0.00743866559242172,0.023438572972017596
2004-07-06 00:00:00+05:30,20.31,20.92,20.01,20.72,10028869,0.023438572972017596,0.029015115091976806
2004-07-07 00:00:00+05:30,20.86,21.7,20.67,21.33,22997843,0.029015115091976806,0.013966707481708321
2004-07-08 00:00:00+05:30,21.21,22.76,21.21,21.63,30188263,0.013966707481708321,0.07179369201874299
2004-07-09 00:00:00+05:30,20.89,23.33,20.89,23.24,32740244,0.07179369201874299,0.0021491519125391434
2004-07-12 00:00:00+05:30,23.24,23.51,22.88,23.29,15417995,0.0021491519125391434,-0.00862446052984566
2004-07-13 00:00:00+05:30,23.31,23.49,22.76,23.09,8523898,-0.00862446052984566,-0.03660827751900513
2004-07-14 00:00:00+05:30,23.42,23.42,22.17,22.26,12415566,-0.03660827751900513,-0.013113459450880105
2004-07-15 00:00:00+05:30,21.92,22.87,21.88,21.97,18676697,-0.013113459450880105,0.03004036693846338
2004-07-16 00:00:00+05:30,21.97,22.72,21.97,22.64,14709834,0.03004036693846338,-0.007982304024685008
2004-07-19 00:00:00+05:30,22.43,22.73,22.12,22.46,10107304,-0.007982304024685008,-0.020693495951981302
2004-07-20 00:00:00+05:30,22.54,22.54,21.95,22.0,10703596,-0.020693495951981302,-0.0022753138371355394
2004-07-21 00:00:00+05:30,22.01,22.1,21.77,21.95,14824538,-0.0022753138371355394,-0.008693717533438403
2004-07-22 00:00:00+05:30,22.19,22.19,21.66,21.76,10077964,-0.008693717533438403,0.01686073207521627
2004-07-23 00:00:00+05:30,21.72,22.32,21.68,22.13,15830147,0.01686073207521627,0.049370977970407126
2004-07-26 00:00:00+05:30,22.1,23.31,21.99,23.25,21627736,0.049370977970407126,-0.0008605852510475396
2004-07-27 00:00:00+05:30,23.25,23.31,23.04,23.23,17547698,-0.0008605852510475396,-0.015181380270720697
2004-07-28 00:00:00+05:30,23.06,23.2,22.81,22.88,13159862,-0.015181380270720697,0.010867309731750565
2004-07-29 00:00:00+05:30,22.85,23.25,22.43,23.13,16187400,0.010867309731750565,-0.008684379373534709
2004-07-30 00:00:00+05:30,23.25,23.25,22.64,22.93,14949637,-0.008684379373534709,-0.003932712082003571
2004-08-02 00:00:00+05:30,22.92,22.94,22.65,22.84,5972952,-0.003932712082003571,-0.020345681904030334
2004-08-03 00:00:00+05:30,22.87,22.97,22.23,22.38,22225467,-0.020345681904030334,0.023842188962759657
2004-08-04 00:00:00+05:30,22.43,23.01,22.32,22.92,12941028,0.023842188962759657,0.009120584396808856
2004-08-05 00:00:00+05:30,22.98,23.2,22.92,23.13,12503001,0.009120584396808856,-0.0004324324391709798
2004-08-06 00:00:00+05:30,23.09,23.2,22.73,23.12,7628673,-0.0004324324391709798,0.0012967367280661858
2004-08-09 00:00:00+05:30,23.1,23.21,22.92,23.15,7132550,0.0012967367280661858,-0.00737050811163339
2004-08-10 00:00:00+05:30,23.03,23.2,22.87,22.98,5123806,-0.00737050811163339,0.006073771383567092
2004-08-11 00:00:00+05:30,22.85,23.36,22.66,23.12,12479466,0.006073771383567092,-0.0047691397569022
2004-08-12 00:00:00+05:30,23.12,23.12,22.87,23.01,4692349,-0.0047691397569022,-0.02152510077578492
2004-08-13 00:00:00+05:30,22.98,22.98,22.34,22.52,11245168,-0.02152510077578492,0.0
2004-08-16 00:00:00+05:30,22.98,22.98,22.34,22.52,11245168,0.0,-0.0004441483528486386
2004-08-17 00:00:00+05:30,22.94,22.98,22.1,22.51,9970460,-0.0004441483528486386,-0.012516926942535755
2004-08-18 00:00:00+05:30,22.54,22.61,22.1,22.23,10376267,-0.012516926942535755,0.027508389364108536
2004-08-19 00:00:00+05:30,22.43,22.94,22.32,22.85,11565071,0.027508389364108536,-0.00879126541117077
2004-08-20 00:00:00+05:30,22.72,22.87,22.45,22.65,5750923,-0.00879126541117077,-0.008423902618745859
2004-08-23 00:00:00+05:30,22.76,22.81,22.32,22.46,4511495,-0.008423902618745859,0.012829196086662364
2004-08-24 00:00:00+05:30,22.52,22.81,22.43,22.75,4553209,0.012829196086662364,0.004385971943254268
2004-08-25 00:00:00+05:30,22.96,23.0,22.77,22.85,4240866,0.004385971943254268,0.009148397500699169
2004-08-26 00:00:00+05:30,23.2,23.2,22.92,23.06,13398001,0.009148397500699169,-0.01882305519546691
2004-08-27 00:00:00+05:30,23.03,23.16,22.6,22.63,5431830,-0.01882305519546691,0.016217756283703665
2004-08-30 00:00:00+05:30,22.78,23.09,22.74,23.0,7088496,0.016217756283703665,0.005636260314198156
2004-08-31 00:00:00+05:30,22.89,23.2,22.83,23.13,8765996,0.005636260314198156,0.0008643042888952645
2004-09-01 00:00:00+05:30,23.2,23.42,23.0,23.15,10290678,0.0008643042888952645,-0.008676844025688859
2004-09-02 00:00:00+05:30,23.14,23.14,22.87,22.95,5924847,-0.008676844025688859,0.0
2004-09-03 00:00:00+05:30,22.99,23.02,22.72,22.95,9974780,0.0,-0.0030547699949570748
2004-09-06 00:00:00+05:30,22.94,22.98,22.81,22.88,8644002,-0.0030547699949570748,0.006534547320996797
2004-09-07 00:00:00+05:30,22.98,23.14,22.57,23.03,10746120,0.006534547320996797,0.00043412199509660965
2004-09-08 00:00:00+05:30,23.09,23.14,22.77,23.04,6959706,0.00043412199509660965,0.034971580842079686
2004-09-09 00:00:00+05:30,23.07,24.26,22.88,23.86,60928449,0.034971580842079686,0.024017717633624595
2004-09-10 00:00:00+05:30,23.65,24.63,23.65,24.44,60908155,0.024017717633624595,-0.0024580102502692264
2004-09-13 00:00:00+05:30,24.53,24.64,24.2,24.38,14529025,-0.0024580102502692264,-0.015292713819963479
2004-09-14 00:00:00+05:30,24.33,24.33,23.76,24.01,9600202,-0.015292713819963479,0.004156281959917748
2004-09-15 00:00:00+05:30,24.15,24.26,23.93,24.11,8445913,0.004156281959917748,0.045803345479932624
2004-09-16 00:00:00+05:30,24.04,25.39,24.04,25.24,32680395,0.045803345479932624,0.028126854162876913
2004-09-17 00:00:00+05:30,25.31,26.16,25.02,25.96,35592914,0.028126854162876913,0.007674634753108666
2004-09-20 00:00:00+05:30,25.9,26.47,25.86,26.16,24751753,0.007674634753108666,-0.004981807582523905
2004-09-21 00:00:00+05:30,26.14,26.34,25.91,26.03,18216349,-0.004981807582523905,-0.010038694342200396
2004-09-22 00:00:00+05:30,25.94,26.08,25.59,25.77,17136355,-0.010038694342200396,-0.005057392611804347
2004-09-23 00:00:00+05:30,25.7,25.81,25.44,25.64,16321095,-0.005057392611804347,-0.007045038923208785
2004-09-24 00:00:00+05:30,25.47,25.99,25.37,25.46,15933917,-0.007045038923208785,-0.011455783982035887
2004-09-27 00:00:00+05:30,25.41,25.57,24.87,25.17,13027203,-0.011455783982035887,-0.009580911611758091
2004-09-28 00:00:00+05:30,25.0,25.41,24.86,24.93,9569062,-0.009580911611758091,0.00838830562663482
2004-09-29 00:00:00+05:30,24.97,25.26,24.58,25.14,18571037,0.00838830562663482,-0.0003978516066006175
2004-09-30 00:00:00+05:30,25.41,25.41,24.98,25.13,20258753,-0.0003978516066006175,-0.007589411303610319
2004-10-01 00:00:00+05:30,25.3,25.61,24.8,24.94,26507059,-0.007589411303610319,0.015121657024085005
2004-10-04 00:00:00+05:30,25.15,25.41,25.08,25.32,26617038,0.015121657024085005,0.0003948667376084286
2004-10-05 00:00:00+05:30,25.31,25.74,25.09,25.33,14218616,0.0003948667376084286,-0.01752334763408311
2004-10-06 00:00:00+05:30,25.37,25.47,24.84,24.89,11477141,-0.01752334763408311,-0.004832872878232443
2004-10-07 00:00:00+05:30,24.97,25.02,24.64,24.77,13047858,-0.004832872878232443,-0.0032349401441799943
2004-10-08 00:00:00+05:30,24.86,25.08,24.51,24.69,18263149,-0.0032349401441799943,-0.006093864074322892
2004-10-11 00:00:00+05:30,24.73,24.75,24.42,24.54,14076057,-0.006093864074322892,-0.0036742233618843358
2004-10-12 00:00:00+05:30,24.72,24.72,24.31,24.45,9163164,-0.0036742233618843358,0.010577804079637685
2004-10-14 00:00:00+05:30,24.42,24.86,24.31,24.71,18572657,0.010577804079637685,0.0
2004-10-15 00:00:00+05:30,24.84,25.01,24.65,24.71,9475912,0.0,-0.013444895947393348
2004-10-18 00:00:00+05:30,24.75,24.86,24.31,24.38,10219623,-0.013444895947393348,-0.0036983810390443556
2004-10-19 00:00:00+05:30,24.53,24.57,23.98,24.29,13795484,-0.0036983810390443556,-0.007852902517471684
2004-10-20 00:00:00+05:30,24.33,24.42,23.87,24.1,17728597,-0.007852902517471684,-0.005408792050316413
2004-10-21 00:00:00+05:30,24.15,24.15,23.87,23.97,8651022,-0.005408792050316413,-0.004180608095554125
2004-10-25 00:00:00+05:30,23.91,24.0,23.56,23.87,7065141,-0.004180608095554125,0.007928270195793927
2004-10-26 00:00:00+05:30,23.91,24.2,23.87,24.06,13107572,0.007928270195793927,-0.0029136336949296356
2004-10-27 00:00:00+05:30,24.04,24.11,23.76,23.99,9860435,-0.0029136336949296356,0.0004167534963424063
2004-10-28 00:00:00+05:30,24.31,24.31,23.89,24.0,26036901,0.0004167534963424063,0.0016652793190612488
2004-10-29 00:00:00+05:30,24.18,24.18,23.83,24.04,12530811,0.0016652793190612488,-0.0016652793190612089
2004-11-01 00:00:00+05:30,24.2,24.26,23.87,24.0,13022883,-0.0016652793190612089,0.03560842746736779
2004-11-02 00:00:00+05:30,24.09,24.96,24.09,24.87,29343528,0.03560842746736779,0.009603915354180353
2004-11-03 00:00:00+05:30,24.93,25.19,24.79,25.11,19554192,0.009603915354180353,-0.014036725353098186
2004-11-04 00:00:00+05:30,25.15,25.24,24.64,24.76,10164229,-0.014036725353098186,0.0068424497190711
2004-11-05 00:00:00+05:30,25.0,25.26,24.89,24.93,10569136,0.0068424497190711,-0.0024096397201531766
2004-11-08 00:00:00+05:30,24.86,25.12,24.79,24.87,7796522,-0.0024096397201531766,0.002810682436577078
2004-11-09 00:00:00+05:30,24.83,25.32,24.83,24.94,10648381,0.002810682436577078,0.012749176670454658
2004-11-10 00:00:00+05:30,25.04,25.36,24.93,25.26,13885528,0.012749176670454658,0.004739345363896347
2004-11-11 00:00:00+05:30,25.3,25.48,25.24,25.38,13967968,0.004739345363896347,-0.0003940886750510414
2004-11-12 00:00:00+05:30,25.41,25.54,25.3,25.37,2080788,-0.0003940886750510414,0.0015754237208822322
2004-11-16 00:00:00+05:30,25.48,25.68,25.3,25.41,16267995,0.0015754237208822322,-0.010682594169971285
2004-11-17 00:00:00+05:30,23.42,25.5,23.42,25.14,10997084,-0.010682594169971285,-0.007185659660874486
2004-11-18 00:00:00+05:30,25.15,25.2,24.81,24.96,10856955,-0.007185659660874486,0.01155161222014182
2004-11-19 00:00:00+05:30,25.13,25.5,24.97,25.25,15837797,0.01155161222014182,0.005923018303122071
2004-11-22 00:00:00+05:30,24.64,25.5,24.64,25.4,13804259,0.005923018303122071,0.036339522290644063
2004-11-23 00:00:00+05:30,25.46,26.42,25.46,26.34,32864714,0.036339522290644063,0.051065478006567556
2004-11-24 00:00:00+05:30,26.41,28.02,26.41,27.72,46721938,0.051065478006567556,0.01539318026399687
2004-11-25 00:00:00+05:30,27.73,28.37,27.55,28.15,36978861,0.01539318026399687,0.013408810639709369
2004-11-29 00:00:00+05:30,28.07,28.83,27.98,28.53,24868033,0.013408810639709369,-0.001754078681633675
2004-11-30 00:00:00+05:30,28.95,29.06,28.01,28.48,28583392,-0.001754078681633675,0.0007020007308297848
2004-12-01 00:00:00+05:30,28.4,29.1,28.07,28.5,33236142,0.0007020007308297848,-0.003514942107444497
2004-12-02 00:00:00+05:30,28.73,28.73,28.15,28.4,25677128,-0.003514942107444497,-0.0035273405179682992
2004-12-03 00:00:00+05:30,28.46,28.95,28.09,28.3,18285964,-0.0035273405179682992,-0.0117292974353236
2004-12-06 00:00:00+05:30,28.18,28.4,27.84,27.97,16919951,-0.0117292974353236,0.00783479791215291
2004-12-07 00:00:00+05:30,28.02,28.42,27.84,28.19,12438291,0.00783479791215291,-0.007477335888686044
2004-12-08 00:00:00+05:30,28.37,28.41,27.76,27.98,11215333,-0.007477335888686044,0.008895273028062936
2004-12-09 00:00:00+05:30,27.85,28.4,27.82,28.23,10536287,0.008895273028062936,-0.008180732090194025
2004-12-10 00:00:00+05:30,28.26,28.28,27.7,28.0,12930453,-0.008180732090194025,-0.00035720664784186256
2004-12-13 00:00:00+05:30,28.71,28.71,27.8,27.99,11117683,-0.00035720664784186256,0.00924615406508783
2004-12-14 00:00:00+05:30,28.07,28.45,27.95,28.25,17635853,0.00924615406508783,0.0010613834359221208
2004-12-15 00:00:00+05:30,28.4,28.7,28.18,28.28,17303934,0.0010613834359221208,-0.003897259140090715
2004-12-16 00:00:00+05:30,28.31,28.44,28.07,28.17,11328552,-0.003897259140090715,-0.01538216700159584
2004-12-17 00:00:00+05:30,28.29,28.29,27.62,27.74,10972739,-0.01538216700159584,0.0089718886406767
2004-12-20 00:00:00+05:30,27.84,28.07,27.68,27.99,8343494,0.0089718886406767,0.035103639406201946
2004-12-21 00:00:00+05:30,28.06,29.17,27.89,28.99,21956954,0.035103639406201946,-0.004494389587839326
2004-12-22 00:00:00+05:30,28.53,29.39,28.51,28.86,24192451,-0.004494389587839326,-0.004514680354526583
2004-12-23 00:00:00+05:30,28.93,29.06,28.55,28.73,16398944,-0.004514680354526583,-0.0010447502256228497
2004-12-24 00:00:00+05:30,28.75,28.84,28.57,28.7,5729728,-0.0010447502256228497,0.008327598437762354
2004-12-27 00:00:00+05:30,28.73,29.17,28.51,28.94,10499387,0.008327598437762354,0.007573185937119577
2004-12-28 00:00:00+05:30,29.15,29.39,28.91,29.16,12206272,0.007573185937119577,0.0020554991820959595
2004-12-29 00:00:00+05:30,29.28,29.59,29.06,29.22,16668628,0.0020554991820959595,-0.02144668849674648
2004-12-30 00:00:00+05:30,29.39,29.39,28.51,28.6,14610339,-0.02144668849674648,0.01285409395545206
2004-12-31 00:00:00+05:30,28.53,29.06,28.53,28.97,7705307,0.01285409395545206,0.0017244356747826875
2005-01-03 00:00:00+05:30,29.15,29.37,28.88,29.02,6920016,0.0017244356747826875,0.0010332358418785725
2005-01-04 00:00:00+05:30,28.93,29.26,28.73,29.05,6977526,0.0010332358418785725,-0.013516060897894462
2005-01-05 00:00:00+05:30,29.28,29.28,28.31,28.66,14006847,-0.013516060897894462,-0.015825897386120898
2005-01-06 00:00:00+05:30,28.6,28.6,27.87,28.21,10049299,-0.015825897386120898,0.01826534797729319
2005-01-07 00:00:00+05:30,27.98,28.88,27.98,28.73,9874610,0.01826534797729319,-0.020039341701356583
2005-01-10 00:00:00+05:30,28.73,28.73,28.02,28.16,6666128,-0.020039341701356583,-0.0021329549501415196
2005-01-11 00:00:00+05:30,27.69,28.62,27.63,28.1,6073031,-0.0021329549501415196,-0.00035593522354785746
2005-01-12 00:00:00+05:30,28.5,28.68,27.69,28.09,16020316,-0.00035593522354785746,-0.021227636443626668
2005-01-13 00:00:00+05:30,28.39,28.39,27.18,27.5,12705545,-0.021227636443626668,0.006885332510344937
2005-01-14 00:00:00+05:30,27.56,27.91,26.96,27.69,13974988,0.006885332510344937,-0.008340936843045507
2005-01-17 00:00:00+05:30,27.76,27.76,27.18,27.46,10162114,-0.008340936843045507,0.005809747641321157
2005-01-18 00:00:00+05:30,27.6,27.94,27.45,27.62,14139417,0.005809747641321157,-0.007632237666451645
2005-01-19 00:00:00+05:30,27.62,27.84,27.2,27.41,7013751,-0.007632237666451645,0.10583468268292323
2005-01-20 00:00:00+05:30,27.82,30.78,26.78,30.47,131240383,0.10583468268292323,-0.023577383032726454
2005-01-24 00:00:00+05:30,30.55,30.63,29.57,29.76,31921519,-0.023577383032726454,0.009364616931042761
2005-01-25 00:00:00+05:30,29.66,31.09,29.0,30.04,62745629,0.009364616931042761,0.01814333126687803
2005-01-27 00:00:00+05:30,30.08,30.92,29.66,30.59,50814395,0.01814333126687803,0.010730065556409232
2005-01-28 00:00:00+05:30,30.58,31.31,30.25,30.92,42577100,0.010730065556409232,-0.027210333077267383
2005-01-31 00:00:00+05:30,30.5,31.05,29.5,30.09,55402165,-0.027210333077267383,-0.008678292115296736
2005-02-01 00:00:00+05:30,29.41,30.43,29.41,29.83,48665117,-0.008678292115296736,-0.01826843768701504
2005-02-02 00:00:00+05:30,29.86,29.86,29.19,29.29,14592609,-0.01826843768701504,0.0030680099060891156
2005-02-03 00:00:00+05:30,29.55,29.61,29.07,29.38,29068175,0.0030680099060891156,0.009147954698003304
2005-02-04 00:00:00+05:30,29.39,29.92,29.39,29.65,17783767,0.009147954698003304,-0.0071078315830588904
2005-02-07 00:00:00+05:30,29.83,30.47,29.32,29.44,25575744,-0.0071078315830588904,-0.008870750766035955
2005-02-08 00:00:00+05:30,29.46,29.46,29.07,29.18,9463807,-0.008870750766035955,0.005127339894720114
2005-02-09 00:00:00+05:30,28.96,29.54,28.96,29.33,13838548,0.005127339894720114,0.0027238695765440793
2005-02-10 00:00:00+05:30,28.97,29.46,28.97,29.41,8160435,0.0027238695765440793,0.0023773147552322562
2005-02-11 00:00:00+05:30,29.77,30.25,29.29,29.48,8846411,0.0023773147552322562,-0.011257154524634558
2005-02-14 00:00:00+05:30,29.68,29.83,28.99,29.15,9757791,-0.011257154524634558,-0.004814314663188664
2005-02-15 00:00:00+05:30,29.5,29.5,28.91,29.01,12630125,-0.004814314663188664,-0.005530605179204126
2005-02-16 00:00:00+05:30,29.06,29.23,28.59,28.85,28527908,-0.005530605179204126,-0.00521287018853321
2005-02-17 00:00:00+05:30,28.8,28.99,28.4,28.7,15966722,-0.00521287018853321,-0.014388737452099669
2005-02-18 00:00:00+05:30,28.71,28.84,28.13,28.29,10722091,-0.014388737452099669,-0.012807005356390353
2005-02-21 00:00:00+05:30,28.4,28.46,27.84,27.93,13065183,-0.012807005356390353,0.015630868863674523
2005-02-22 00:00:00+05:30,27.87,28.53,27.87,28.37,9295463,0.015630868863674523,0.0010568963464002538
2005-02-23 00:00:00+05:30,28.4,28.73,28.18,28.4,10873335,0.0010568963464002538,0.007367161894858581
2005-02-24 00:00:00+05:30,28.51,28.79,28.22,28.61,16021261,0.007367161894858581,-0.005256714400312498
2005-02-25 00:00:00+05:30,28.62,28.62,28.32,28.46,12966408,-0.005256714400312498,0.004907125164100696
2005-02-28 00:00:00+05:30,28.46,28.84,27.4,28.6,30918204,0.004907125164100696,0.033691739456846774
2005-03-01 00:00:00+05:30,28.34,29.88,28.25,29.58,43643774,0.033691739456846774,0.0016889043028202645
2005-03-02 00:00:00+05:30,29.57,29.78,29.18,29.63,22912343,0.0016889043028202645,0.0043778483794173805
2005-03-03 00:00:00+05:30,29.57,29.89,29.51,29.76,13400251,0.0043778483794173805,0.01930176395549511
2005-03-04 00:00:00+05:30,29.83,30.6,29.66,30.34,30210133,0.01930176395549511,-0.004956230201638697
2005-03-07 00:00:00+05:30,30.86,30.86,29.86,30.19,9425513,-0.004956230201638697,0.005615208808681633
2005-03-08 00:00:00+05:30,30.06,30.67,30.05,30.36,14661234,0.005615208808681633,-0.0006589786070430206
2005-03-09 00:00:00+05:30,30.06,30.83,30.06,30.34,6849187,-0.0006589786070430206,0.005915232495869952
2005-03-10 00:00:00+05:30,30.16,30.73,30.16,30.52,14512375,0.005915232495869952,-0.025889265384247264
2005-03-11 00:00:00+05:30,30.81,30.81,29.61,29.74,20980954,-0.025889265384247264,-0.008441718204824141
2005-03-14 00:00:00+05:30,30.05,30.21,29.39,29.49,9774171,-0.008441718204824141,0.0037231385028299617
2005-03-15 00:00:00+05:30,29.7,29.97,29.28,29.6,6652178,0.0037231385028299617,-0.0030451723751665867
2005-03-16 00:00:00+05:30,29.77,29.78,29.37,29.51,11523491,-0.0030451723751665867,-0.001017121633712205
2005-03-17 00:00:00+05:30,29.28,29.8,29.28,29.48,16929086,-0.001017121633712205,-0.01745125553987683
2005-03-18 00:00:00+05:30,29.5,29.5,28.84,28.97,8091765,-0.01745125553987683,-0.011107368620510438
2005-03-21 00:00:00+05:30,29.06,29.61,28.51,28.65,24239431,-0.011107368620510438,-0.015476918146843549
2005-03-22 00:00:00+05:30,28.94,28.94,28.12,28.21,13112612,-0.015476918146843549,0.00565572380685502
2005-03-23 00:00:00+05:30,28.4,28.57,28.0,28.37,10556986,0.00565572380685502,0.029178867578889534
2005-03-24 00:00:00+05:30,28.49,29.44,28.4,29.21,14040732,0.029178867578889534,-0.006181338363111022
2005-03-28 00:00:00+05:30,29.39,29.74,28.87,29.03,10318128,-0.006181338363111022,-0.029717271566004386
2005-03-29 00:00:00+05:30,29.17,29.24,27.97,28.18,14268971,-0.029717271566004386,0.005308807371890928
2005-03-30 00:00:00+05:30,28.26,29.26,27.71,28.33,10990334,0.005308807371890928,0.04587802286736098
2005-03-31 00:00:00+05:30,28.91,29.83,28.62,29.66,36449574,0.04587802286736098,0.007724639586060486
2005-04-01 00:00:00+05:30,29.5,30.2,29.22,29.89,20670276,0.007724639586060486,-0.0023446669592541345
2005-04-04 00:00:00+05:30,30.08,30.54,29.39,29.82,17080871,-0.0023446669592541345,0.0010055305020187962
2005-04-05 00:00:00+05:30,30.16,30.38,29.79,29.85,14106027,0.0010055305020187962,0.014632785200534786
2005-04-06 00:00:00+05:30,29.92,30.43,29.83,30.29,9820925,0.014632785200534786,0.003295981889555905
2005-04-07 00:00:00+05:30,30.38,30.88,30.19,30.39,22887549,0.003295981889555905,0.01793623821621832
2005-04-08 00:00:00+05:30,30.5,31.16,30.16,30.94,28010095,0.01793623821621832,-0.0012936612412203913
2005-04-11 00:00:00+05:30,31.05,31.12,30.61,30.9,7149695,-0.0012936612412203913,0.004198294556589171
2005-04-12 00:00:00+05:30,30.89,31.27,30.72,31.03,7992586,0.004198294556589171,0.00930239266231341
2005-04-13 00:00:00+05:30,31.15,31.58,30.96,31.32,15303785,0.00930239266231341,-0.028827907213722623
2005-04-15 00:00:00+05:30,31.23,31.31,30.15,30.43,10445522,-0.028827907213722623,0.0016417669095658439
2005-04-18 00:00:00+05:30,30.14,31.05,29.83,30.48,8789756,0.0016417669095658439,-0.0029571238897438154
2005-04-19 00:00:00+05:30,30.93,30.93,30.23,30.39,7583808,-0.0029571238897438154,-0.0019762852282119926
2005-04-20 00:00:00+05:30,30.39,31.2,30.16,30.33,20985634,-0.0019762852282119926,0.01926590201873149
2005-04-21 00:00:00+05:30,30.33,30.94,30.05,30.92,7769432,0.01926590201873149,-0.0038885337396924805
2005-04-22 00:00:00+05:30,31.05,31.18,30.65,30.8,5027282,-0.0038885337396924805,-0.006514681021193642
2005-04-25 00:00:00+05:30,30.96,31.05,30.5,30.6,3916688,-0.006514681021193642,-0.002617802542078934
2005-04-26 00:00:00+05:30,30.7,30.83,30.35,30.52,5276850,-0.002617802542078934,0.014959628572466369
2005-04-27 00:00:00+05:30,30.66,31.58,30.34,30.98,23640754,0.014959628572466369,0.03395534837795627
2005-04-28 00:00:00+05:30,31.07,32.57,30.94,32.05,35931987,0.03395534837795627,-0.008774735085254158
2005-04-29 00:00:00+05:30,32.04,32.04,31.22,31.77,20414272,-0.008774735085254158,-0.020029281875572527
2005-05-02 00:00:00+05:30,31.82,31.93,30.94,31.14,11524256,-0.020029281875572527,0.0032061585656329005
2005-05-03 00:00:00+05:30,29.88,31.52,29.88,31.24,6539409,0.0032061585656329005,0.008922940018193248
2005-05-04 00:00:00+05:30,31.34,31.89,31.08,31.52,9470692,0.008922940018193248,-0.007004167443570795
2005-05-05 00:00:00+05:30,30.94,31.66,30.94,31.3,10321683,-0.007004167443570795,0.01710526343007471
2005-05-06 00:00:00+05:30,32.64,32.64,31.07,31.84,13703234,0.01710526343007471,0.028790101734541107
2005-05-09 00:00:00+05:30,31.6,32.86,31.6,32.77,12888109,0.028790101734541107,-0.007350722225463252
2005-05-10 00:00:00+05:30,32.77,32.77,32.31,32.53,8042760,-0.007350722225463252,0.0027628567076076194
2005-05-11 00:00:00+05:30,31.82,32.77,31.82,32.62,12431496,0.0027628567076076194,-0.006150080885337685
2005-05-12 00:00:00+05:30,32.82,32.9,32.23,32.42,15735828,-0.006150080885337685,0.008905325242762522
2005-05-13 00:00:00+05:30,32.57,32.81,32.22,32.71,13747739,0.008905325242762522,0.0048795461258354465
2005-05-16 00:00:00+05:30,32.6,33.08,32.49,32.87,17615333,0.0048795461258354465,-0.005797117684325846
2005-05-17 00:00:00+05:30,32.27,32.99,32.27,32.68,16192935,-0.005797117684325846,0.004579461521699118
2005-05-18 00:00:00+05:30,32.57,33.03,32.31,32.83,29413278,0.004579461521699118,0.008794598003557658
2005-05-19 00:00:00+05:30,32.82,33.69,32.73,33.12,20556021,0.008794598003557658,-0.0006040471340416181
2005-05-20 00:00:00+05:30,32.71,33.32,32.71,33.1,17853831,-0.0006040471340416181,-0.003935225299377599
2005-05-23 00:00:00+05:30,32.79,33.1,32.79,32.97,8308169,-0.003935225299377599,0.0069518188388033595
2005-05-24 00:00:00+05:30,32.88,33.55,32.82,33.2,15773988,0.0069518188388033595,0.008995562908577783
2005-05-25 00:00:00+05:30,33.11,33.68,33.11,33.5,10773660,0.008995562908577783,0.010393560527263302
2005-05-26 00:00:00+05:30,33.55,33.96,33.19,33.85,28255839,0.010393560527263302,0.025088830515410984
2005-05-27 00:00:00+05:30,33.9,35.68,33.81,34.71,61280032,0.025088830515410984,-0.008390039090301567
2005-05-30 00:00:00+05:30,34.69,35.16,34.28,34.42,29103679,-0.008390039090301567,0.026377676108157
2005-05-31 00:00:00+05:30,34.47,35.36,34.47,35.34,32465026,0.026377676108157,-0.004822020405659353
2005-06-01 00:00:00+05:30,35.36,35.53,34.92,35.17,16455014,-0.004822020405659353,-0.019524019537141498
2005-06-02 00:00:00+05:30,35.17,35.51,34.41,34.49,18649832,-0.019524019537141498,0.013821124126534752
2005-06-03 00:00:00+05:30,34.65,35.14,34.26,34.97,16925216,0.013821124126534752,-0.0005720823954650846
2005-06-06 00:00:00+05:30,35.16,35.18,34.85,34.95,6168971,-0.0005720823954650846,-0.019939975783845505
2005-06-07 00:00:00+05:30,35.11,35.11,34.19,34.26,18231649,-0.019939975783845505,0.019653811809936642
2005-06-08 00:00:00+05:30,34.58,35.03,34.52,34.94,16284645,0.019653811809936642,-0.003440370365867489
2005-06-09 00:00:00+05:30,34.94,35.14,34.74,34.82,14962552,-0.003440370365867489,-0.00836342293814198
2005-06-10 00:00:00+05:30,34.81,35.07,34.42,34.53,9203349,-0.00836342293814198,0.006063249411057938
2005-06-13 00:00:00+05:30,34.65,34.83,34.52,34.74,8650482,0.006063249411057938,-0.0008639309392640184
2005-06-14 00:00:00+05:30,34.69,34.86,34.39,34.71,10929674,-0.0008639309392640184,-0.0040415759401617075
2005-06-15 00:00:00+05:30,34.81,35.03,34.48,34.57,14606199,-0.0040415759401617075,-0.009591702659991756
2005-06-16 00:00:00+05:30,34.69,34.85,34.14,34.24,16190820,-0.009591702659991756,-0.0020464851463409275
2005-06-17 00:00:00+05:30,34.47,34.78,33.7,34.17,38642142,-0.0020464851463409275,-0.007048487331061739
2005-06-20 00:00:00+05:30,34.56,34.67,33.88,33.93,16264890,-0.007048487331061739,0.0035304537993824377
2005-06-21 00:00:00+05:30,33.99,34.34,33.94,34.05,8241209,0.0035304537993824377,0.02178735418490723
2005-06-22 00:00:00+05:30,34.14,34.89,34.06,34.8,19555632,0.02178735418490723,-0.0008624407606584841
2005-06-23 00:00:00+05:30,34.92,35.11,34.54,34.77,13370731,-0.0008624407606584841,0.018521686334917322
2005-06-24 00:00:00+05:30,34.39,35.58,34.39,35.42,19357903,0.018521686334917322,0.020953413609319103
2005-06-27 00:00:00+05:30,35.49,36.83,35.45,36.17,42561035,0.020953413609319103,-0.02746809463051292
2005-06-28 00:00:00+05:30,36.24,36.35,34.92,35.19,26581443,-0.02746809463051292,0.013828356378314994
2005-06-29 00:00:00+05:30,35.14,35.87,35.03,35.68,13110452,0.013828356378314994,0.02900355211976725
2005-06-30 00:00:00+05:30,35.69,37.11,35.69,36.73,24582014,0.02900355211976725,0.005159549803075604
2005-07-01 00:00:00+05:30,36.46,37.3,36.13,36.92,9362603,0.005159549803075604,0.007555351644449403
2005-07-04 00:00:00+05:30,37.02,37.32,36.57,37.2,9590437,0.007555351644449403,-0.005931535320122258
2005-07-05 00:00:00+05:30,37.23,37.78,36.9,36.98,17553908,-0.005931535320122258,0.0016211838189999106
2005-07-06 00:00:00+05:30,36.97,37.23,36.93,37.04,8500678,0.0016211838189999106,0.0026961461465811443
2005-07-07 00:00:00+05:30,37.04,37.65,36.8,37.14,20130549,0.0026961461465811443,0.010179568213464224
2005-07-08 00:00:00+05:30,37.25,37.63,36.57,37.52,15420200,0.010179568213464224,0.004520683141019933
2005-07-11 00:00:00+05:30,37.57,37.9,37.45,37.69,7081791,0.004520683141019933,0.02230185570717638
2005-07-12 00:00:00+05:30,37.74,39.2,37.46,38.54,18265039,0.02230185570717638,-0.008599401527411753
2005-07-13 00:00:00+05:30,38.67,38.85,38.1,38.21,10087144,-0.008599401527411753,0.020464384670837832
2005-07-14 00:00:00+05:30,38.19,39.64,38.12,39.0,27976661,0.020464384670837832,0.0015372793188863979
2005-07-15 00:00:00+05:30,39.0,39.27,38.56,39.06,17590043,0.0015372793188863979,-0.016520768108122315
2005-07-18 00:00:00+05:30,38.67,38.78,38.23,38.42,14671134,-0.016520768108122315,-0.023171126182047887
2005-07-19 00:00:00+05:30,38.74,38.74,37.24,37.54,22447586,-0.023171126182047887,-0.015029805199384069
2005-07-20 00:00:00+05:30,37.59,37.89,36.84,36.98,20397352,-0.015029805199384069,-0.02297694079489626
2005-07-21 00:00:00+05:30,37.13,37.3,36.04,36.14,23485775,-0.02297694079489626,0.005243561069028176
2005-07-22 00:00:00+05:30,36.46,36.79,36.04,36.33,35281785,0.005243561069028176,0.013125701157819336
2005-07-25 00:00:00+05:30,36.64,36.99,36.44,36.81,15140796,0.013125701157819336,0.01670297452540766
2005-07-26 00:00:00+05:30,36.9,37.7,36.9,37.43,19793276,0.01670297452540766,-0.0008018174958514333
2005-07-27 00:00:00+05:30,37.61,37.61,36.95,37.4,7805477,-0.0008018174958514333,-0.005630796483507575
2005-07-29 00:00:00+05:30,37.26,37.57,36.69,37.19,34385030,-0.005630796483507575,-0.011901682278132934
2005-08-01 00:00:00+05:30,37.35,37.35,36.6,36.75,7134800,-0.011901682278132934,0.0048860032056262095
2005-08-02 00:00:00+05:30,36.79,37.08,36.57,36.93,18201589,0.0048860032056262095,0.028035476519668007
2005-08-03 00:00:00+05:30,37.57,38.56,37.19,37.98,34394795,0.028035476519668007,0.009955544631097619
2005-08-04 00:00:00+05:30,38.56,39.11,37.96,38.36,12694160,0.009955544631097619,0.0023434459364156455
2005-08-05 00:00:00+05:30,38.36,38.71,38.03,38.45,13552755,0.0023434459364156455,-0.009406915461140235
2005-08-08 00:00:00+05:30,38.71,38.78,37.97,38.09,16617553,-0.009406915461140235,-0.013745920904635238
2005-08-09 00:00:00+05:30,38.23,38.43,37.35,37.57,12340867,-0.013745920904635238,0.02133063099367631
2005-08-10 00:00:00+05:30,38.43,38.49,37.57,38.38,9058630,0.02133063099367631,-0.006010732849087922
2005-08-11 00:00:00+05:30,37.82,38.57,37.82,38.15,12609560,-0.006010732849087922,-0.01985505330997979
2005-08-12 00:00:00+05:30,38.23,38.23,37.13,37.4,41909304,-0.01985505330997979,0.00480128956483307
2005-08-16 00:00:00+05:30,37.35,37.99,37.33,37.58,16880847,0.00480128956483307,0.005572523376078303
2005-08-17 00:00:00+05:30,37.63,37.98,37.59,37.79,6472089,0.005572523376078303,-0.009037807398169057
2005-08-18 00:00:00+05:30,37.9,38.12,37.37,37.45,11340747,-0.009037807398169057,-0.006160458749123861
2005-08-19 00:00:00+05:30,37.37,37.57,37.13,37.22,9669096,-0.006160458749123861,0.003486660364721583
2005-08-22 00:00:00+05:30,38.2,38.2,37.19,37.35,10523372,0.003486660364721583,0.0018724092671171789
2005-08-23 00:00:00+05:30,38.2,38.2,37.35,37.42,8133795,0.0018724092671171789,0.002135612130421463
2005-08-24 00:00:00+05:30,37.79,37.79,37.2,37.5,8035920,0.002135612130421463,0.006644542718668511
2005-08-25 00:00:00+05:30,37.61,37.94,37.32,37.75,7358494,0.006644542718668511,0.004756880005773954
2005-08-26 00:00:00+05:30,37.79,38.12,37.74,37.93,7214405,0.004756880005773954,-0.008206531827923252
2005-08-29 00:00:00+05:30,38.01,38.19,37.35,37.62,6599753,-0.008206531827923252,0.003979312851481275
2005-08-30 00:00:00+05:30,37.88,38.34,37.66,37.77,15048547,0.003979312851481275,0.013151162713245408
2005-08-31 00:00:00+05:30,37.85,38.34,37.7,38.27,9631657,0.013151162713245408,0.0
2005-09-01 00:00:00+05:30,38.34,38.67,38.1,38.27,9086350,0.0,0.0002612671471426152
2005-09-02 00:00:00+05:30,38.4,38.54,38.02,38.28,8002260,0.0002612671471426152,0.034154045049071824
2005-09-05 00:00:00+05:30,38.54,39.78,38.36,39.61,22634425,0.034154045049071824,0.019253001250866226
2005-09-06 00:00:00+05:30,39.77,40.53,39.77,40.38,16000291,0.019253001250866226,-0.004218891975508881
2005-09-08 00:00:00+05:30,40.53,40.66,40.11,40.21,16929401,-0.004218891975508881,0.005456362743496766
2005-09-09 00:00:00+05:30,40.55,40.66,40.11,40.43,9597637,0.005456362743496766,0.0217745605987584
2005-09-12 00:00:00+05:30,40.66,41.57,40.44,41.32,17114620,0.0217745605987584,0.013700490707505765
2005-09-13 00:00:00+05:30,41.57,41.99,41.43,41.89,16567333,0.013700490707505765,-0.02074362850484882
2005-09-14 00:00:00+05:30,41.92,41.92,40.82,41.03,26673018,-0.02074362850484882,0.01259401484736229
2005-09-15 00:00:00+05:30,41.32,41.68,41.2,41.55,14257676,0.01259401484736229,-0.0012040940648045638
2005-09-16 00:00:00+05:30,41.68,41.96,41.21,41.5,16891512,-0.0012040940648045638,0.03247885337323296
2005-09-19 00:00:00+05:30,41.66,43.0,41.55,42.87,32375791,0.03247885337323296,-0.005379500752296554
2005-09-20 00:00:00+05:30,43.0,43.42,42.35,42.64,47268955,-0.005379500752296554,0.08601416323929781
2005-09-21 00:00:00+05:30,46.34,47.04,42.89,46.47,70538538,0.08601416323929781,-0.025499910607898704
2005-09-22 00:00:00+05:30,46.71,49.22,45.0,45.3,73758281,-0.025499910607898704,0.0063813617363618035
2005-09-23 00:00:00+05:30,46.41,47.1,45.25,45.59,36364781,0.0063813617363618035,0.03998813083058684
2005-09-26 00:00:00+05:30,46.08,47.57,45.74,47.45,34762962,0.03998813083058684,-0.009528923345878392
2005-09-27 00:00:00+05:30,47.93,47.93,46.24,47.0,29212002,-0.009528923345878392,-0.007689059667821615
2005-09-28 00:00:00+05:30,46.44,47.3,46.16,46.64,21481624,-0.007689059667821615,-0.016429249781067003
2005-09-29 00:00:00+05:30,46.9,47.24,45.74,45.88,22849788,-0.016429249781067003,-0.012060227308412117
2005-09-30 00:00:00+05:30,45.74,46.27,44.47,45.33,25866848,-0.012060227308412117,0.001102414398937891
2005-10-03 00:00:00+05:30,45.16,45.81,44.14,45.38,16301409,0.001102414398937891,0.00044062569560662535
2005-10-04 00:00:00+05:30,45.45,45.64,45.25,45.4,13685609,0.00044062569560662535,-0.040684338797001014
2005-10-05 00:00:00+05:30,45.58,45.58,43.42,43.59,47148756,-0.040684338797001014,-0.029331711717468966
2005-10-06 00:00:00+05:30,43.67,43.72,42.18,42.33,49093505,-0.029331711717468966,-0.010210227604740262
2005-10-07 00:00:00+05:30,43.39,43.39,41.45,41.9,42735077,-0.010210227604740262,0.018678873841778604
2005-10-10 00:00:00+05:30,42.1,43.14,41.9,42.69,32523025,0.018678873841778604,-0.008941236037894503
2005-10-11 00:00:00+05:30,42.93,42.99,42.06,42.31,22227297,-0.008941236037894503,0.00565639028740698
2005-10-13 00:00:00+05:30,42.36,43.52,42.13,42.55,27506470,0.00565639028740698,-0.024986427782730452
2005-10-14 00:00:00+05:30,42.69,42.84,41.43,41.5,27813286,-0.024986427782730452,-0.009198806089742962
2005-10-17 00:00:00+05:30,42.1,42.1,40.69,41.12,20522140,-0.009198806089742962,0.004125718751089184
2005-10-18 00:00:00+05:30,41.4,41.97,40.95,41.29,20625079,0.004125718751089184,-0.035247025113350185
2005-10-19 00:00:00+05:30,40.97,41.1,39.78,39.86,24623888,-0.035247025113350185,-0.03160303778428028
2005-10-20 00:00:00+05:30,43.59,44.25,37.99,38.62,44743501,-0.03160303778428028,0.04034544390881426
2005-10-21 00:00:00+05:30,38.12,40.41,38.12,40.21,35636355,0.04034544390881426,-0.03492257716560675
2005-10-24 00:00:00+05:30,40.41,40.76,38.68,38.83,27439150,-0.03492257716560675,0.008462673918733728
2005-10-25 00:00:00+05:30,39.43,40.08,38.97,39.16,22941546,0.008462673918733728,-0.014403541191524358
2005-10-26 00:00:00+05:30,39.11,39.48,38.29,38.6,27711556,-0.014403541191524358,-0.006497748657520007
2005-10-27 00:00:00+05:30,38.78,39.28,38.12,38.35,38225416,-0.006497748657520007,-0.002088228375654275
2005-10-28 00:00:00+05:30,38.45,38.52,37.92,38.27,30189905,-0.002088228375654275,0.040205133278786546
2005-10-31 00:00:00+05:30,38.39,40.09,38.39,39.84,21560029,0.040205133278786546,0.009492951628108402
2005-11-01 00:00:00+05:30,40.57,41.27,39.98,40.22,9785470,0.009492951628108402,0.03132904289214671
2005-11-02 00:00:00+05:30,40.27,41.62,39.78,41.5,37964951,0.03132904289214671,0.007681266763834963
2005-11-07 00:00:00+05:30,40.27,42.01,40.27,41.82,19382630,0.007681266763834963,0.003818620391999264
2005-11-08 00:00:00+05:30,42.01,42.26,41.43,41.98,17497995,0.003818620391999264,0.016537112041065838
2005-11-09 00:00:00+05:30,42.16,42.86,41.1,42.68,33404575,0.016537112041065838,-0.00894334038132037
2005-11-10 00:00:00+05:30,42.79,42.79,42.16,42.3,14851687,-0.00894334038132037,0.01943172460751967
2005-11-11 00:00:00+05:30,42.5,43.39,42.43,43.13,25240082,0.01943172460751967,-0.014009101394209668
2005-11-14 00:00:00+05:30,43.39,43.71,42.2,42.53,25020692,-0.014009101394209668,0.017249844971251347
2005-11-16 00:00:00+05:30,42.53,43.56,42.53,43.27,23024622,0.017249844971251347,-0.002545413846859673
2005-11-17 00:00:00+05:30,43.36,43.57,42.81,43.16,16845261,-0.002545413846859673,0.0046232167414570185
2005-11-18 00:00:00+05:30,43.29,43.59,43.11,43.36,12877997,0.0046232167414570185,-0.03162967195010006
2005-11-21 00:00:00+05:30,43.42,43.42,41.82,42.01,27839695,-0.03162967195010006,-0.012937410923000773
2005-11-22 00:00:00+05:30,42.56,43.03,41.35,41.47,24840674,-0.012937410923000773,0.033668424270499125
2005-11-23 00:00:00+05:30,41.43,43.08,41.43,42.89,23617461,0.033668424270499125,0.0420057189159676
2005-11-24 00:00:00+05:30,42.93,45.31,42.93,44.73,57654355,0.0420057189159676,0.012883341234290148
2005-11-25 00:00:00+05:30,44.78,45.81,44.27,45.31,39347473,0.012883341234290148,0.018585863520797097
2005-11-28 00:00:00+05:30,45.41,46.46,45.41,46.16,44287162,0.018585863520797097,-0.017042142848148308
2005-11-29 00:00:00+05:30,46.14,46.24,45.11,45.38,23512266,-0.017042142848148308,-0.01778615139397296
2005-11-30 00:00:00+05:30,45.41,45.91,44.42,44.58,17623536,-0.01778615139397296,0.009599359347118412
2005-12-01 00:00:00+05:30,44.75,45.23,43.94,45.01,15988846,0.009599359347118412,0.012584336512696935
2005-12-02 00:00:00+05:30,45.23,46.04,45.23,45.58,17062791,0.012584336512696935,-0.024429373875211293
2005-12-05 00:00:00+05:30,45.58,45.88,44.37,44.48,26700763,-0.024429373875211293,-0.004732403198277166
2005-12-06 00:00:00+05:30,44.68,44.92,43.92,44.27,16106877,-0.004732403198277166,0.014798476338018807
2005-12-07 00:00:00+05:30,44.42,45.55,44.34,44.93,25720238,0.014798476338018807,-0.0017821345772634346
2005-12-08 00:00:00+05:30,45.18,45.2,44.52,44.85,13837379,-0.0017821345772634346,0.011307070914691542
2005-12-09 00:00:00+05:30,44.92,45.63,44.75,45.36,19519976,0.011307070914691542,0.011616568987245635
2005-12-12 00:00:00+05:30,45.63,46.41,45.59,45.89,29672145,0.011616568987245635,0.023261871632161632
2005-12-13 00:00:00+05:30,45.91,47.12,45.74,46.97,38485303,0.023261871632161632,0.016888727362966923
2005-12-14 00:00:00+05:30,47.19,48.03,46.49,47.77,42607445,0.016888727362966923,-0.026515499751406817
2005-12-15 00:00:00+05:30,47.9,48.06,45.71,46.52,21215878,-0.026515499751406817,0.005359644087331242
2005-12-16 00:00:00+05:30,46.87,47.04,46.11,46.77,15660196,0.005359644087331242,0.02595903917009593
2005-12-19 00:00:00+05:30,46.9,48.2,46.9,48.0,16326738,0.02595903917009593,-0.00941922191649164
2005-12-20 00:00:00+05:30,48.23,48.4,47.0,47.55,15949837,-0.00941922191649164,-0.012698583337127319
2005-12-21 00:00:00+05:30,47.57,47.92,46.54,46.95,18817835,-0.012698583337127319,0.002977458601191395
2005-12-22 00:00:00+05:30,47.07,47.6,46.74,47.09,17236872,0.002977458601191395,-0.01929733981294931
2005-12-23 00:00:00+05:30,47.24,47.37,45.99,46.19,17942202,-0.01929733981294931,-0.01307493021716389
2005-12-26 00:00:00+05:30,46.17,46.41,45.15,45.59,16708662,-0.01307493021716389,0.02619480869825088
2005-12-27 00:00:00+05:30,45.74,47.05,45.23,46.8,13281413,0.02619480869825088,-0.019635974516858848
2005-12-28 00:00:00+05:30,46.9,47.15,45.63,45.89,23408037,-0.019635974516858848,0.006948996475432882
2005-12-29 00:00:00+05:30,46.08,46.56,45.98,46.21,15831985,0.006948996475432882,0.019076776140197104
2005-12-30 00:00:00+05:30,46.41,47.34,46.11,47.1,17540718,0.019076776140197104,-0.014111844192681426
2006-01-02 00:00:00+05:30,47.07,47.32,43.76,46.44,11173926,-0.014111844192681426,0.02109378305979963
2006-01-03 00:00:00+05:30,46.72,47.82,46.51,47.43,18794324,0.02109378305979963,0.026629407928960905
2006-01-04 00:00:00+05:30,47.73,49.29,47.73,48.71,37534082,0.026629407928960905,-0.010525326761896594
2006-01-05 00:00:00+05:30,48.74,49.29,47.9,48.2,13953857,-0.010525326761896594,0.00020744736097628815
2006-01-06 00:00:00+05:30,48.4,48.48,47.04,48.21,28734072,0.00020744736097628815,-0.0006224712308056806
2006-01-09 00:00:00+05:30,48.48,48.73,47.53,48.18,19452122,-0.0006224712308056806,-0.017377177554637975
2006-01-10 00:00:00+05:30,48.3,48.56,47.24,47.35,15088222,-0.017377177554637975,0.012174793539452602
2006-01-12 00:00:00+05:30,47.4,48.4,46.49,47.93,15569806,0.012174793539452602,0.006239620909340449
2006-01-13 00:00:00+05:30,48.06,48.64,47.62,48.23,24597131,0.006239620909340449,-0.008955594583470226
2006-01-16 00:00:00+05:30,48.06,48.4,47.57,47.8,11421786,-0.008955594583470226,-0.012208107840043347
2006-01-17 00:00:00+05:30,47.8,48.1,47.07,47.22,8936845,-0.012208107840043347,-0.00786652297293557
2006-01-18 00:00:00+05:30,47.07,47.2,45.1,46.85,11148591,-0.00786652297293557,0.012303931205059213
2006-01-19 00:00:00+05:30,47.07,47.82,46.95,47.43,12107594,0.012303931205059213,0.02724510830756987
2006-01-20 00:00:00+05:30,47.82,48.89,47.67,48.74,18277796,0.02724510830756987,0.032498570967511214
2006-01-23 00:00:00+05:30,48.71,50.55,48.23,50.35,33912688,0.032498570967511214,0.018302193447843205
2006-01-24 00:00:00+05:30,50.55,52.64,50.25,51.28,27159052,0.018302193447843205,0.01950433558762454
2006-01-25 00:00:00+05:30,51.43,52.44,50.63,52.29,24114860,0.01950433558762454,-0.014640985859906266
2006-01-27 00:00:00+05:30,52.29,52.64,51.28,51.53,19397825,-0.014640985859906266,-0.0013593554865348066
2006-01-30 00:00:00+05:30,51.53,52.17,50.33,51.46,13977482,-0.0013593554865348066,-0.002919141899724707
2006-01-31 00:00:00+05:30,51.71,51.93,51.06,51.31,7825175,-0.002919141899724707,0.0017525075072459464
2006-02-01 00:00:00+05:30,51.38,51.83,50.88,51.4,16920705,0.0017525075072459464,0.004077279699516343
2006-02-02 00:00:00+05:30,51.38,51.98,51.21,51.61,18471395,0.004077279699516343,-0.021148232856818532
2006-02-03 00:00:00+05:30,51.53,51.61,50.35,50.53,11060001,-0.021148232856818532,0.027521986930785072
2006-02-06 00:00:00+05:30,50.53,52.11,50.04,51.94,19479767,0.027521986930785072,0.026409818377908536
2006-02-07 00:00:00+05:30,52.21,53.7,51.94,53.33,22133541,0.026409818377908536,-0.010556177194934315
2006-02-08 00:00:00+05:30,53.37,53.52,51.98,52.77,12169799,-0.010556177194934315,0.02415169343072514
2006-02-10 00:00:00+05:30,52.79,54.38,52.79,54.06,17746503,0.02415169343072514,-0.0005550929923271517
2006-02-13 00:00:00+05:30,54.03,54.64,51.41,54.03,10445028,-0.0005550929923271517,0.003325945416272412
2006-02-14 00:00:00+05:30,54.03,54.59,53.38,54.21,16261827,0.003325945416272412,0.043673486853466836
2006-02-15 00:00:00+05:30,54.4,56.91,54.4,56.63,42833495,0.043673486853466836,-0.02702625342031058
2006-02-16 00:00:00+05:30,56.72,57.18,54.91,55.12,20454262,-0.02702625342031058,-0.027404013710569188
2006-02-17 00:00:00+05:30,55.69,55.69,53.4,53.63,22152558,-0.027404013710569188,0.006504994595024759
2006-02-20 00:00:00+05:30,53.53,54.13,52.24,53.98,24414218,0.006504994595024759,0.008669241789111043
2006-02-21 00:00:00+05:30,54.11,54.98,54.03,54.45,14783860,0.008669241789111043,-0.0040485885260003315
2006-02-22 00:00:00+05:30,54.36,54.61,53.8,54.23,12294938,-0.0040485885260003315,0.014644230218698326
2006-02-23 00:00:00+05:30,54.36,55.69,54.23,55.03,20082811,0.014644230218698326,-0.015197582626066871
2006-02-24 00:00:00+05:30,55.03,55.03,53.78,54.2,14224669,-0.015197582626066871,0.01574259126886063
2006-02-27 00:00:00+05:30,54.64,55.52,54.21,55.06,11111268,0.01574259126886063,0.0374308533472054
2006-02-28 00:00:00+05:30,55.52,58.22,53.91,57.16,58409214,0.0374308533472054,0.008188912386908408
2006-03-01 00:00:00+05:30,57.18,58.31,57.06,57.63,25384751,0.008188912386908408,0.016179354653115853
2006-03-02 00:00:00+05:30,57.68,59.62,57.68,58.57,29372736,0.016179354653115853,-0.013926125517120105
2006-03-03 00:00:00+05:30,58.34,59.14,57.36,57.76,17924403,-0.013926125517120105,0.023611019839760335
2006-03-06 00:00:00+05:30,58.64,59.63,57.69,59.14,23820480,0.023611019839760335,-0.0032178874409511354
2006-03-07 00:00:00+05:30,59.33,59.96,58.42,58.95,31960385,-0.0032178874409511354,-0.02264636153480494
2006-03-08 00:00:00+05:30,59.17,59.3,57.18,57.63,24118907,-0.02264636153480494,-0.003998962123054307
2006-03-09 00:00:00+05:30,57.63,58.17,56.05,57.4,20500372,-0.003998962123054307,0.027493140580198708
2006-03-10 00:00:00+05:30,57.98,59.5,57.68,59.0,13846589,0.027493140580198708,-0.016405015889732318
2006-03-13 00:00:00+05:30,59.0,59.68,57.88,58.04,25381730,-0.016405015889732318,0.00464117721807765
2006-03-14 00:00:00+05:30,58.61,59.33,58.03,58.31,15069727,0.00464117721807765,-0.013293247110662855
2006-03-16 00:00:00+05:30,58.41,58.67,56.8,57.54,27914509,-0.013293247110662855,0.011233160545176635
2006-03-17 00:00:00+05:30,58.01,59.3,57.84,58.19,20580031,0.011233160545176635,0.009407407101895547
2006-03-20 00:00:00+05:30,58.12,59.0,58.12,58.74,12389522,0.009407407101895547,0.007631682932159623
2006-03-21 00:00:00+05:30,59.0,59.91,58.74,59.19,19628168,0.007631682932159623,-0.009335551124237524
2006-03-22 00:00:00+05:30,59.0,59.3,58.22,58.64,9284665,-0.009335551124237524,0.01119224842528374
2006-03-23 00:00:00+05:30,58.99,59.75,58.69,59.3,11877969,0.01119224842528374,0.03659045721659717
2006-03-24 00:00:00+05:30,58.37,61.82,57.53,61.51,36133457,0.03659045721659717,0.03905812474547654
2006-03-27 00:00:00+05:30,61.65,64.27,61.09,63.96,26283799,0.03905812474547654,0.0003126465556184354
2006-03-28 00:00:00+05:30,63.31,65.63,62.75,63.98,19144670,0.0003126465556184354,0.0009373536071422306
2006-03-29 00:00:00+05:30,64.94,65.65,63.56,64.04,25506866,0.0009373536071422306,0.037543672285849525
2006-03-30 00:00:00+05:30,64.77,67.79,64.51,66.49,28542534,0.037543672285849525,-0.027444930358469462
2006-03-31 00:00:00+05:30,66.79,66.79,64.31,64.69,15810529,-0.027444930358469462,0.020805400912440288
2006-04-03 00:00:00+05:30,64.85,66.23,64.64,66.05,11850474,0.020805400912440288,0.023787493062045247
2006-04-04 00:00:00+05:30,65.96,67.92,65.63,67.64,21308539,0.023787493062045247,0.009417373895860245
2006-04-05 00:00:00+05:30,67.79,68.43,67.56,68.28,11494959,0.009417373895860245,-0.031238595432773703
2006-04-07 00:00:00+05:30,67.62,69.11,63.31,66.18,34661994,-0.031238595432773703,-0.002723560467040715
2006-04-10 00:00:00+05:30,66.96,67.26,65.15,66.0,21975106,-0.002723560467040715,-0.03531320589802869
2006-04-12 00:00:00+05:30,66.0,66.93,63.3,63.71,33580207,-0.03531320589802869,-0.01757625802234393
2006-04-13 00:00:00+05:30,63.64,64.8,60.33,62.6,37422905,-0.01757625802234393,0.021492609859700654
2006-04-17 00:00:00+05:30,62.67,64.14,62.67,63.96,13345079,0.021492609859700654,0.024860386309774413
2006-04-18 00:00:00+05:30,64.14,66.13,64.14,65.57,14243932,0.024860386309774413,0.002741396782345956
2006-04-19 00:00:00+05:30,65.63,66.96,64.84,65.75,16367904,0.002741396782345956,0.011191889356489472
2006-04-20 00:00:00+05:30,65.8,66.96,65.09,66.49,18623654,0.011191889356489472,-0.0009027987372135658
2006-04-21 00:00:00+05:30,66.96,67.62,65.33,66.43,23173464,-0.0009027987372135658,0.015386067956354135
2006-04-24 00:00:00+05:30,66.33,67.75,66.23,67.46,22031556,0.015386067956354135,-0.031012571170351035
2006-04-25 00:00:00+05:30,67.46,67.62,65.14,65.4,16029240,-0.031012571170351035,0.021330511474232944
2006-04-26 00:00:00+05:30,65.63,67.11,64.8,66.81,21122476,0.021330511474232944,0.0061180523595735
2006-04-27 00:00:00+05:30,67.11,68.62,66.49,67.22,35904453,0.0061180523595735,-0.00941640617442859
2006-04-28 00:00:00+05:30,65.32,67.09,63.06,66.59,16728090,-0.00941640617442859,0.03235858888158911
2006-05-02 00:00:00+05:30,67.79,69.56,67.62,68.78,24942338,0.03235858888158911,0.0068101400633277884
2006-05-03 00:00:00+05:30,68.95,70.44,68.95,69.25,19858394,0.0068101400633277884,0.002307804284044441
2006-05-04 00:00:00+05:30,69.28,70.24,68.8,69.41,20961331,0.002307804284044441,-0.004476218577868186
2006-05-05 00:00:00+05:30,69.89,70.24,68.81,69.1,9188302,-0.004476218577868186,-0.003188870654148883
2006-05-08 00:00:00+05:30,69.81,69.81,68.47,68.88,9002419,-0.003188870654148883,-0.0069930354909704135
2006-05-09 00:00:00+05:30,68.93,69.28,67.54,68.4,15385801,-0.0069930354909704135,-0.0063063932699580424
2006-05-10 00:00:00+05:30,68.62,68.95,67.74,67.97,7515302,-0.0063063932699580424,-0.006346416401125052
2006-05-11 00:00:00+05:30,68.25,69.44,67.29,67.54,15363835,-0.006346416401125052,-0.01116664621987703
2006-05-12 00:00:00+05:30,67.29,67.42,65.63,66.79,12251060,-0.01116664621987703,-0.053510074181509555
2006-05-15 00:00:00+05:30,66.59,66.59,62.32,63.31,21496399,-0.053510074181509555,0.019706612082340227
2006-05-16 00:00:00+05:30,63.98,65.47,61.32,64.57,28355805,0.019706612082340227,0.04763165062655912
2006-05-17 00:00:00+05:30,65.3,67.95,64.97,67.72,28481865,0.04763165062655912,-0.06654880975876412
2006-05-18 00:00:00+05:30,68.28,68.28,62.68,63.36,28758603,-0.06654880975876412,-0.06067394437115577
2006-05-19 00:00:00+05:30,63.68,65.91,58.85,59.63,26210782,-0.06067394437115577,-0.04739084181630629
2006-05-22 00:00:00+05:30,60.33,61.99,48.06,56.87,33862666,-0.04739084181630629,0.03676948258701114
2006-05-23 00:00:00+05:30,57.35,59.91,54.03,59.0,33751090,0.03676948258701114,-0.022106975182844327
2006-05-24 00:00:00+05:30,59.37,61.44,56.68,57.71,41959764,-0.022106975182844327,0.04107841632860235
2006-05-25 00:00:00+05:30,57.35,61.31,55.36,60.13,27733819,0.04107841632860235,0.009928924858006668
2006-05-26 00:00:00+05:30,60.99,62.98,59.28,60.73,30221465,0.009928924858006668,-0.02906987189449999
2006-05-29 00:00:00+05:30,60.99,61.64,58.37,58.99,23858241,-0.02906987189449999,-0.008170258214839275
2006-05-30 00:00:00+05:30,59.33,60.33,57.91,58.51,19662014,-0.008170258214839275,-0.0649601903841876
2006-05-31 00:00:00+05:30,57.68,57.68,53.3,54.83,46988706,-0.0649601903841876,-0.032248902820376894
2006-06-01 00:00:00+05:30,55.69,56.68,52.67,53.09,40695468,-0.032248902820376894,0.02621211507361829
2006-06-02 00:00:00+05:30,53.37,54.93,51.93,54.5,31766084,0.02621211507361829,-0.026965836609206335
2006-06-05 00:00:00+05:30,56.32,56.32,52.39,53.05,31931981,-0.026965836609206335,-0.047876349968100376
2006-06-06 00:00:00+05:30,49.72,52.85,48.4,50.57,45724993,-0.047876349968100376,-0.004955902699706591
2006-06-07 00:00:00+05:30,49.72,51.46,48.73,50.32,33321937,-0.004955902699706591,-0.02780755437765957
2006-06-08 00:00:00+05:30,50.05,50.55,46.57,48.94,44520097,-0.02780755437765957,0.0834633383330732
2006-06-09 00:00:00+05:30,49.06,53.6,49.06,53.2,34317378,0.0834633383330732,-0.038709565615955975
2006-06-12 00:00:00+05:30,53.37,53.37,50.72,51.18,21764761,-0.038709565615955975,-0.05419748897058375
2006-06-13 00:00:00+05:30,50.72,50.72,48.13,48.48,30494732,-0.05419748897058375,0.007398307481445146
2006-06-14 00:00:00+05:30,49.09,51.05,47.78,48.84,30849188,0.007398307481445146,0.054584351210694784
2006-06-15 00:00:00+05:30,49.39,52.37,49.39,51.58,26203714,0.054584351210694784,0.04770018539923718
2006-06-16 00:00:00+05:30,53.04,55.59,52.37,54.1,41024670,0.04770018539923718,0.008100191565006687
2006-06-19 00:00:00+05:30,53.38,55.03,53.1,54.54,18436664,0.008100191565006687,-0.017758513300979852
2006-06-20 00:00:00+05:30,53.7,54.86,52.46,53.58,21247459,-0.017758513300979852,0.043103823657351034
2006-06-21 00:00:00+05:30,53.37,56.55,53.04,55.94,24709094,0.043103823657351034,0.012259192351900143
2006-06-22 00:00:00+05:30,56.02,57.88,56.02,56.63,15735475,0.012259192351900143,-0.00017660044196018615
2006-06-23 00:00:00+05:30,56.02,57.01,54.86,56.62,16277988,-0.00017660044196018615,-0.026849652978350378
2006-06-26 00:00:00+05:30,57.33,57.33,54.56,55.12,12846836,-0.026849652978350378,0.05643246099499953
2006-06-27 00:00:00+05:30,55.36,58.59,54.69,58.32,32764885,0.05643246099499953,0.006324266869840391
2006-06-28 00:00:00+05:30,57.51,59.17,56.55,58.69,25240301,0.006324266869840391,-0.007181973415260212
2006-06-29 00:00:00+05:30,59.0,59.67,57.68,58.27,27033304,-0.007181973415260212,0.0368946081963292
2006-06-30 00:00:00+05:30,56.43,60.99,56.43,60.46,24455684,0.0368946081963292,0.014124064652301458
2006-07-03 00:00:00+05:30,60.66,61.95,60.21,61.32,16924548,0.014124064652301458,-0.033496747999933636
2006-07-04 00:00:00+05:30,61.32,61.94,59.09,59.3,22801278,-0.033496747999933636,0.031701268859298824
2006-07-05 00:00:00+05:30,59.33,61.32,58.74,61.21,23106546,0.031701268859298824,-0.01697050366107927
2006-07-06 00:00:00+05:30,60.66,60.99,59.73,60.18,9140524,-0.01697050366107927,-0.036207643185912075
2006-07-07 00:00:00+05:30,60.83,61.14,57.68,58.04,15875092,-0.036207643185912075,0.0
2006-07-10 00:00:00+05:30,58.01,58.31,56.82,58.04,14257807,0.0,0.005155536423588445
2006-07-11 00:00:00+05:30,58.31,58.61,57.68,58.34,9698287,0.005155536423588445,0.030553477981112385
2006-07-12 00:00:00+05:30,57.68,60.46,57.01,60.15,23599446,0.030553477981112385,-0.0016638938946953808
2006-07-13 00:00:00+05:30,60.3,60.76,59.38,60.05,23921952,-0.0016638938946953808,-0.025808972374068897
2006-07-14 00:00:00+05:30,59.67,59.67,58.17,58.52,13325156,-0.025808972374068897,-0.025440499843838962
2006-07-17 00:00:00+05:30,58.01,58.51,56.75,57.05,10234434,-0.025440499843838962,-0.014299828805675114
2006-07-18 00:00:00+05:30,58.01,58.01,55.52,56.24,13810883,-0.014299828805675114,-0.012884931303860401
2006-07-19 00:00:00+05:30,57.16,57.68,55.14,55.52,15784138,-0.012884931303860401,0.04421680200396777
2006-07-20 00:00:00+05:30,56.35,58.34,56.35,58.03,15498118,0.04421680200396777,-0.04529807801488496
2006-07-21 00:00:00+05:30,58.67,58.67,55.19,55.46,27703081,-0.04529807801488496,-0.01782837834637515
2006-07-24 00:00:00+05:30,55.42,55.42,53.45,54.48,22322514,-0.01782837834637515,-0.0014695079793599947
2006-07-25 00:00:00+05:30,56.02,58.01,54.03,54.4,28029393,-0.0014695079793599947,0.023436443739680266
2006-07-26 00:00:00+05:30,54.36,56.0,54.36,55.69,25183613,0.023436443739680266,-0.006304623242797286
2006-07-27 00:00:00+05:30,55.69,56.6,54.1,55.34,42756983,-0.006304623242797286,-0.014561596941337487
2006-07-28 00:00:00+05:30,55.85,56.32,54.4,54.54,18451322,-0.014561596941337487,0.01726844692036751
2006-07-31 00:00:00+05:30,55.03,56.02,55.03,55.49,12608006,0.01726844692036751,0.010932988190840685
2006-08-01 00:00:00+05:30,55.59,56.35,54.93,56.1,12787223,0.010932988190840685,0.02430124868217338
2006-08-02 00:00:00+05:30,56.19,57.63,55.66,57.48,14941477,0.02430124868217338,-0.008385793376273959
2006-08-03 00:00:00+05:30,57.64,58.31,56.57,57.0,17172513,-0.008385793376273959,-0.022173857494321967
2006-08-04 00:00:00+05:30,57.35,57.56,55.61,55.75,16642332,-0.022173857494321967,0.0012548177679479221
2006-08-07 00:00:00+05:30,55.75,56.15,55.31,55.82,10232358,0.0012548177679479221,0.022671888553788346
2006-08-08 00:00:00+05:30,55.99,57.28,55.82,57.1,9435589,0.022671888553788346,0.037299159137782305
2006-08-09 00:00:00+05:30,57.23,59.47,56.52,59.27,17542644,0.037299159137782305,-0.014102688917248116
2006-08-10 00:00:00+05:30,59.63,59.63,58.01,58.44,16002249,-0.014102688917248116,-0.00600705487805747
2006-08-11 00:00:00+05:30,58.34,59.3,57.68,58.09,6830045,-0.00600705487805747,0.018759076698192344
2006-08-14 00:00:00+05:30,58.57,59.5,58.49,59.19,8758222,0.018759076698192344,0.0129250645317634
2006-08-16 00:00:00+05:30,59.73,60.43,59.7,59.96,13425620,0.0129250645317634,0.001166764029354689
2006-08-17 00:00:00+05:30,60.0,60.59,59.24,60.03,11874954,0.001166764029354689,-0.007524489978615537
2006-08-18 00:00:00+05:30,60.1,60.63,59.33,59.58,7852697,-0.007524489978615537,0.00552348881069725
2006-08-21 00:00:00+05:30,59.78,60.3,58.67,59.91,9925768,0.00552348881069725,0.0064886676373062694
2006-08-22 00:00:00+05:30,60.0,60.76,60.0,60.3,6831737,0.0064886676373062694,-0.017228827933392876
2006-08-23 00:00:00+05:30,60.0,60.33,59.09,59.27,7613819,-0.017228827933392876,0.006893680095758549
2006-08-24 00:00:00+05:30,58.7,59.82,58.17,59.68,7514996,0.006893680095758549,0.0006700167754842812
2006-08-25 00:00:00+05:30,59.83,60.4,59.37,59.72,9206263,0.0006700167754842812,-0.00033495227243311883
2006-08-28 00:00:00+05:30,59.67,60.3,59.5,59.7,8933527,-0.00033495227243311883,0.024978554464421963
2006-08-29 00:00:00+05:30,59.67,61.39,59.67,61.21,17499705,0.024978554464421963,0.014435414076454635
2006-08-30 00:00:00+05:30,61.32,62.28,60.56,62.1,14582830,0.014435414076454635,0.021978906718775167
2006-08-31 00:00:00+05:30,62.62,63.84,62.12,63.48,38691583,0.021978906718775167,-0.01029222924335264
2006-09-01 00:00:00+05:30,63.18,63.98,62.58,62.83,16939068,-0.01029222924335264,0.0031781371101630256
2006-09-04 00:00:00+05:30,63.23,63.78,62.68,63.03,8095312,0.0031781371101630256,-0.012934312055527808
2006-09-05 00:00:00+05:30,63.4,63.4,62.0,62.22,10632441,-0.012934312055527808,0.007365926018329203
2006-09-06 00:00:00+05:30,62.48,63.38,62.02,62.68,13445606,0.007365926018329203,-0.016731407035905053
2006-09-07 00:00:00+05:30,62.32,62.52,61.37,61.64,8816425,-0.016731407035905053,0.010650415341492322
2006-09-08 00:00:00+05:30,61.99,62.65,61.17,62.3,16586223,0.010650415341492322,-0.0316347918937593
2006-09-11 00:00:00+05:30,62.91,62.98,59.9,60.36,16053768,-0.0316347918937593,-0.002488182423291688
2006-09-12 00:00:00+05:30,60.3,60.63,58.34,60.21,16517640,-0.002488182423291688,0.006621444486837103
2006-09-13 00:00:00+05:30,60.66,61.44,60.33,60.61,15808786,0.006621444486837103,0.0013190438845701326
2006-09-14 00:00:00+05:30,60.33,61.29,60.33,60.69,7606808,0.0013190438845701326,-0.003466207976486284
2006-09-15 00:00:00+05:30,60.66,60.86,60.08,60.48,9835042,-0.003466207976486284,0.025950048554283813
2006-09-18 00:00:00+05:30,61.62,62.32,60.71,62.07,15505528,0.025950048554283813,-0.016897233869157757
2006-09-19 00:00:00+05:30,62.32,62.78,60.66,61.03,10018440,-0.016897233869157757,0.01721939882039783
2006-09-20 00:00:00+05:30,61.06,62.32,60.03,62.09,12818303,0.01721939882039783,0.017719355776010273
2006-09-21 00:00:00+05:30,62.48,63.31,62.32,63.2,12424193,0.017719355776010273,-0.014021899590318989
2006-09-22 00:00:00+05:30,63.63,63.63,62.0,62.32,14341396,-0.014021899590318989,-0.019116085099804378
2006-09-25 00:00:00+05:30,62.32,62.65,61.01,61.14,14010298,-0.019116085099804378,-0.0037689516142952236
2006-09-26 00:00:00+05:30,61.49,61.49,59.95,60.91,30481157,-0.0037689516142952236,0.010290005045502598
2006-09-27 00:00:00+05:30,61.24,62.27,61.24,61.54,14906359,0.010290005045502598,-0.007339183232220143
2006-09-28 00:00:00+05:30,61.65,61.79,60.69,61.09,11227404,-0.007339183232220143,0.018328304807815287
2006-09-29 00:00:00+05:30,61.52,62.45,61.14,62.22,11336535,0.018328304807815287,0.0008032774148696749
2006-10-03 00:00:00+05:30,61.65,62.96,61.37,62.27,8223061,0.0008032774148696749,-0.01504761019825511
2006-10-04 00:00:00+05:30,62.32,62.38,60.91,61.34,12190319,-0.01504761019825511,0.011508352964510733
2006-10-05 00:00:00+05:30,61.39,62.32,61.39,62.05,7205582,0.011508352964510733,-0.014283638396142684
2006-10-06 00:00:00+05:30,62.43,62.43,61.07,61.17,12588932,-0.014283638396142684,0.0011436975350095637
2006-10-09 00:00:00+05:30,61.32,61.89,60.66,61.24,7987127,0.0011436975350095637,0.001957586269517629
2006-10-10 00:00:00+05:30,61.65,61.65,61.04,61.36,8261776,0.001957586269517629,0.0021164029063776937
2006-10-11 00:00:00+05:30,61.32,61.97,60.99,61.49,13569503,0.0021164029063776937,0.0029230290380231087
2006-10-12 00:00:00+05:30,61.72,61.89,60.69,61.67,10538475,0.0029230290380231087,0.014488341006870587
2006-10-13 00:00:00+05:30,62.32,63.15,61.74,62.57,14734567,0.014488341006870587,0.030689323246735897
2006-10-16 00:00:00+05:30,63.31,64.7,62.86,64.52,22956801,0.030689323246735897,-0.0046605645956402375
2006-10-17 00:00:00+05:30,65.2,65.2,63.79,64.22,10440924,-0.0046605645956402375,0.004505561882782494
2006-10-18 00:00:00+05:30,64.31,64.8,63.61,64.51,11865819,0.004505561882782494,-0.020515949391338568
2006-10-19 00:00:00+05:30,64.51,64.84,62.63,63.2,12032789,-0.020515949391338568,-0.022886491445003977
2006-10-20 00:00:00+05:30,62.98,63.98,61.26,61.77,13108994,-0.022886491445003977,-0.007474847933211209
2006-10-23 00:00:00+05:30,62.68,62.68,61.09,61.31,6601703,-0.007474847933211209,-0.00457741521819302
2006-10-26 00:00:00+05:30,61.65,61.89,60.33,61.03,27002704,-0.00457741521819302,0.019310944913087307
2006-10-27 00:00:00+05:30,61.8,62.43,61.32,62.22,10649079,0.019310944913087307,-0.0012865875045895599
2006-10-30 00:00:00+05:30,62.65,62.98,61.82,62.14,11031780,-0.0012865875045895599,0.013427311707977119
2006-10-31 00:00:00+05:30,62.32,63.33,62.19,62.98,12881798,0.013427311707977119,0.004277911934751
2006-11-01 00:00:00+05:30,63.31,63.64,62.95,63.25,8397226,0.004277911934751,-0.012248622076199086
2006-11-02 00:00:00+05:30,63.06,63.38,62.32,62.48,6026840,-0.012248622076199086,-0.006100516591997385
2006-11-03 00:00:00+05:30,62.65,62.72,61.74,62.1,7871771,-0.006100516591997385,0.020717872503747032
2006-11-06 00:00:00+05:30,62.25,63.56,61.61,63.4,15075313,0.020717872503747032,-0.012379145544920613
2006-11-07 00:00:00+05:30,63.64,63.91,62.35,62.62,10495476,-0.012379145544920613,-0.018535464979341495
2006-11-08 00:00:00+05:30,62.8,62.88,61.12,61.47,14780578,-0.018535464979341495,0.008585134126173578
2006-11-09 00:00:00+05:30,61.99,62.27,61.46,62.0,10499421,0.008585134126173578,-0.005661155434738223
2006-11-10 00:00:00+05:30,62.65,62.65,61.41,61.65,6605354,-0.005661155434738223,-0.0025986696449748843
2006-11-13 00:00:00+05:30,61.99,62.77,61.41,61.49,11175219,-0.0025986696449748843,-0.00750901340897481
2006-11-14 00:00:00+05:30,61.9,61.97,60.89,61.03,11194038,-0.00750901340897481,0.008809192366715174
2006-11-15 00:00:00+05:30,61.65,61.85,60.86,61.57,9120139,0.008809192366715174,-0.0016254880042006923
2006-11-16 00:00:00+05:30,61.39,61.99,61.07,61.47,10697682,-0.0016254880042006923,-0.020046678548153722
2006-11-17 00:00:00+05:30,61.69,61.79,60.03,60.25,12317012,-0.020046678548153722,-0.019440867013181148
2006-11-20 00:00:00+05:30,59.7,61.22,57.68,59.09,31448726,-0.019440867013181148,0.030828068199979717
2006-11-21 00:00:00+05:30,59.8,61.24,59.33,60.94,12180686,0.030828068199979717,-0.01371355650649233
2006-11-22 00:00:00+05:30,61.32,61.79,59.83,60.11,16105227,-0.01371355650649233,-0.011881990682471425
2006-11-23 00:00:00+05:30,60.33,60.79,59.27,59.4,11908557,-0.011881990682471425,0.0021861607966995994
2006-11-24 00:00:00+05:30,59.4,60.46,59.17,59.53,8224039,0.0021861607966995994,0.007197286069098216
2006-11-27 00:00:00+05:30,59.67,60.26,59.53,59.96,11498343,0.007197286069098216,-0.007197286069098194
2006-11-28 00:00:00+05:30,59.67,59.75,59.04,59.53,7767845,-0.007197286069098194,0.025376600141432965
2006-11-29 00:00:00+05:30,59.58,61.32,59.57,61.06,8987374,0.025376600141432965,0.004901169752268882
2006-11-30 00:00:00+05:30,61.32,61.99,60.45,61.36,11493648,0.004901169752268882,0.014239722811135428
2006-12-01 00:00:00+05:30,61.65,62.32,61.06,62.24,13088639,0.014239722811135428,0.008479372459304219
2006-12-04 00:00:00+05:30,62.32,62.98,61.36,62.77,11211816,0.008479372459304219,0.005243517217727018
2006-12-05 00:00:00+05:30,62.98,63.63,62.65,63.1,18253628,0.005243517217727018,-0.010835032704534151
2006-12-06 00:00:00+05:30,63.1,63.63,61.84,62.42,9377806,-0.010835032704534151,-0.0080425075611617
2006-12-07 00:00:00+05:30,62.32,62.73,61.65,61.92,4184652,-0.0080425075611617,-0.009085072222470982
2006-12-08 00:00:00+05:30,61.95,61.99,60.91,61.36,6889145,-0.009085072222470982,-0.028264008515075628
2006-12-11 00:00:00+05:30,61.36,61.41,59.02,59.65,11272611,-0.028264008515075628,-0.03705708733310101
2006-12-12 00:00:00+05:30,59.53,59.98,55.19,57.48,17178255,-0.03705708733310101,0.00017395842437543913
2006-12-13 00:00:00+05:30,59.67,59.67,56.35,57.49,12919403,0.00017395842437543913,0.019294310853138246
2006-12-14 00:00:00+05:30,58.01,59.07,57.41,58.61,6936638,0.019294310853138246,-0.012360672397424602
2006-12-15 00:00:00+05:30,59.0,59.47,57.43,57.89,18921239,-0.012360672397424602,-0.003460809822115194
2006-12-18 00:00:00+05:30,58.47,58.47,56.75,57.69,14526028,-0.003460809822115194,-0.032951620160621926
2006-12-19 00:00:00+05:30,57.61,57.94,55.36,55.82,16318743,-0.032951620160621926,0.011754365076810496
2006-12-20 00:00:00+05:30,56.02,58.67,56.02,56.48,27403465,0.011754365076810496,0.0021223920241507334
2006-12-21 00:00:00+05:30,57.48,57.48,55.74,56.6,9850330,0.0021223920241507334,-0.0067364197307515
2006-12-22 00:00:00+05:30,56.77,56.98,56.02,56.22,11251536,-0.0067364197307515,0.028753734069603232
2006-12-26 00:00:00+05:30,57.28,58.01,56.45,57.86,10639170,0.028753734069603232,0.013731764001315958
2006-12-27 00:00:00+05:30,58.01,58.87,57.88,58.66,7060955,0.013731764001315958,0.005270776463107779
2006-12-28 00:00:00+05:30,58.67,59.4,58.09,58.97,10515465,0.005270776463107779,-0.010226780796713165
2006-12-29 00:00:00+05:30,59.15,59.25,57.93,58.37,8681221,-0.010226780796713165,0.005126463722068852
2007-01-02 00:00:00+05:30,58.51,59.09,58.24,58.67,6657818,0.005126463722068852,-0.008730689712504652
2007-01-03 00:00:00+05:30,58.67,58.9,57.88,58.16,7395506,-0.008730689712504652,-0.0378461424901146
2007-01-04 00:00:00+05:30,58.42,58.9,55.72,56.0,21553207,-0.0378461424901146,-0.02184399518482484
2007-01-05 00:00:00+05:30,56.35,56.68,54.69,54.79,28292769,-0.02184399518482484,-0.015820786201188694
2007-01-08 00:00:00+05:30,54.86,55.26,53.73,53.93,14032624,-0.015820786201188694,-0.003901537694098837
2007-01-09 00:00:00+05:30,54.36,55.29,53.57,53.72,16982463,-0.003901537694098837,0.006679060079671758
2007-01-10 00:00:00+05:30,53.7,54.46,53.07,54.08,15930082,0.006679060079671758,0.03649311178553693
2007-01-11 00:00:00+05:30,54.28,56.35,53.95,56.09,21222451,0.03649311178553693,0.011169338703626444
2007-01-12 00:00:00+05:30,56.62,57.05,55.97,56.72,15254863,0.011169338703626444,0.005099808819618403
2007-01-15 00:00:00+05:30,57.61,57.61,56.02,57.01,12361964,0.005099808819618403,-0.0019313499112052373
2007-01-16 00:00:00+05:30,57.51,57.51,56.22,56.9,8303581,-0.0019313499112052373,-0.012556536008178387
2007-01-17 00:00:00+05:30,56.35,57.31,56.02,56.19,6100346,-0.012556536008178387,0.015714987484528813
2007-01-18 00:00:00+05:30,56.35,57.35,55.57,57.08,16888899,0.015714987484528813,0.019603368675008573
2007-01-19 00:00:00+05:30,56.62,58.57,56.62,58.21,20980402,0.019603368675008573,0.018889355986087136
2007-01-22 00:00:00+05:30,58.66,60.0,57.53,59.32,16863651,0.018889355986087136,-0.009655364245463009
2007-01-23 00:00:00+05:30,59.67,59.67,58.37,58.75,9808141,-0.009655364245463009,0.005770552333315015
2007-01-24 00:00:00+05:30,58.67,59.33,58.34,59.09,7522073,0.005770552333315015,-0.0023720783742033156
2007-01-25 00:00:00+05:30,59.0,60.0,57.73,58.95,24341210,-0.0023720783742033156,-0.0352185543683475
2007-01-29 00:00:00+05:30,58.54,59.6,56.68,56.91,16677945,-0.0352185543683475,0.0169008291482507
2007-01-31 00:00:00+05:30,57.01,59.17,56.15,57.88,25075184,0.0169008291482507,0.0013812156891984332
2007-02-01 00:00:00+05:30,57.38,58.84,57.38,57.96,10288755,0.0013812156891984332,0.013027266853778476
2007-02-02 00:00:00+05:30,58.26,59.33,58.11,58.72,9782332,0.013027266853778476,0.0025512387339098534
2007-02-05 00:00:00+05:30,58.72,59.0,58.37,58.87,6866087,0.0025512387339098534,-0.014371504837653011
2007-02-06 00:00:00+05:30,58.87,59.45,57.71,58.03,12083708,-0.014371504837653011,0.0036122856859135658
2007-02-07 00:00:00+05:30,58.39,58.57,57.84,58.24,8916532,0.0036122856859135658,0.004283395566503816
2007-02-08 00:00:00+05:30,58.04,58.82,57.38,58.49,8272231,0.004283395566503816,-0.0003419972673552968
2007-02-09 00:00:00+05:30,58.66,58.75,57.81,58.47,10729059,-0.0003419972673552968,-0.006003963485496949
2007-02-12 00:00:00+05:30,58.47,58.57,56.78,58.12,8021383,-0.006003963485496949,-0.012291334522536782
2007-02-13 00:00:00+05:30,57.68,58.67,56.28,57.41,16235454,-0.012291334522536782,0.004345188030710793
2007-02-14 00:00:00+05:30,57.06,58.09,55.85,57.66,7154687,0.004345188030710793,0.0017328023743147778
2007-02-15 00:00:00+05:30,58.01,58.57,56.73,57.76,11097240,0.0017328023743147778,0.0008652765098139022
2007-02-19 00:00:00+05:30,58.17,58.31,57.46,57.81,8567668,0.0008652765098139022,0.008268780963073746
2007-02-20 00:00:00+05:30,57.71,58.51,57.71,58.29,8821963,0.008268780963073746,-0.007922879887331508
2007-02-21 00:00:00+05:30,58.34,58.47,57.38,57.83,9789979,-0.007922879887331508,0.0
2007-02-22 00:00:00+05:30,57.68,58.67,57.01,57.83,15327259,0.0,-0.04346974133525113
2007-02-23 00:00:00+05:30,57.68,57.98,54.84,55.37,27536062,-0.04346974133525113,0.019317359760795308
2007-02-26 00:00:00+05:30,55.44,57.41,55.32,56.45,24680456,0.019317359760795308,-0.03039529017542302
2007-02-27 00:00:00+05:30,56.85,57.01,54.51,54.76,13072532,-0.03039529017542302,0.0385110721947843
2007-02-28 00:00:00+05:30,54.03,59.67,51.41,56.91,63224587,0.0385110721947843,0.004733114279133279
2007-03-01 00:00:00+05:30,57.25,58.01,55.99,57.18,26388073,0.004733114279133279,-0.03415486739889534
2007-03-02 00:00:00+05:30,57.05,57.28,54.73,55.26,31672967,-0.03415486739889534,-0.02770565248749831
2007-03-05 00:00:00+05:30,55.03,55.19,52.12,53.75,25240508,-0.02770565248749831,-0.000558295352735339
2007-03-06 00:00:00+05:30,54.63,54.99,53.27,53.72,14398321,-0.000558295352735339,-0.024115712759537722
2007-03-07 00:00:00+05:30,54.03,54.36,52.29,52.44,17483988,-0.024115712759537722,0.010999541965380517
2007-03-08 00:00:00+05:30,53.04,53.37,52.04,53.02,23492412,0.010999541965380517,-0.03688470365122078
2007-03-09 00:00:00+05:30,53.7,54.25,50.55,51.1,34113186,-0.03688470365122078,-0.03667210451726694
2007-03-12 00:00:00+05:30,49.82,51.94,48.73,49.26,51718414,-0.03667210451726694,0.0022305595783796467
2007-03-13 00:00:00+05:30,49.39,50.02,48.43,49.37,32372398,0.0022305595783796467,-0.0413538353351111
2007-03-14 00:00:00+05:30,48.43,48.73,43.09,47.37,40126140,-0.0413538353351111,0.030355761137908537
2007-03-15 00:00:00+05:30,48.06,49.97,48.06,48.83,24062603,0.030355761137908537,-0.015478587846616772
2007-03-16 00:00:00+05:30,49.36,49.71,47.43,48.08,15727411,-0.015478587846616772,-0.021230434813901206
2007-03-19 00:00:00+05:30,48.23,49.72,46.75,47.07,18642566,-0.021230434813901206,-0.008105846430205264
2007-03-20 00:00:00+05:30,47.9,47.9,46.41,46.69,34806834,-0.008105846430205264,0.026211604188694254
2007-03-21 00:00:00+05:30,46.74,48.33,46.74,47.93,32466682,0.026211604188694254,0.032433056201791745
2007-03-22 00:00:00+05:30,48.36,49.69,48.36,49.51,27042271,0.032433056201791745,-0.035567527475668104
2007-03-23 00:00:00+05:30,49.39,49.72,47.62,47.78,32592319,-0.035567527475668104,-0.013273132818196974
2007-03-26 00:00:00+05:30,48.06,49.36,47.07,47.15,21772438,-0.013273132818196974,0.007816665974923023
2007-03-28 00:00:00+05:30,47.07,47.73,46.57,47.52,20220226,0.007816665974923023,0.02473367276406185
2007-03-29 00:00:00+05:30,47.73,49.22,47.4,48.71,32196148,0.02473367276406185,0.028136660272367872
2007-03-30 00:00:00+05:30,48.73,50.8,48.11,50.1,35738760,0.028136660272367872,-0.029163670735442657
2007-04-02 00:00:00+05:30,50.12,50.12,48.41,48.66,16758243,-0.029163670735442657,0.018326719405565333
2007-04-03 00:00:00+05:30,48.73,49.82,48.73,49.56,9187075,0.018326719405565333,-0.007900375337093717
2007-04-04 00:00:00+05:30,51.28,51.28,48.93,49.17,13416407,-0.007900375337093717,-0.0008138352432911581
2007-04-05 00:00:00+05:30,49.11,49.39,48.73,49.13,4815345,-0.0008138352432911581,0.04672353654736898
2007-04-09 00:00:00+05:30,48.83,51.68,48.83,51.48,12624926,0.04672353654736898,0.028909833776744796
2007-04-10 00:00:00+05:30,51.58,53.2,51.38,52.99,19166198,0.028909833776744796,0.003955179842928014
2007-04-11 00:00:00+05:30,53.33,53.95,52.71,53.2,15043282,0.003955179842928014,-0.02686131591179873
2007-04-12 00:00:00+05:30,52.77,53.2,51.5,51.79,10596684,-0.02686131591179873,-0.01792372160112644
2007-04-13 00:00:00+05:30,52.27,52.77,50.43,50.87,15979357,-0.01792372160112644,0.032301425422720284
2007-04-16 00:00:00+05:30,51.38,52.77,51.38,52.54,10643979,0.032301425422720284,-0.015536900241970096
2007-04-17 00:00:00+05:30,52.67,52.87,51.4,51.73,9280150,-0.015536900241970096,0.00539812376955731
2007-04-18 00:00:00+05:30,51.89,52.54,51.58,52.01,14287435,0.00539812376955731,0.013938173140159714
2007-04-19 00:00:00+05:30,51.73,53.04,51.31,52.74,16005591,0.013938173140159714,0.008120146591106372
2007-04-20 00:00:00+05:30,53.17,53.75,52.9,53.17,19757675,0.008120146591106372,-0.025911146689550177
2007-04-23 00:00:00+05:30,53.37,53.77,51.31,51.81,22882266,-0.025911146689550177,0.0009645992838214416
2007-04-24 00:00:00+05:30,51.81,52.24,51.31,51.86,19663193,0.0009645992838214416,0.03356083288431559
2007-04-25 00:00:00+05:30,51.88,53.87,51.43,53.63,21856165,0.03356083288431559,-0.0014928161010761426
2007-04-26 00:00:00+05:30,54.03,54.36,53.07,53.55,22980006,-0.0014928161010761426,-0.005617992304223261
2007-04-27 00:00:00+05:30,53.7,53.7,52.75,53.25,8153674,-0.005617992304223261,-0.003762939529542384
2007-04-30 00:00:00+05:30,53.53,53.7,52.08,53.05,9915274,-0.003762939529542384,0.010873747934841744
2007-05-03 00:00:00+05:30,53.6,54.0,53.09,53.63,6227813,0.010873747934841744,-0.004672469018455785
2007-05-04 00:00:00+05:30,54.03,54.03,53.0,53.38,9665788,-0.004672469018455785,-0.0001873536305246705
2007-05-07 00:00:00+05:30,53.63,53.93,52.9,53.37,12294479,-0.0001873536305246705,-0.006202444468246402
2007-05-08 00:00:00+05:30,53.37,53.63,52.75,53.04,12569366,-0.006202444468246402,0.0043269750513006905
2007-05-09 00:00:00+05:30,53.04,53.65,52.67,53.27,10645314,0.0043269750513006905,0.018413986301877884
2007-05-10 00:00:00+05:30,54.33,55.41,53.25,54.26,18133364,0.018413986301877884,-0.009443640223013479
2007-05-11 00:00:00+05:30,54.0,54.01,53.09,53.75,13169126,-0.009443640223013479,-0.000558295352735339
2007-05-14 00:00:00+05:30,54.36,54.83,53.53,53.72,6411635,-0.000558295352735339,-0.0003723701402177191
2007-05-15 00:00:00+05:30,53.72,54.36,53.29,53.7,6061328,-0.0003723701402177191,0.008529627089200376
2007-05-16 00:00:00+05:30,53.7,54.33,53.04,54.16,7609808,0.008529627089200376,0.01046937655180733
2007-05-17 00:00:00+05:30,54.36,55.12,54.05,54.73,13154111,0.01046937655180733,0.01198706688918577
2007-05-18 00:00:00+05:30,54.66,55.69,53.88,55.39,10173555,0.01198706688918577,0.022139808080701134
2007-05-21 00:00:00+05:30,55.69,57.01,55.61,56.63,10351029,0.022139808080701134,-0.0008833142522925652
2007-05-22 00:00:00+05:30,56.68,56.98,54.88,56.58,12871127,-0.0008833142522925652,-0.026324377978277153
2007-05-23 00:00:00+05:30,56.27,56.68,54.89,55.11,10512864,-0.026324377978277153,-0.0009076881806826725
2007-05-24 00:00:00+05:30,55.36,55.42,54.58,55.06,7986641,-0.0009076881806826725,0.004168560635380351
2007-05-25 00:00:00+05:30,54.73,55.9,54.06,55.29,11694636,0.004168560635380351,-0.002354007424740628
2007-05-28 00:00:00+05:30,55.69,56.19,54.86,55.16,10411938,-0.002354007424740628,-0.008557175566419724
2007-05-29 00:00:00+05:30,56.02,56.02,54.51,54.69,10864389,-0.008557175566419724,-0.016407410190942672
2007-05-30 00:00:00+05:30,54.69,54.69,53.09,53.8,30856961,-0.016407410190942672,0.009250759772150997
2007-05-31 00:00:00+05:30,54.05,55.16,53.4,54.3,26342968,0.009250759772150997,-0.017088082963511563
2007-06-01 00:00:00+05:30,53.9,54.69,53.09,53.38,31177505,-0.017088082963511563,0.023696036523543844
2007-06-04 00:00:00+05:30,54.63,54.96,53.77,54.66,14650327,0.023696036523543844,-0.018650711423214394
2007-06-05 00:00:00+05:30,54.61,54.61,53.42,53.65,14783869,-0.018650711423214394,-0.02510276192776417
2007-06-06 00:00:00+05:30,54.93,54.93,48.06,52.32,14823637,-0.02510276192776417,-0.01871377077437602
2007-06-07 00:00:00+05:30,52.36,52.66,51.21,51.35,12413666,-0.01871377077437602,-0.02824321231339505
2007-06-08 00:00:00+05:30,51.05,51.35,49.69,49.92,27382990,-0.02824321231339505,0.021599967873662966
2007-06-11 00:00:00+05:30,50.72,51.68,50.38,51.01,13144016,0.021599967873662966,-0.00019605921050935067
2007-06-12 00:00:00+05:30,51.38,51.5,50.62,51.0,7473272,-0.00019605921050935067,-0.01183445764700291
2007-06-13 00:00:00+05:30,51.05,51.05,50.15,50.4,8674150,-0.01183445764700291,-0.0029806281381377893
2007-06-14 00:00:00+05:30,50.8,51.18,50.17,50.25,11590311,-0.0029806281381377893,0.0053587505431053045
2007-06-15 00:00:00+05:30,50.68,50.88,50.37,50.52,14691451,0.0053587505431053045,0.003951012646679989
2007-06-18 00:00:00+05:30,50.62,50.96,50.5,50.72,17788935,0.003951012646679989,0.00019714144962808112
2007-06-19 00:00:00+05:30,50.72,51.05,50.63,50.73,8077507,0.00019714144962808112,0.013120720882520741
2007-06-20 00:00:00+05:30,50.98,51.59,50.68,51.4,7825547,0.013120720882520741,-0.004289341729476657
2007-06-21 00:00:00+05:30,51.05,51.46,50.65,51.18,16913532,-0.004289341729476657,-0.0025432861209682897
2007-06-22 00:00:00+05:30,50.75,51.28,50.75,51.05,17098119,-0.0025432861209682897,0.0009789525989841986
2007-06-25 00:00:00+05:30,51.38,51.38,50.8,51.1,14121193,0.0009789525989841986,0.0
2007-06-26 00:00:00+05:30,50.87,51.54,50.72,51.1,7738238,0.0,-0.003528723520453013
2007-06-27 00:00:00+05:30,51.21,51.21,50.67,50.92,8236036,-0.003528723520453013,0.009576932378207444
2007-06-28 00:00:00+05:30,51.05,52.19,50.65,51.41,17808384,0.009576932378207444,-0.002531893454998551
2007-06-29 00:00:00+05:30,52.04,52.08,50.93,51.28,6677900,-0.002531893454998551,-0.004495268001740161
2007-07-02 00:00:00+05:30,51.38,51.45,50.96,51.05,10219308,-0.004495268001740161,0.015163587590940565
2007-07-03 00:00:00+05:30,51.05,51.96,51.05,51.83,5487096,0.015163587590940565,0.010173808840084047
2007-07-04 00:00:00+05:30,51.83,52.52,51.71,52.36,3888721,0.010173808840084047,-0.014815085785140587
2007-07-05 00:00:00+05:30,52.41,52.52,51.38,51.59,6717614,-0.014815085785140587,-0.0009696500323396116
2007-07-06 00:00:00+05:30,48.06,52.51,48.06,51.54,16496751,-0.0009696500323396116,0.0009696500323395769
2007-07-09 00:00:00+05:30,51.73,52.17,51.33,51.59,7851905,0.0009696500323395769,-0.01248309558782468
2007-07-10 00:00:00+05:30,51.56,51.56,50.72,50.95,14160874,-0.01248309558782468,-0.007486244576842242
2007-07-11 00:00:00+05:30,50.98,51.05,50.15,50.57,20742805,-0.007486244576842242,0.002172840361046706
2007-07-12 00:00:00+05:30,50.72,51.31,50.52,50.68,26373148,0.002172840361046706,0.016050452216752265
2007-07-13 00:00:00+05:30,50.92,52.19,50.92,51.5,20526736,0.016050452216752265,-0.007210398577782581
2007-07-16 00:00:00+05:30,51.38,52.19,50.58,51.13,28828725,-0.007210398577782581,0.009344043068727931
2007-07-17 00:00:00+05:30,51.71,51.88,51.21,51.61,30673622,0.009344043068727931,-0.010322420996297306
2007-07-18 00:00:00+05:30,51.69,51.83,50.65,51.08,14444791,-0.010322420996297306,-0.0009793360884584417
2007-07-19 00:00:00+05:30,51.21,51.38,50.6,51.03,10766112,-0.0009793360884584417,0.002935135655762573
2007-07-20 00:00:00+05:30,51.36,51.38,50.75,51.18,7099652,0.002935135655762573,-0.00509305704243696
2007-07-23 00:00:00+05:30,50.75,51.21,50.72,50.92,6378629,-0.00509305704243696,-0.00927302688958783
2007-07-24 00:00:00+05:30,51.05,51.28,50.38,50.45,15162238,-0.00927302688958783,0.08616860372010536
2007-07-25 00:00:00+05:30,50.47,55.36,50.38,54.99,75164497,0.08616860372010536,0.01085197844565485
2007-07-26 00:00:00+05:30,55.03,56.19,53.73,55.59,32333974,0.01085197844565485,0.027676061275441446
2007-07-27 00:00:00+05:30,55.03,59.63,53.22,57.15,76837182,0.027676061275441446,-0.02911620553874972
2007-07-30 00:00:00+05:30,58.34,58.34,55.08,55.51,32218285,-0.02911620553874972,0.020858230120409788
2007-07-31 00:00:00+05:30,55.69,57.99,55.66,56.68,23817834,0.020858230120409788,-0.02338348398760395
2007-08-01 00:00:00+05:30,56.52,56.68,54.46,55.37,18224288,-0.02338348398760395,0.004504917970943041
2007-08-02 00:00:00+05:30,55.67,56.25,54.69,55.62,12891413,0.004504917970943041,0.011618684639368977
2007-08-03 00:00:00+05:30,55.82,57.25,55.77,56.27,15345718,0.011618684639368977,0.016392364940564525
2007-08-06 00:00:00+05:30,54.69,57.51,54.41,57.2,11314680,0.016392364940564525,-0.03305792402697239
2007-08-07 00:00:00+05:30,57.35,57.99,55.12,55.34,20172526,-0.03305792402697239,0.002706849979030012
2007-08-08 00:00:00+05:30,57.01,57.35,55.09,55.49,14994133,0.002706849979030012,-0.020758210770591444
2007-08-09 00:00:00+05:30,56.19,56.65,54.15,54.35,13873091,-0.020758210770591444,-0.0035019849631989656
2007-08-10 00:00:00+05:30,54.2,54.58,51.78,54.16,13346579,-0.0035019849631989656,0.008640553803606857
2007-08-13 00:00:00+05:30,54.69,55.01,54.06,54.63,7220984,0.008640553803606857,0.0010976949510549917
2007-08-14 00:00:00+05:30,55.01,55.21,54.01,54.69,8351323,0.0010976949510549917,-0.045832392390505634
2007-08-16 00:00:00+05:30,53.7,54.03,51.5,52.24,17810766,-0.045832392390505634,-0.02598556141169861
2007-08-17 00:00:00+05:30,52.37,52.87,50.52,50.9,24009221,-0.02598556141169861,0.01772025727021989
2007-08-20 00:00:00+05:30,52.71,52.71,51.71,51.81,16638948,0.01772025727021989,-0.026600434027078967
2007-08-21 00:00:00+05:30,52.37,52.37,50.3,50.45,18261797,-0.026600434027078967,0.03906822763910962
2007-08-22 00:00:00+05:30,51.35,53.24,50.88,52.46,29450805,0.03906822763910962,0.013443353077519564
2007-08-23 00:00:00+05:30,53.07,54.36,52.85,53.17,17020404,0.013443353077519564,0.007681536600215503
2007-08-24 00:00:00+05:30,52.31,54.2,52.31,53.58,6046631,0.007681536600215503,0.02123614103936416
2007-08-27 00:00:00+05:30,54.2,54.86,53.73,54.73,7344527,0.02123614103936416,0.014151179546243182
2007-08-28 00:00:00+05:30,54.73,56.42,52.08,55.51,20472178,0.014151179546243182,0.006464378768987507
2007-08-29 00:00:00+05:30,54.03,56.32,54.03,55.87,13940201,0.006464378768987507,0.01791622202392817
2007-08-30 00:00:00+05:30,55.69,57.33,55.69,56.88,42645461,0.01791622202392817,-0.004581505811231969
2007-08-31 00:00:00+05:30,57.18,57.18,56.32,56.62,11197032,-0.004581505811231969,0.017333884060538225
2007-09-03 00:00:00+05:30,56.57,57.88,56.35,57.61,11297970,0.017333884060538225,-0.00609386407432278
2007-09-04 00:00:00+05:30,57.91,57.91,56.47,57.26,8059726,-0.00609386407432278,-0.004024854501521442
2007-09-05 00:00:00+05:30,57.33,57.51,56.52,57.03,6402995,-0.004024854501521442,0.016693136719901844
2007-09-06 00:00:00+05:30,56.43,58.59,56.43,57.99,7050149,0.016693136719901844,0.016249395421199266
2007-09-07 00:00:00+05:30,58.17,59.93,58.06,58.94,19811885,0.016249395421199266,0.03795395620771772
2007-09-10 00:00:00+05:30,58.34,61.32,58.09,61.22,24084152,0.03795395620771772,-0.00458415995970348
2007-09-11 00:00:00+05:30,61.34,62.65,60.54,60.94,20366575,-0.00458415995970348,-0.021730970422548325
2007-09-12 00:00:00+05:30,61.07,61.65,59.2,59.63,8783833,-0.021730970422548325,-0.005043722864462737
2007-09-13 00:00:00+05:30,59.83,60.13,58.99,59.33,11268105,-0.005043722864462737,0.010896093050311235
2007-09-14 00:00:00+05:30,59.77,61.21,59.57,59.98,14623765,0.010896093050311235,-0.0005002918473396565
2007-09-17 00:00:00+05:30,60.16,60.99,59.45,59.95,8504491,-0.0005002918473396565,-0.0033416906619032133
2007-09-18 00:00:00+05:30,59.67,60.3,59.4,59.75,5669130,-0.0033416906619032133,0.0385767981278131
2007-09-19 00:00:00+05:30,59.83,62.75,59.83,62.1,25699661,0.0385767981278131,0.035435532871447274
2007-09-20 00:00:00+05:30,62.32,64.64,61.99,64.34,27971290,0.035435532871447274,-0.01661219835148189
2007-09-21 00:00:00+05:30,64.31,64.31,62.05,63.28,18206513,-0.01661219835148189,-0.01721432371426462
2007-09-24 00:00:00+05:30,62.32,63.94,61.95,62.2,12388727,-0.01721432371426462,-0.0025756614367957054
2007-09-25 00:00:00+05:30,61.52,62.98,61.41,62.04,14389663,-0.0025756614367957054,-0.014122465053864525
2007-09-26 00:00:00+05:30,62.32,62.78,60.91,61.17,10402386,-0.014122465053864525,0.004892377664444479
2007-09-27 00:00:00+05:30,61.62,62.77,60.74,61.47,34980717,0.004892377664444479,0.023155882663020193
2007-09-28 00:00:00+05:30,61.57,64.01,60.99,62.91,16325367,0.023155882663020193,-0.02071864041341643
2007-10-01 00:00:00+05:30,63.23,63.94,61.16,61.62,18854702,-0.02071864041341643,0.008081505111964359
2007-10-03 00:00:00+05:30,61.65,63.26,61.04,62.12,23869641,0.008081505111964359,-0.010518747361568201
2007-10-04 00:00:00+05:30,62.32,62.32,59.85,61.47,17987646,-0.010518747361568201,-0.03678347090367746
2007-10-05 00:00:00+05:30,61.47,61.92,58.94,59.25,11237781,-0.03678347090367746,-0.0033812373718693474
2007-10-08 00:00:00+05:30,59.67,60.0,57.73,59.05,11404368,-0.0033812373718693474,0.03723215485426911
2007-10-09 00:00:00+05:30,58.01,62.32,58.01,61.29,16841058,0.03723215485426911,-0.004251150941236779
2007-10-10 00:00:00+05:30,59.47,61.95,59.47,61.03,9828664,-0.004251150941236779,0.029067119858451913
2007-10-11 00:00:00+05:30,59.75,62.98,59.75,62.83,15639961,0.029067119858451913,-0.022046109712517054
2007-10-12 00:00:00+05:30,62.65,62.98,61.11,61.46,15507247,-0.022046109712517054,0.009392781605999483
2007-10-15 00:00:00+05:30,61.52,62.47,60.49,62.04,16477968,0.009392781605999483,-0.005495407396995936
2007-10-16 00:00:00+05:30,61.99,62.85,60.83,61.7,11479545,-0.005495407396995936,-0.0087905498504807
2007-10-17 00:00:00+05:30,59.17,61.59,56.43,61.16,14353426,-0.0087905498504807,-0.0068909214432587495
2007-10-18 00:00:00+05:30,61.32,62.9,59.75,60.74,18033686,-0.0068909214432587495,-0.039457817322156495
2007-10-19 00:00:00+05:30,60.3,60.3,57.84,58.39,11964468,-0.039457817322156495,0.006827130118717241
2007-10-22 00:00:00+05:30,58.31,59.6,57.21,58.79,9379381,0.006827130118717241,0.0437637425985127
2007-10-23 00:00:00+05:30,59.0,61.79,59.0,61.42,18492290,0.0437637425985127,-0.005387328351000676
2007-10-24 00:00:00+05:30,61.65,62.45,60.33,61.09,8679622,-0.005387328351000676,-0.007558366578036213
2007-10-25 00:00:00+05:30,60.79,60.99,59.88,60.63,15321391,-0.007558366578036213,-0.014620629272019365
2007-10-26 00:00:00+05:30,61.16,63.21,59.15,59.75,26683054,-0.014620629272019365,0.012969919091975937
2007-10-29 00:00:00+05:30,60.56,61.32,60.16,60.53,18492371,0.012969919091975937,-0.016826719378759465
2007-10-30 00:00:00+05:30,60.58,60.66,59.0,59.52,10879926,-0.016826719378759465,-0.0037030845211567377
2007-10-31 00:00:00+05:30,59.67,60.31,58.67,59.3,16811214,-0.0037030845211567377,-0.04113823338864729
2007-11-01 00:00:00+05:30,59.07,59.9,56.58,56.91,16655649,-0.04113823338864729,0.019661355400954615
2007-11-02 00:00:00+05:30,56.68,58.75,55.69,58.04,17220540,0.019661355400954615,-0.022476771654475074
2007-11-05 00:00:00+05:30,57.68,58.04,56.4,56.75,18235136,-0.022476771654475074,0.014693285157069046
2007-11-06 00:00:00+05:30,57.68,57.98,56.47,57.59,13763012,0.014693285157069046,-0.017693375645160003
2007-11-07 00:00:00+05:30,57.68,58.31,56.28,56.58,11206800,-0.017693375645160003,-0.002831860299570871
2007-11-08 00:00:00+05:30,56.68,56.85,54.69,56.42,5175573,-0.002831860299570871,-0.008365270815915949
2007-11-09 00:00:00+05:30,57.28,58.01,55.62,55.95,953531,-0.008365270815915949,0.057644841041812646
2007-11-12 00:00:00+05:30,55.36,59.8,54.71,59.27,17913063,0.057644841041812646,-0.004735337784762861
2007-11-13 00:00:00+05:30,58.94,59.75,56.45,58.99,16966446,-0.004735337784762861,0.026266671114209505
2007-11-14 00:00:00+05:30,60.43,61.11,59.5,60.56,14530378,0.026266671114209505,0.03632046434495962
2007-11-15 00:00:00+05:30,59.73,63.28,59.73,62.8,29929041,0.03632046434495962,0.07940556206421523
2007-11-16 00:00:00+05:30,62.98,68.95,61.99,67.99,50047249,0.07940556206421523,-0.031222194029906593
2007-11-19 00:00:00+05:30,70.27,71.17,65.0,65.9,37099244,-0.031222194029906593,-0.010832358572013697
2007-11-20 00:00:00+05:30,65.63,67.79,64.51,65.19,22858542,-0.010832358572013697,-0.05891952623410933
2007-11-21 00:00:00+05:30,65.3,66.89,60.43,61.46,22726083,-0.05891952623410933,-0.0016283996433379274
2007-11-22 00:00:00+05:30,61.32,62.28,59.72,61.36,15644641,-0.0016283996433379274,-0.002447582196022234
2007-11-23 00:00:00+05:30,61.99,62.91,60.11,61.21,11686761,-0.002447582196022234,0.0163659166065124
2007-11-26 00:00:00+05:30,61.65,63.59,61.39,62.22,10569435,0.0163659166065124,-0.009365481017575904
2007-11-27 00:00:00+05:30,62.22,62.65,61.12,61.64,7860371,-0.009365481017575904,0.006145903220387858
2007-11-28 00:00:00+05:30,62.38,64.21,61.34,62.02,14215699,0.006145903220387858,-0.007282174749184173
2007-11-29 00:00:00+05:30,62.65,63.79,60.38,61.57,25111169,-0.007282174749184173,0.013871190150533874
2007-11-30 00:00:00+05:30,61.99,62.98,61.36,62.43,11915313,0.013871190150533874,0.017466306204789093
2007-12-03 00:00:00+05:30,63.28,64.11,62.38,63.53,7361963,0.017466306204789093,0.0031431740477607145
2007-12-04 00:00:00+05:30,63.78,64.24,63.15,63.73,7144154,0.0031431740477607145,0.0023509140206089255
2007-12-05 00:00:00+05:30,63.98,64.31,62.37,63.88,13149413,0.0023509140206089255,0.0020329978071004814
2007-12-06 00:00:00+05:30,63.88,65.28,63.4,64.01,9547951,0.0020329978071004814,-0.025954930615880934
2007-12-07 00:00:00+05:30,64.01,64.54,61.22,62.37,15352204,-0.025954930615880934,-0.007725774786761049
2007-12-10 00:00:00+05:30,63.38,63.61,61.44,61.89,7486169,-0.007725774786761049,0.004192202205449903
2007-12-11 00:00:00+05:30,65.57,65.57,61.36,62.15,8611243,0.004192202205449903,0.011200117079536328
2007-12-12 00:00:00+05:30,61.82,63.16,61.12,62.85,22703940,0.011200117079536328,0.035019992548039634
2007-12-13 00:00:00+05:30,62.98,67.12,62.98,65.09,27280006,0.035019992548039634,0.021882046169500072
2007-12-14 00:00:00+05:30,65.8,67.59,64.74,66.53,29973699,0.021882046169500072,-0.03658477948878731
2007-12-17 00:00:00+05:30,66.59,68.62,63.06,64.14,22486203,-0.03658477948878731,0.02067655823792525
2007-12-18 00:00:00+05:30,66.3,69.61,63.66,65.48,12371531,0.02067655823792525,0.010935710440028284
2007-12-19 00:00:00+05:30,66.64,67.79,64.14,66.2,14583022,0.010935710440028284,-0.016141663094875174
2007-12-20 00:00:00+05:30,66.3,66.93,64.82,65.14,10835763,-0.016141663094875174,0.007798800900717747
2007-12-24 00:00:00+05:30,67.56,67.56,64.06,65.65,16991967,0.007798800900717747,0.009097864117526219
2007-12-26 00:00:00+05:30,66.0,66.58,65.42,66.25,10546644,0.009097864117526219,0.018247589773002403
2007-12-27 00:00:00+05:30,66.33,68.28,66.31,67.47,39823027,0.018247589773002403,0.014712638493637551
2007-12-28 00:00:00+05:30,66.3,68.7,66.03,68.47,22271271,0.014712638493637551,0.013923357632210667
2007-12-31 00:00:00+05:30,68.47,70.24,68.47,69.43,14845072,0.013923357632210667,0.03815099575039907
2008-01-01 00:00:00+05:30,70.27,73.21,69.64,72.13,34574079,0.03815099575039907,0.015954127422177656
2008-01-02 00:00:00+05:30,72.89,75.38,71.04,73.29,54451430,0.015954127422177656,-0.03047749399636715
2008-01-03 00:00:00+05:30,72.93,73.26,70.29,71.09,43376417,-0.03047749399636715,0.02253224672057351
2008-01-04 00:00:00+05:30,71.27,72.99,70.65,72.71,35674374,0.02253224672057351,0.05303157090883768
2008-01-07 00:00:00+05:30,70.17,77.9,70.17,76.67,50391868,0.05303157090883768,-0.0013051424457711325
2008-01-08 00:00:00+05:30,77.5,79.36,74.28,76.57,51046291,-0.0013051424457711325,-0.012881355820946636
2008-01-09 00:00:00+05:30,76.07,77.72,74.95,75.59,28704903,-0.012881355820946636,-0.03678420772366764
2008-01-10 00:00:00+05:30,75.91,76.24,72.31,72.86,18643001,-0.03678420772366764,0.0028780942227085945
2008-01-11 00:00:00+05:30,72.93,74.68,71.07,73.07,16105599,0.0028780942227085945,0.01830683711535
2008-01-14 00:00:00+05:30,73.89,74.91,72.35,74.42,14814010,0.01830683711535,-0.03695507418154429
2008-01-15 00:00:00+05:30,74.62,75.21,71.18,71.72,10063074,-0.03695507418154429,-0.03490210976265613
2008-01-16 00:00:00+05:30,71.27,71.73,66.68,69.26,26526001,-0.03490210976265613,0.04129546024036673
2008-01-17 00:00:00+05:30,68.95,73.57,68.95,72.18,17055309,0.04129546024036673,-0.023692143428858486
2008-01-18 00:00:00+05:30,72.18,72.93,68.95,70.49,26528695,-0.023692143428858486,-0.05212242299105862
2008-01-21 00:00:00+05:30,70.6,70.94,62.98,66.91,36215534,-0.05212242299105862,-0.09855861271108614
2008-01-22 00:00:00+05:30,62.95,66.3,56.02,60.63,39568399,-0.09855861271108614,0.06326977996074204
2008-01-23 00:00:00+05:30,62.65,66.3,59.33,64.59,36521183,0.06326977996074204,-0.03850878208766129
2008-01-24 00:00:00+05:30,65.3,66.96,59.73,62.15,18912383,-0.03850878208766129,0.056765022804190754
2008-01-25 00:00:00+05:30,64.31,66.63,63.08,65.78,16303749,0.056765022804190754,-0.011159635802396643
2008-01-28 00:00:00+05:30,62.98,66.3,62.98,65.05,16525317,-0.011159635802396643,0.024898811685700618
2008-01-29 00:00:00+05:30,65.86,68.23,65.63,66.69,15252148,0.024898811685700618,-0.00918888743149229
2008-01-30 00:00:00+05:30,69.44,69.44,62.68,66.08,15579160,-0.00918888743149229,-0.019251931499321365
2008-01-31 00:00:00+05:30,66.63,66.63,63.48,64.82,28441617,-0.019251931499321365,0.04789350746270558
2008-02-01 00:00:00+05:30,63.73,68.75,63.73,68.0,11183298,0.04789350746270558,-0.0016189568625509727
2008-02-04 00:00:00+05:30,68.95,70.24,66.84,67.89,11466723,-0.0016189568625509727,0.005581683116633227
2008-02-05 00:00:00+05:30,68.62,68.95,66.74,68.27,10737588,0.005581683116633227,-0.029280534238372128
2008-02-06 00:00:00+05:30,66.63,67.29,65.1,66.3,10057800,-0.029280534238372128,-0.04031935565568922
2008-02-07 00:00:00+05:30,66.3,66.71,63.06,63.68,14804161,-0.04031935565568922,0.03016236694950382
2008-02-08 00:00:00+05:30,63.98,66.21,63.36,65.63,17582601,0.03016236694950382,-0.06564635178329269
2008-02-11 00:00:00+05:30,65.63,66.23,59.33,61.46,15521413,-0.06564635178329269,0.0008132065179382349
2008-02-12 00:00:00+05:30,61.29,62.22,60.36,61.51,9486394,0.0008132065179382349,0.05595644173823742
2008-02-13 00:00:00+05:30,62.48,65.55,61.99,65.05,16423566,0.05595644173823742,0.015255826009819989
2008-02-14 00:00:00+05:30,66.33,67.62,65.0,66.05,12600851,0.015255826009819989,0.017856277572080605
2008-02-15 00:00:00+05:30,64.61,67.6,64.61,67.24,21821398,0.017856277572080605,0.03363381803930068
2008-02-18 00:00:00+05:30,67.32,70.09,65.91,69.54,22277757,0.03363381803930068,-0.02107176708484014
2008-02-19 00:00:00+05:30,68.62,70.6,67.04,68.09,16149069,-0.02107176708484014,-0.01703366371169486
2008-02-20 00:00:00+05:30,68.09,68.12,65.98,66.94,9931165,-0.01703366371169486,-0.0029922224599525996
2008-02-21 00:00:00+05:30,67.64,67.95,65.8,66.74,8831401,-0.0029922224599525996,-0.005860712545011397
2008-02-22 00:00:00+05:30,65.96,66.93,65.96,66.35,4636671,-0.005860712545011397,0.008404672016509046
2008-02-25 00:00:00+05:30,66.93,67.92,66.35,66.91,8280397,0.008404672016509046,-0.0019447982792170848
2008-02-26 00:00:00+05:30,66.96,67.52,66.43,66.78,8260297,-0.0019447982792170848,0.004333215596137306
2008-02-27 00:00:00+05:30,67.29,67.56,65.47,67.07,17157780,0.004333215596137306,-0.00044739393781806786
2008-02-28 00:00:00+05:30,65.63,67.52,65.63,67.04,18721910,-0.00044739393781806786,0.0025325898080467775
2008-02-29 00:00:00+05:30,66.96,68.62,66.23,67.21,31356506,0.0025325898080467775,-0.05159874671390845
2008-03-03 00:00:00+05:30,65.73,65.73,62.77,63.83,70662336,-0.05159874671390845,-0.04060660177032554
2008-03-04 00:00:00+05:30,63.98,64.44,60.36,61.29,40543005,-0.04060660177032554,0.05089347552464562
2008-03-05 00:00:00+05:30,60.96,64.92,60.33,64.49,26075779,0.05089347552464562,-0.01973130095176409
2008-03-07 00:00:00+05:30,64.01,64.64,61.99,63.23,28897569,-0.01973130095176409,0.0012644224855134928
2008-03-10 00:00:00+05:30,61.99,64.56,61.75,63.31,16998825,0.0012644224855134928,0.006612114770167515
2008-03-11 00:00:00+05:30,61.82,64.64,61.82,63.73,26200651,0.006612114770167515,-0.009142560529702628
2008-03-12 00:00:00+05:30,64.34,65.63,62.9,63.15,14496463,-0.009142560529702628,-0.02615052359911147
2008-03-13 00:00:00+05:30,62.32,62.98,60.25,61.52,15532444,-0.02615052359911147,0.03230730364398158
2008-03-14 00:00:00+05:30,62.53,63.98,61.65,63.54,18623483,0.03230730364398158,-0.03149488991825133
2008-03-17 00:00:00+05:30,62.67,63.44,60.58,61.57,20803894,-0.03149488991825133,-0.014560584442787286
2008-03-18 00:00:00+05:30,61.92,62.98,59.78,60.68,15501829,-0.014560584442787286,0.022970790896469997
2008-03-19 00:00:00+05:30,62.32,62.88,61.14,62.09,16404786,0.022970790896469997,0.02024780212936888
2008-03-24 00:00:00+05:30,65.19,65.19,61.34,63.36,13534631,0.02024780212936888,0.0020496656761881827
2008-03-25 00:00:00+05:30,66.3,67.95,62.98,63.49,20573875,0.0020496656761881827,0.019496835315739588
2008-03-26 00:00:00+05:30,63.33,65.14,63.01,64.74,14841451,0.019496835315739588,0.024263035039366374
2008-03-27 00:00:00+05:30,64.9,66.96,63.98,66.33,18201161,0.024263035039366374,0.03146126819699335
2008-03-28 00:00:00+05:30,66.3,68.95,66.3,68.45,14783320,0.03146126819699335,-0.0011694198087552512
2008-03-31 00:00:00+05:30,68.62,69.88,67.31,68.37,12664238,-0.0011694198087552512,0.020843134056607385
2008-04-01 00:00:00+05:30,68.95,70.52,68.2,69.81,11235300,0.020843134056607385,-0.012395661742999284
2008-04-02 00:00:00+05:30,70.6,71.86,67.62,68.95,12771809,-0.012395661742999284,0.00014502211612678546
2008-04-03 00:00:00+05:30,68.98,69.78,68.37,68.96,12432704,0.00014502211612678546,-0.036475065941074115
2008-04-04 00:00:00+05:30,68.0,68.9,66.03,66.49,15935353,-0.036475065941074115,0.04757908081855583
2008-04-07 00:00:00+05:30,67.89,71.09,66.49,69.73,23317461,0.04757908081855583,-0.008641851275745826
2008-04-08 00:00:00+05:30,69.94,69.94,68.37,69.13,20184337,-0.008641851275745826,-0.00551205341049291
2008-04-09 00:00:00+05:30,68.28,69.08,67.49,68.75,7114316,-0.00551205341049291,-0.003642991278501092
2008-04-10 00:00:00+05:30,68.38,69.53,67.84,68.5,12800216,-0.003642991278501092,-0.012634221237800001
2008-04-11 00:00:00+05:30,68.62,69.06,67.32,67.64,11505318,-0.012634221237800001,0.01860178133873686
2008-04-15 00:00:00+05:30,67.46,69.44,66.98,68.91,15745366,0.01860178133873686,0.01010692981145848
2008-04-16 00:00:00+05:30,69.58,69.84,68.68,69.61,11508891,0.01010692981145848,0.006871895331658411
2008-04-17 00:00:00+05:30,69.98,70.57,67.99,70.09,9262747,0.006871895331658411,-0.015528708879722953
2008-04-21 00:00:00+05:30,70.37,71.27,68.77,69.01,7555700,-0.015528708879722953,0.024194151270016628
2008-04-22 00:00:00+05:30,68.88,71.27,68.3,70.7,9456736,0.024194151270016628,-0.006527623575665922
2008-04-23 00:00:00+05:30,70.94,71.6,70.06,70.24,8633923,-0.006527623575665922,-0.009297070470102408
2008-04-24 00:00:00+05:30,69.98,71.25,69.2,69.59,14383540,-0.009297070470102408,0.013984246155980115
2008-04-25 00:00:00+05:30,70.9,70.9,69.35,70.57,7504967,0.013984246155980115,-0.006111880300706721
2008-04-28 00:00:00+05:30,70.94,71.6,69.69,70.14,9643738,-0.006111880300706721,0.0032737912664255785
2008-04-29 00:00:00+05:30,70.59,71.27,69.88,70.37,10566333,0.0032737912664255785,0.035184419415663894
2008-04-30 00:00:00+05:30,69.78,73.19,69.78,72.89,22720686,0.035184419415663894,0.0047902644121883605
2008-05-02 00:00:00+05:30,73.62,74.48,72.44,73.24,9766507,0.0047902644121883605,-0.0009562189103712566
2008-05-05 00:00:00+05:30,72.89,74.05,72.26,73.17,8043280,-0.0009562189103712566,0.018416227997663823
2008-05-06 00:00:00+05:30,72.59,75.13,72.59,74.53,16645728,0.018416227997663823,0.00801821748746677
2008-05-07 00:00:00+05:30,74.78,76.14,74.1,75.13,14980717,0.00801821748746677,-0.05274446486728983
2008-05-08 00:00:00+05:30,75.08,75.08,70.77,71.27,18992834,-0.05274446486728983,0.0162831515014333
2008-05-09 00:00:00+05:30,71.27,72.93,70.7,72.44,17499624,0.0162831515014333,0.023735939046232137
2008-05-12 00:00:00+05:30,72.01,74.58,71.2,74.18,10825140,0.023735939046232137,0.0069855200773268015
2008-05-13 00:00:00+05:30,74.58,75.91,73.06,74.7,12039512,0.0069855200773268015,0.004141345842773447
2008-05-14 00:00:00+05:30,73.92,75.66,73.75,75.01,10557693,0.004141345842773447,-0.0004000266737789855
2008-05-15 00:00:00+05:30,75.28,75.58,74.28,74.98,10011624,-0.0004000266737789855,0.003993083969358205
2008-05-16 00:00:00+05:30,74.98,75.58,73.92,75.28,7337111,0.003993083969358205,-0.005995621184857116
2008-05-20 00:00:00+05:30,74.91,75.48,74.09,74.83,8098228,-0.005995621184857116,0.010766369697989655
2008-05-21 00:00:00+05:30,74.25,77.04,74.12,75.64,14031892,0.010766369697989655,-0.02124470307644899
2008-05-22 00:00:00+05:30,75.25,76.57,72.93,74.05,18201782,-0.02124470307644899,-0.04488154001413371
2008-05-23 00:00:00+05:30,74.05,74.88,69.99,70.8,17608047,-0.04488154001413371,-0.038588144905186424
2008-05-26 00:00:00+05:30,70.22,70.22,66.81,68.12,27450535,-0.038588144905186424,0.017318340135405817
2008-05-27 00:00:00+05:30,68.45,71.43,68.28,69.31,30032423,0.017318340135405817,0.0596481380142797
2008-05-28 00:00:00+05:30,69.98,74.0,69.98,73.57,29798001,0.0596481380142797,-0.027421628606293238
2008-05-29 00:00:00+05:30,73.57,74.23,70.69,71.58,15796000,-0.027421628606293238,0.00834729387676282
2008-05-30 00:00:00+05:30,71.93,73.06,71.3,72.18,12258305,0.00834729387676282,0.010062804603696273
2008-06-02 00:00:00+05:30,72.66,74.25,71.78,72.91,18582230,0.010062804603696273,-0.00027434842421725556
2008-06-03 00:00:00+05:30,72.26,73.22,70.99,72.89,13528694,-0.00027434842421725556,-0.018834513273829095
2008-06-04 00:00:00+05:30,74.28,74.28,70.6,71.53,8853115,-0.018834513273829095,0.030564053099636834
2008-06-05 00:00:00+05:30,72.3,74.17,70.6,73.75,11350011,0.030564053099636834,-0.04152845869658223
2008-06-06 00:00:00+05:30,74.25,74.58,70.06,70.75,13452257,-0.04152845869658223,-0.028966751389833078
2008-06-09 00:00:00+05:30,69.41,70.74,67.95,68.73,12872738,-0.028966751389833078,-0.028333015196127968
2008-06-10 00:00:00+05:30,68.95,68.95,65.68,66.81,23134959,-0.028333015196127968,-0.010230268250815034
2008-06-11 00:00:00+05:30,66.96,67.42,64.57,66.13,36574643,-0.010230268250815034,0.002265690871791278
2008-06-12 00:00:00+05:30,65.02,67.16,64.7,66.28,19019663,0.002265690871791278,-0.009093727414189286
2008-06-13 00:00:00+05:30,66.3,66.76,64.52,65.68,13570532,-0.009093727414189286,0.016758903593371798
2008-06-16 00:00:00+05:30,66.26,66.99,65.47,66.79,14265397,0.016758903593371798,0.008646446235023855
2008-06-17 00:00:00+05:30,66.96,67.92,66.63,67.37,5600298,0.008646446235023855,0.013270616457620437
2008-06-18 00:00:00+05:30,67.95,68.7,67.12,68.27,11203182,0.013270616457620437,-0.0007326544396891897
2008-06-19 00:00:00+05:30,67.29,68.42,66.64,68.22,9119665,-0.0007326544396891897,-0.03657396967724007
2008-06-20 00:00:00+05:30,68.25,68.25,64.47,65.77,13362167,-0.03657396967724007,-0.015321274118433948
2008-06-23 00:00:00+05:30,65.3,67.7,63.99,64.77,17291760,-0.015321274118433948,-0.02011763753661731
2008-06-24 00:00:00+05:30,66.23,66.23,61.99,63.48,26075155,-0.02011763753661731,-0.026821531194563267
2008-06-25 00:00:00+05:30,63.31,63.31,60.53,61.8,18386114,-0.026821531194563267,0.028080977204870246
2008-06-26 00:00:00+05:30,62.98,63.98,61.69,63.56,20410480,0.028080977204870246,-0.04291538404803261
2008-06-27 00:00:00+05:30,62.95,62.95,60.53,60.89,13346786,-0.04291538404803261,0.022089577724334224
2008-06-30 00:00:00+05:30,60.91,63.23,60.0,62.25,11826198,0.022089577724334224,-0.02587403308438198
2008-07-01 00:00:00+05:30,61.85,62.98,59.04,60.66,8756977,-0.02587403308438198,-0.017125699125420432
2008-07-02 00:00:00+05:30,60.66,61.64,58.51,59.63,24335423,-0.017125699125420432,-0.06066654790075439
2008-07-03 00:00:00+05:30,59.27,59.98,55.72,56.12,17580543,-0.06066654790075439,0.011163401127251919
2008-07-04 00:00:00+05:30,56.68,58.97,55.52,56.75,17025432,0.011163401127251919,0.03803397062186787
2008-07-07 00:00:00+05:30,57.35,59.63,57.35,58.95,9997684,0.03803397062186787,-0.034515937090188756
2008-07-08 00:00:00+05:30,57.99,58.42,55.89,56.95,13425371,-0.034515937090188756,0.06771608366437176
2008-07-09 00:00:00+05:30,57.51,61.77,57.46,60.94,14107405,0.06771608366437176,-0.02593230422194914
2008-07-10 00:00:00+05:30,60.59,60.94,59.0,59.38,8403499,-0.02593230422194914,-0.025931169787624775
2008-07-11 00:00:00+05:30,59.63,60.33,57.13,57.86,6636194,-0.025931169787624775,-0.03464082626638223
2008-07-14 00:00:00+05:30,58.17,59.3,55.47,55.89,15913075,-0.03464082626638223,-0.04951506452738068
2008-07-15 00:00:00+05:30,55.59,55.59,52.71,53.19,16775184,-0.04951506452738068,0.011774736544533537
2008-07-16 00:00:00+05:30,52.99,55.82,51.93,53.82,24412511,0.011774736544533537,0.029656209582888022
2008-07-17 00:00:00+05:30,55.03,56.32,53.9,55.44,15215281,0.029656209582888022,0.052356942077947236
2008-07-18 00:00:00+05:30,55.72,59.3,54.71,58.42,15001825,0.052356942077947236,0.016635929409004376
2008-07-21 00:00:00+05:30,58.42,61.47,57.35,59.4,18747185,0.016635929409004376,0.05772877117024293
2008-07-22 00:00:00+05:30,59.38,63.06,58.79,62.93,24718643,0.05772877117024293,0.00917437627604123
2008-07-23 00:00:00+05:30,64.42,66.2,62.3,63.51,31888601,0.00917437627604123,-0.005684525018383398
2008-07-24 00:00:00+05:30,63.51,65.23,62.19,63.15,11023458,-0.005684525018383398,-0.007151401157625016
2008-07-25 00:00:00+05:30,62.95,63.64,61.54,62.7,10660368,-0.007151401157625016,0.007942853513936731
2008-07-28 00:00:00+05:30,62.67,64.14,62.32,63.2,11035344,0.007942853513936731,-0.005553366116555339
2008-07-29 00:00:00+05:30,62.65,63.28,61.07,62.85,10239804,-0.005553366116555339,-0.006865198193623067
2008-07-30 00:00:00+05:30,62.32,63.58,61.32,62.42,11821293,-0.006865198193623067,-0.0080425075611617
2008-07-31 00:00:00+05:30,63.31,63.61,58.67,61.92,58790931,-0.0080425075611617,0.0016136843908312855
2008-08-01 00:00:00+05:30,62.0,62.33,60.51,62.02,18120650,0.0016136843908312855,0.0037016216725139777
2008-08-04 00:00:00+05:30,62.02,62.95,61.65,62.25,6972728,0.0037016216725139777,0.012452268180201731
2008-08-05 00:00:00+05:30,62.65,63.41,61.97,63.03,14585023,0.012452268180201731,-0.0012700430346625248
2008-08-06 00:00:00+05:30,63.64,64.92,62.45,62.95,25795013,-0.0012700430346625248,0.010744296754344677
2008-08-07 00:00:00+05:30,62.98,64.54,62.32,63.63,26172109,0.010744296754344677,-0.009791613290736674
2008-08-08 00:00:00+05:30,63.31,63.94,62.75,63.01,14261611,-0.009791613290736674,0.019332625684542117
2008-08-11 00:00:00+05:30,63.64,64.64,63.21,64.24,4682139,0.019332625684542117,0.009759197586458004
2008-08-12 00:00:00+05:30,64.39,65.72,64.06,64.87,12156269,0.009759197586458004,-0.003861306828611866
2008-08-13 00:00:00+05:30,64.31,65.58,64.31,64.62,6698993,-0.003861306828611866,-0.01969121289018182
2008-08-14 00:00:00+05:30,64.14,64.7,62.9,63.36,3974764,-0.01969121289018182,-0.019442843541269062
2008-08-18 00:00:00+05:30,63.36,64.34,60.2,62.14,13415003,-0.019442843541269062,-0.021306815632287444
2008-08-19 00:00:00+05:30,61.32,61.99,60.35,60.83,8661892,-0.021306815632287444,-0.0027985860721790007
2008-08-20 00:00:00+05:30,61.29,61.87,60.4,60.66,14829241,-0.0027985860721790007,-0.004129848109785117
2008-08-21 00:00:00+05:30,60.73,61.12,59.8,60.41,6479570,-0.004129848109785117,-0.00016554920988059887
2008-08-22 00:00:00+05:30,60.64,60.99,59.6,60.4,3804646,-0.00016554920988059887,0.009556836619339497
2008-08-25 00:00:00+05:30,61.65,61.99,60.33,60.98,2079763,0.009556836619339497,0.0050707559375316414
2008-08-26 00:00:00+05:30,60.66,61.42,60.43,61.29,7663640,0.0050707559375316414,-0.0050707559375316735
2008-08-27 00:00:00+05:30,61.32,61.62,60.68,60.98,5337618,-0.0050707559375316735,-0.002462853227494732
2008-08-28 00:00:00+05:30,60.83,61.29,60.08,60.83,15058363,-0.002462853227494732,0.027883148580306074
2008-08-29 00:00:00+05:30,61.32,62.96,61.03,62.55,9076123,0.027883148580306074,0.01711882033178078
2008-09-01 00:00:00+05:30,62.32,63.96,61.24,63.63,7198796,0.01711882033178078,0.012649501064072744
2008-09-02 00:00:00+05:30,63.98,65.3,63.44,64.44,11465547,0.012649501064072744,-0.02737311066989856
2008-09-04 00:00:00+05:30,64.22,64.75,62.43,62.7,7034747,-0.02737311066989856,0.003979312851481054
2008-09-05 00:00:00+05:30,60.41,63.38,60.41,62.95,4852773,0.003979312851481054,0.0341980393577313
2008-09-08 00:00:00+05:30,63.31,69.61,62.68,65.14,18283559,0.0341980393577313,-0.00971854930393709
2008-09-09 00:00:00+05:30,65.02,65.02,64.16,64.51,7052849,-0.00971854930393709,0.002167854673716147
2008-09-10 00:00:00+05:30,64.31,64.97,63.93,64.65,7209755,0.002167854673716147,-0.017475869939424665
2008-09-11 00:00:00+05:30,64.31,64.31,62.65,63.53,7814039,-0.017475869939424665,-0.0014176579518494288
2008-09-12 00:00:00+05:30,64.31,64.77,62.67,63.44,14605345,-0.0014176579518494288,-0.0064837738015737926
2008-09-15 00:00:00+05:30,62.65,63.3,60.36,63.03,13361561,-0.0064837738015737926,0.02212375478375488
2008-09-16 00:00:00+05:30,61.62,64.77,60.66,64.44,13357886,0.02212375478375488,-0.05093398751929057
2008-09-17 00:00:00+05:30,61.67,64.59,60.86,61.24,13218779,-0.05093398751929057,0.004886799104412703
2008-09-18 00:00:00+05:30,61.29,62.28,58.67,61.54,24995420,0.004886799104412703,0.02867178063444311
2008-09-19 00:00:00+05:30,62.35,63.81,61.7,63.33,25313429,0.02867178063444311,0.020474263684501094
2008-09-22 00:00:00+05:30,63.81,66.26,63.16,64.64,31743110,0.020474263684501094,-0.006518725551472044
2008-09-23 00:00:00+05:30,64.14,64.44,63.48,64.22,8545633,-0.006518725551472044,-0.003744154139995912
2008-09-24 00:00:00+05:30,64.31,64.7,63.71,63.98,12237101,-0.003744154139995912,-0.02612768370061265
2008-09-25 00:00:00+05:30,63.68,65.68,61.84,62.33,26472883,-0.02612768370061265,0.022683183661200392
2008-09-26 00:00:00+05:30,62.32,64.37,60.89,63.76,14036242,0.022683183661200392,-0.005189098836153837
2008-09-29 00:00:00+05:30,63.63,64.64,62.02,63.43,26080762,-0.005189098836153837,-0.01749408482504662
2008-09-30 00:00:00+05:30,62.15,63.78,61.32,62.33,23898906,-0.01749408482504662,0.022996810761152436
2008-10-01 00:00:00+05:30,62.98,64.47,62.5,63.78,23207274,0.022996810761152436,-0.010243569202377279
2008-10-03 00:00:00+05:30,62.95,65.96,62.67,63.13,36350201,-0.010243569202377279,-0.05636671084554377
2008-10-06 00:00:00+05:30,64.61,64.61,59.04,59.67,24546611,-0.05636671084554377,-0.031148803683481278
2008-10-07 00:00:00+05:30,59.85,60.64,55.8,57.84,52887039,-0.031148803683481278,-0.051074929936415395
2008-10-08 00:00:00+05:30,56.95,57.64,52.84,54.96,33657847,-0.051074929936415395,-0.014847674467094275
2008-10-10 00:00:00+05:30,54.2,57.68,50.88,54.15,44577664,-0.014847674467094275,0.040179128646483986
2008-10-13 00:00:00+05:30,55.69,57.31,54.4,56.37,32743183,0.040179128646483986,-0.006585411358334332
2008-10-14 00:00:00+05:30,57.64,57.64,55.22,56.0,15218137,-0.006585411358334332,-0.05035388614561479
2008-10-15 00:00:00+05:30,55.52,55.52,52.54,53.25,28807488,-0.05035388614561479,0.006551263487221728
2008-10-16 00:00:00+05:30,51.05,54.66,50.43,53.6,32691781,0.006551263487221728,-0.01750303458145835
2008-10-17 00:00:00+05:30,54.36,55.36,52.08,52.67,17838873,-0.01750303458145835,0.03891396692495019
2008-10-20 00:00:00+05:30,53.04,55.99,53.04,54.76,15101665,0.03891396692495019,0.02328414909792068
2008-10-21 00:00:00+05:30,55.36,56.65,53.48,56.05,23524542,0.02328414909792068,0.010294730607544756
2008-10-22 00:00:00+05:30,55.69,59.0,55.03,56.63,27075115,0.010294730607544756,-0.012974499964660272
2008-10-23 00:00:00+05:30,55.36,58.34,54.36,55.9,15386626,-0.012974499964660272,-0.05951834666575547
2008-10-24 00:00:00+05:30,54.69,56.95,50.05,52.67,28939875,-0.05951834666575547,-0.06429805894276454
2008-10-27 00:00:00+05:30,52.04,52.37,43.77,49.39,28003443,-0.06429805894276454,0.04144540817539236
2008-10-28 00:00:00+05:30,50.88,52.59,50.77,51.48,2353576,0.04144540817539236,-0.014281764806029098
2008-10-29 00:00:00+05:30,52.54,53.53,48.54,50.75,37397078,-0.014281764806029098,0.013310041864928165
2008-10-31 00:00:00+05:30,51.73,56.65,50.05,51.43,39466795,0.013310041864928165,0.029504055769610366
2008-11-03 00:00:00+05:30,52.26,53.5,51.15,52.97,15453466,0.029504055769610366,0.06628326965270188
2008-11-04 00:00:00+05:30,52.64,57.31,51.71,56.6,13004480,0.06628326965270188,-0.005669752962948961
2008-11-05 00:00:00+05:30,58.01,58.34,55.06,56.28,18219344,-0.005669752962948961,-0.006417134320633429
2008-11-06 00:00:00+05:30,55.62,57.68,54.3,55.92,15792079,-0.006417134320633429,0.03462256016535849
2008-11-07 00:00:00+05:30,55.16,58.24,55.16,57.89,15250891,0.03462256016535849,-0.013565425414141769
2008-11-10 00:00:00+05:30,58.62,58.87,56.35,57.11,10665564,-0.013565425414141769,0.0015746657089807854
2008-11-11 00:00:00+05:30,56.93,58.29,56.68,57.2,11648850,0.0015746657089807854,-0.014971657899966946
2008-11-12 00:00:00+05:30,56.68,57.3,54.86,56.35,12750092,-0.014971657899966946,-0.0026654835861398426
2008-11-14 00:00:00+05:30,57.01,58.34,54.78,56.2,13899608,-0.0026654835861398426,-0.025956756479397325
2008-11-17 00:00:00+05:30,56.02,57.69,53.33,54.76,17902821,-0.025956756479397325,-0.027586679491340246
2008-11-18 00:00:00+05:30,54.03,55.26,52.71,53.27,16616283,-0.027586679491340246,0.027038684226918817
2008-11-19 00:00:00+05:30,53.53,56.25,53.27,54.73,20523571,0.027038684226918817,-0.0027444898756343477
2008-11-20 00:00:00+05:30,54.03,55.26,53.15,54.58,11478003,-0.0027444898756343477,0.03102701986545235
2008-11-21 00:00:00+05:30,54.36,57.15,53.83,56.3,14075494,0.03102701986545235,0.013408810639709369
2008-11-24 00:00:00+05:30,56.35,57.38,55.54,57.06,12463661,0.013408810639709369,-0.020538965624300486
2008-11-25 00:00:00+05:30,57.45,57.69,55.22,55.9,9571051,-0.020538965624300486,0.022115010079766274
2008-11-26 00:00:00+05:30,56.02,57.48,55.87,57.15,21508009,0.022115010079766274,0.0068009678825821495
2008-11-28 00:00:00+05:30,53.37,58.57,53.37,57.54,25085687,0.0068009678825821495,-0.04915519428846969
2008-12-01 00:00:00+05:30,57.31,58.67,54.38,54.78,18578825,-0.04915519428846969,0.025947401643453646
2008-12-02 00:00:00+05:30,54.53,56.82,53.7,56.22,17448612,0.025947401643453646,-0.005350467552830914
2008-12-03 00:00:00+05:30,56.35,56.68,54.58,55.92,13846823,-0.005350467552830914,0.031161750343243186
2008-12-04 00:00:00+05:30,56.04,58.01,55.57,57.69,10820538,0.031161750343243186,-0.027235277335061543
2008-12-05 00:00:00+05:30,57.89,58.34,55.62,56.14,7584608,-0.027235277335061543,0.003201140916050503
2008-12-08 00:00:00+05:30,56.88,58.47,55.95,56.32,20151556,0.003201140916050503,0.002659811834958386
2008-12-10 00:00:00+05:30,56.57,57.94,56.19,56.47,17058015,0.002659811834958386,0.004593647653730383
2008-12-11 00:00:00+05:30,56.82,57.01,55.47,56.73,12485237,0.004593647653730383,0.007376218902343867
2008-12-12 00:00:00+05:30,56.02,57.68,55.03,57.15,13758548,0.007376218902343867,0.006279455484843101
2008-12-15 00:00:00+05:30,57.83,58.01,56.2,57.51,8420149,0.006279455484843101,0.017409730426260796
2008-12-16 00:00:00+05:30,57.11,59.09,56.96,58.52,12434771,0.017409730426260796,-0.024039203415552372
2008-12-17 00:00:00+05:30,59.0,59.47,56.52,57.13,15566848,-0.024039203415552372,0.043667583159134125
2008-12-18 00:00:00+05:30,57.35,60.56,57.35,59.68,15236296,0.043667583159134125,-0.005544834839828385
2008-12-19 00:00:00+05:30,59.47,61.14,58.72,59.35,17991309,-0.005544834839828385,0.0050420274882480775
2008-12-22 00:00:00+05:30,59.68,60.28,58.37,59.65,9194629,0.0050420274882480775,-0.011974171234376444
2008-12-23 00:00:00+05:30,59.47,59.82,58.61,58.94,9852982,-0.011974171234376444,-0.031190604573177422
2008-12-24 00:00:00+05:30,58.41,58.67,56.85,57.13,26512525,-0.031190604573177422,-0.009850563381306852
2008-12-26 00:00:00+05:30,59.0,59.3,56.35,56.57,5358087,-0.009850563381306852,0.0031768470064476536
2008-12-29 00:00:00+05:30,56.52,57.33,56.35,56.75,6506105,0.0031768470064476536,0.004395611473038129
2008-12-30 00:00:00+05:30,57.01,57.51,56.55,57.0,9540490,0.004395611473038129,-0.0015801952195176946
2008-12-31 00:00:00+05:30,57.28,57.35,56.68,56.91,8340154,-0.0015801952195176946,-0.00017573148274727335
2009-01-01 00:00:00+05:30,57.11,57.35,56.6,56.9,8762101,-0.00017573148274727335,0.01638523671822409
2009-01-02 00:00:00+05:30,57.18,58.31,56.72,57.84,10622814,0.01638523671822409,-0.008856530930217967
2009-01-05 00:00:00+05:30,58.01,58.57,56.82,57.33,10460418,-0.008856530930217967,0.00833772417409348
2009-01-06 00:00:00+05:30,57.66,58.41,56.95,57.81,11799258,0.00833772417409348,-0.03682262218277984
2009-01-07 00:00:00+05:30,57.35,58.01,53.7,55.72,19139483,-0.03682262218277984,0.009289098590804632
2009-01-09 00:00:00+05:30,55.69,58.01,54.36,56.24,20600377,0.009289098590804632,-0.02721624234658277
2009-01-12 00:00:00+05:30,56.68,56.68,53.73,54.73,18035870,-0.02721624234658277,0.021510092769728067
2009-01-13 00:00:00+05:30,54.73,57.16,54.28,55.92,22202022,0.021510092769728067,0.011733467947866272
2009-01-14 00:00:00+05:30,57.01,57.51,55.61,56.58,13952030,0.011733467947866272,-0.012986040358211388
2009-01-15 00:00:00+05:30,55.82,56.28,54.63,55.85,10387014,-0.012986040358211388,0.019152917447780724
2009-01-16 00:00:00+05:30,56.22,57.25,56.2,56.93,11432964,0.019152917447780724,-0.006343633607926169
2009-01-19 00:00:00+05:30,57.35,57.96,56.19,56.57,21653155,-0.006343633607926169,0.0
2009-01-20 00:00:00+05:30,56.02,57.0,55.36,56.57,10928583,0.0,0.0035292078275705216
2009-01-21 00:00:00+05:30,56.02,57.78,55.7,56.77,19569224,0.0035292078275705216,-0.003882814620505481
2009-01-22 00:00:00+05:30,56.77,57.25,56.22,56.55,7825277,-0.003882814620505481,-0.0012386093771428466
2009-01-23 00:00:00+05:30,56.55,57.0,56.07,56.48,8313106,-0.0012386093771428466,0.0024756864987668242
2009-01-27 00:00:00+05:30,57.15,57.51,56.25,56.62,16669476,0.0024756864987668242,0.027866658633723562
2009-01-28 00:00:00+05:30,56.98,58.61,56.68,58.22,15457960,0.027866658633723562,-0.0010311050922132445
2009-01-29 00:00:00+05:30,58.51,58.94,57.13,58.16,22486881,-0.0010311050922132445,0.026134187173292585
2009-01-30 00:00:00+05:30,58.14,60.0,57.84,59.7,12140045,0.026134187173292585,-0.010608839079412596
2009-02-02 00:00:00+05:30,59.04,59.63,58.67,59.07,15002788,-0.010608839079412596,0.01495449191525315
2009-02-03 00:00:00+05:30,59.0,61.16,58.95,59.96,12889208,0.01495449191525315,0.0
2009-02-04 00:00:00+05:30,59.09,60.91,59.09,59.96,10009905,0.0,0.0023321683067649844
2009-02-05 00:00:00+05:30,60.0,60.88,59.53,60.1,4770357,0.0023321683067649844,0.006798799093068151
2009-02-06 00:00:00+05:30,59.7,60.99,59.7,60.51,5140107,0.006798799093068151,0.0032997885081125604
2009-02-09 00:00:00+05:30,60.69,60.96,59.57,60.71,5189997,0.0032997885081125604,-0.015437272286550927
2009-02-10 00:00:00+05:30,60.59,60.61,59.25,59.78,7097894,-0.015437272286550927,-0.0008367501115772981
2009-02-11 00:00:00+05:30,59.4,60.1,59.12,59.73,4705179,-0.0008367501115772981,-0.010603482332162042
2009-02-12 00:00:00+05:30,59.83,59.83,58.79,59.1,4493079,-0.010603482332162042,0.005568224966516789
2009-02-13 00:00:00+05:30,59.6,59.91,58.49,59.43,6413252,0.005568224966516789,0.010378399147423242
2009-02-16 00:00:00+05:30,59.05,60.3,57.89,60.05,11592474,0.010378399147423242,-0.003336116522010369
2009-02-17 00:00:00+05:30,59.96,60.33,59.45,59.85,8792935,-0.003336116522010369,-0.002844476108476821
2009-02-18 00:00:00+05:30,59.62,60.56,59.37,59.68,9463420,-0.002844476108476821,0.005514259105915975
2009-02-19 00:00:00+05:30,59.68,60.2,59.42,60.01,9749137,0.005514259105915975,-0.004676808257206909
2009-02-20 00:00:00+05:30,59.75,60.13,58.84,59.73,6344072,-0.004676808257206909,0.0021740956803383855
2009-02-24 00:00:00+05:30,59.33,60.15,59.12,59.86,6828101,0.0021740956803383855,0.007323601308586779
2009-02-25 00:00:00+05:30,60.08,60.49,59.0,60.3,12667268,0.007323601308586779,0.011705681430621407
2009-02-26 00:00:00+05:30,60.16,62.96,59.78,61.01,11132637,0.011705681430621407,-0.005423630683429508
2009-02-27 00:00:00+05:30,61.32,61.65,59.85,60.68,10514499,-0.005423630683429508,-0.022667637210600177
2009-03-02 00:00:00+05:30,60.03,60.36,58.9,59.32,7701311,-0.022667637210600177,-0.03936907210128384
2009-03-03 00:00:00+05:30,59.0,59.43,56.55,57.03,15261952,-0.03936907210128384,0.009597840015582268
2009-03-04 00:00:00+05:30,57.35,58.01,57.08,57.58,5669784,0.009597840015582268,-0.03913735434915406
2009-03-05 00:00:00+05:30,57.43,57.91,54.53,55.37,25566734,-0.03913735434915406,-0.015103553417433264
2009-03-06 00:00:00+05:30,54.41,55.17,53.29,54.54,17784714,-0.015103553417433264,-0.03831170215323399
2009-03-09 00:00:00+05:30,54.36,54.53,51.71,52.49,14689477,-0.03831170215323399,0.021858793812499017
2009-03-12 00:00:00+05:30,53.1,55.44,52.74,53.65,18772388,0.021858793812499017,0.02139118998131756
2009-03-13 00:00:00+05:30,53.7,55.16,53.7,54.81,14206258,0.02139118998131756,0.02824182662794143
2009-03-16 00:00:00+05:30,55.03,56.65,54.4,56.38,13337087,0.02824182662794143,0.0193225755248576
2009-03-17 00:00:00+05:30,56.38,57.98,56.15,57.48,10483923,0.0193225755248576,-0.02216449573243829
2009-03-18 00:00:00+05:30,57.69,58.67,55.9,56.22,8208289,-0.02216449573243829,0.00088896796680187
2009-03-19 00:00:00+05:30,56.68,57.26,55.42,56.27,9929356,0.00088896796680187,-0.0032039899249420322
2009-03-20 00:00:00+05:30,56.02,56.75,55.72,56.09,8578285,-0.0032039899249420322,0.03020422757413909
2009-03-23 00:00:00+05:30,56.35,58.17,56.35,57.81,7440374,0.03020422757413909,0.0031088107939646085
2009-03-24 00:00:00+05:30,58.51,58.51,57.05,57.99,16000815,0.0031088107939646085,0.01591000970608032
2009-03-25 00:00:00+05:30,58.01,60.21,57.93,58.92,18931007,0.01591000970608032,0.04057756546457125
2009-03-26 00:00:00+05:30,58.85,62.42,58.85,61.36,18703784,0.04057756546457125,0.006335818449085924
2009-03-27 00:00:00+05:30,61.49,62.58,59.83,61.75,22415952,0.006335818449085924,-0.040821994520255166
2009-03-30 00:00:00+05:30,61.29,62.55,58.85,59.28,14608186,-0.040821994520255166,0.033018345749731746
2009-03-31 00:00:00+05:30,59.24,61.82,59.12,61.27,16419978,0.033018345749731746,-0.002614807830739094
2009-04-01 00:00:00+05:30,61.36,61.62,59.42,61.11,14458183,-0.002614807830739094,0.00505999610585215
2009-04-02 00:00:00+05:30,61.82,62.95,60.71,61.42,19671266,0.00505999610585215,-0.03007994094137226
2009-04-06 00:00:00+05:30,61.92,62.62,58.87,59.6,34794108,-0.03007994094137226,0.05436742346753815
2009-04-08 00:00:00+05:30,59.28,63.93,58.84,62.93,28919712,0.05436742346753815,-0.01424365923050409
2009-04-09 00:00:00+05:30,63.64,63.98,61.57,62.04,9265507,-0.01424365923050409,-0.0008062565945100526
2009-04-13 00:00:00+05:30,62.65,62.98,61.69,61.99,9823822,-0.0008062565945100526,-0.010051965312822469
2009-04-15 00:00:00+05:30,62.32,63.23,60.78,61.37,22853754,-0.010051965312822469,0.034748512440364435
2009-04-16 00:00:00+05:30,61.51,64.26,60.88,63.54,15752065,0.034748512440364435,-0.016983187335891523
2009-04-17 00:00:00+05:30,63.81,64.27,62.19,62.47,24828365,-0.016983187335891523,-0.020212507988212138
2009-04-20 00:00:00+05:30,62.95,63.08,60.4,61.22,15354511,-0.020212507988212138,0.021172508061940196
2009-04-21 00:00:00+05:30,60.26,63.41,60.21,62.53,14910601,0.021172508061940196,0.009866407217293474
2009-04-22 00:00:00+05:30,61.79,63.58,61.79,63.15,13867979,0.009866407217293474,-0.002695633123621507
2009-04-23 00:00:00+05:30,62.98,63.31,62.52,62.98,6358847,-0.002695633123621507,0.0028539737145628088
2009-04-24 00:00:00+05:30,63.28,63.61,62.17,63.16,6320966,0.0028539737145628088,0.015397004877567575
2009-04-27 00:00:00+05:30,63.25,64.39,62.43,64.14,14461189,0.015397004877567575,-0.031195625983762694
2009-04-28 00:00:00+05:30,63.93,63.93,61.52,62.17,10479663,-0.031195625983762694,0.007212147617013476
2009-04-29 00:00:00+05:30,62.37,63.2,61.47,62.62,16219296,0.007212147617013476,0.08491986947643423
2009-05-04 00:00:00+05:30,63.01,68.83,62.98,68.17,32425324,0.08491986947643423,-0.038886311099165925
2009-05-05 00:00:00+05:30,67.95,67.95,65.05,65.57,18839414,-0.038886311099165925,-0.02689497500756207
2009-05-06 00:00:00+05:30,65.63,65.86,63.0,63.83,18722210,-0.02689497500756207,-0.011027206888431616
2009-05-07 00:00:00+05:30,64.62,64.89,62.86,63.13,13158320,-0.011027206888431616,-0.010829855807947573
2009-05-08 00:00:00+05:30,62.98,63.79,61.49,62.45,12255773,-0.010829855807947573,-0.0024048107781792843
2009-05-11 00:00:00+05:30,62.96,62.98,61.42,62.3,8970388,-0.0024048107781792843,0.01797550985239845
2009-05-12 00:00:00+05:30,62.43,63.76,62.05,63.43,13743497,0.01797550985239845,-0.01749408482504662
2009-05-13 00:00:00+05:30,63.43,64.04,61.95,62.33,9975058,-0.01749408482504662,-0.006599621539287462
2009-05-14 00:00:00+05:30,61.7,62.55,61.39,61.92,7178219,-0.006599621539287462,-0.0040456402780702
2009-05-15 00:00:00+05:30,62.05,62.82,61.46,61.67,12206033,-0.0040456402780702,0.10547401659433092
2009-05-18 00:00:00+05:30,64.26,74.0,64.26,68.53,457091,0.10547401659433092,-0.08207551321819802
2009-05-19 00:00:00+05:30,68.57,70.57,62.68,63.13,60751658,-0.08207551321819802,-0.021292727915889206
2009-05-20 00:00:00+05:30,62.98,63.88,61.36,61.8,23612535,-0.021292727915889206,-0.023245440184952237
2009-05-21 00:00:00+05:30,61.99,62.3,60.0,60.38,22765947,-0.023245440184952237,0.007918220190132184
2009-05-22 00:00:00+05:30,60.38,61.16,59.75,60.86,21389272,0.007918220190132184,0.033128989113113266
2009-05-25 00:00:00+05:30,61.12,63.2,60.51,62.91,23727012,0.033128989113113266,-0.03066734841817713
2009-05-26 00:00:00+05:30,63.48,63.64,60.49,61.01,19226735,-0.03066734841817713,0.0003277613926425853
2009-05-27 00:00:00+05:30,61.49,62.15,59.52,61.03,48502937,0.0003277613926425853,-0.0011476351780127796
2009-05-28 00:00:00+05:30,61.82,62.32,60.38,60.96,37397891,-0.0011476351780127796,-0.001313197824960361
2009-05-29 00:00:00+05:30,61.26,62.48,60.36,60.88,32080210,-0.001313197824960361,0.046534948028481155
2009-06-01 00:00:00+05:30,61.32,64.56,61.16,63.78,40113813,0.046534948028481155,-0.0010981254535146878
2009-06-02 00:00:00+05:30,64.64,65.58,62.55,63.71,29326347,-0.0010981254535146878,0.0549672778942249
2009-06-03 00:00:00+05:30,64.57,67.75,64.04,67.31,43535084,0.0549672778942249,-0.002230981813281797
2009-06-04 00:00:00+05:30,67.29,69.61,65.67,67.16,37186622,-0.002230981813281797,-0.057140896563534216
2009-06-05 00:00:00+05:30,67.29,67.29,62.83,63.43,79065338,-0.057140896563534216,-0.041360791176980743
2009-06-08 00:00:00+05:30,67.27,67.27,59.83,60.86,46866456,-0.041360791176980743,0.038518983138804655
2009-06-09 00:00:00+05:30,60.28,63.61,60.13,63.25,25845011,0.038518983138804655,0.023284120890468673
2009-06-10 00:00:00+05:30,63.31,65.5,63.31,64.74,40273224,0.023284120890468673,0.011670894143108035
2009-06-11 00:00:00+05:30,64.97,66.23,64.03,65.5,24217637,0.011670894143108035,-0.004744059704758266
2009-06-12 00:00:00+05:30,65.9,67.29,64.8,65.19,22677684,-0.004744059704758266,0.004285939516552108
2009-06-15 00:00:00+05:30,64.64,66.08,64.44,65.47,13502243,0.004285939516552108,0.005939254495218338
2009-06-16 00:00:00+05:30,64.47,67.19,64.46,65.86,19015793,0.005939254495218338,-0.02490520730971207
2009-06-17 00:00:00+05:30,65.63,66.3,63.81,64.24,15130576,-0.02490520730971207,-0.0023377241223706004
2009-06-18 00:00:00+05:30,64.31,64.97,63.66,64.09,14099173,-0.0023377241223706004,0.03676321489822794
2009-06-19 00:00:00+05:30,64.14,66.66,64.14,66.49,16358247,0.03676321489822794,0.012999809519707837
2009-06-22 00:00:00+05:30,67.85,68.12,66.46,67.36,21274702,0.012999809519707837,-0.02907050105242385
2009-06-23 00:00:00+05:30,67.12,67.12,63.94,65.43,24736676,-0.02907050105242385,0.006854036427791993
2009-06-24 00:00:00+05:30,65.63,66.76,64.11,65.88,22769796,0.006854036427791993,-0.028483181778728682
2009-06-25 00:00:00+05:30,67.52,67.52,63.16,64.03,40091208,-0.028483181778728682,0.01810774540189639
2009-06-26 00:00:00+05:30,64.64,65.63,63.43,65.2,16617882,0.01810774540189639,-0.015300507126650459
2009-06-29 00:00:00+05:30,65.3,65.58,63.98,64.21,10407234,-0.015300507126650459,-0.015380089735435164
2009-06-30 00:00:00+05:30,64.47,64.74,62.72,63.23,13499663,-0.015380089735435164,0.0028427056414184687
2009-07-01 00:00:00+05:30,63.08,64.47,62.65,63.41,10257489,0.0028427056414184687,0.0020480511294299567
2009-07-02 00:00:00+05:30,63.93,64.14,62.7,63.54,18345191,0.0020480511294299567,0.0
2009-07-03 00:00:00+05:30,63.31,64.01,62.7,63.54,16046679,0.0,0.03083842421003551
2009-07-06 00:00:00+05:30,63.81,67.29,62.05,65.53,50752879,0.03083842421003551,0.06613003593770087
2009-07-07 00:00:00+05:30,65.98,71.23,65.98,70.01,52830507,0.06613003593770087,-0.008319038223924215
2009-07-08 00:00:00+05:30,69.78,70.77,68.62,69.43,20558125,-0.008319038223924215,0.018692133012152327
2009-07-09 00:00:00+05:30,67.12,71.27,67.12,70.74,14893576,0.018692133012152327,-0.01323391779502437
2009-07-10 00:00:00+05:30,71.07,71.23,68.81,69.81,16328253,-0.01323391779502437,0.0011453115067275466
2009-07-13 00:00:00+05:30,68.85,71.27,67.62,69.89,17174490,0.0011453115067275466,0.007412721042004103
2009-07-14 00:00:00+05:30,70.27,70.85,68.96,70.41,12129368,0.007412721042004103,0.022469699729733766
2009-07-15 00:00:00+05:30,70.54,72.46,69.39,72.01,14563735,0.022469699729733766,0.0005553241847555344
2009-07-16 00:00:00+05:30,72.2,73.39,71.38,72.05,10192362,0.0005553241847555344,0.05324143023616241
2009-07-17 00:00:00+05:30,72.86,76.9,71.57,75.99,22368384,0.05324143023616241,-0.01672013473949469
2009-07-20 00:00:00+05:30,76.9,77.23,73.92,74.73,13526657,-0.01672013473949469,-0.02602830953557908
2009-07-21 00:00:00+05:30,75.66,75.66,72.18,72.81,12887069,-0.02602830953557908,-0.007582582687125548
2009-07-22 00:00:00+05:30,74.15,74.3,71.3,72.26,13149821,-0.007582582687125548,0.05256566476361552
2009-07-23 00:00:00+05:30,72.94,76.9,72.66,76.16,25490234,0.05256566476361552,0.010579345063116306
2009-07-24 00:00:00+05:30,76.57,77.81,74.04,76.97,17445012,0.010579345063116306,0.028181703637116442
2009-07-27 00:00:00+05:30,77.57,80.88,75.58,79.17,16503984,0.028181703637116442,0.009053249310608169
2009-07-28 00:00:00+05:30,78.89,81.31,77.98,79.89,21727768,0.009053249310608169,-0.013864603236353702
2009-07-29 00:00:00+05:30,78.89,80.52,75.61,78.79,14359333,-0.013864603236353702,0.020849788180795352
2009-07-30 00:00:00+05:30,78.23,81.83,76.94,80.45,30970349,0.020849788180795352,0.02637380708854006
2009-07-31 00:00:00+05:30,82.14,83.86,80.55,82.6,22026102,0.02637380708854006,-0.0041247177246542446
2009-08-03 00:00:00+05:30,83.86,83.86,81.3,82.26,6975602,-0.0041247177246542446,-0.006708569405662087
2009-08-04 00:00:00+05:30,82.26,82.54,79.55,81.71,14635144,-0.006708569405662087,-0.01119942786956628
2009-08-05 00:00:00+05:30,82.04,82.14,79.39,80.8,11663322,-0.01119942786956628,-0.040409538337876666
2009-08-06 00:00:00+05:30,79.89,81.08,76.26,77.6,16625697,-0.040409538337876666,-0.0193877649098728
2009-08-07 00:00:00+05:30,77.73,78.21,75.28,76.11,14959078,-0.0193877649098728,-0.02312702756409135
2009-08-10 00:00:00+05:30,76.89,77.2,73.01,74.37,17229843,-0.02312702756409135,0.0058989311691046336
2009-08-11 00:00:00+05:30,73.29,75.15,72.33,74.81,15750442,0.0058989311691046336,0.009578362441042928
2009-08-12 00:00:00+05:30,73.92,76.49,73.12,75.53,12509195,0.009578362441042928,0.04921248676082759
2009-08-13 00:00:00+05:30,76.34,80.17,76.29,79.34,10507821,0.04921248676082759,-0.01857323458218528
2009-08-14 00:00:00+05:30,79.55,79.89,76.44,77.88,8241505,-0.01857323458218528,-0.05421703560778807
2009-08-17 00:00:00+05:30,77.23,77.53,72.78,73.77,13905977,-0.05421703560778807,0.009578488072600835
2009-08-18 00:00:00+05:30,73.59,75.49,72.68,74.48,11305530,0.009578488072600835,-0.008223841428165197
2009-08-19 00:00:00+05:30,73.19,74.58,72.28,73.87,17817828,-0.008223841428165197,0.010235779602649445
2009-08-20 00:00:00+05:30,74.75,75.41,74.58,74.63,8018857,0.010235779602649445,0.016742352272525456
2009-08-21 00:00:00+05:30,75.21,76.24,72.97,75.89,10871049,0.016742352272525456,0.04697511636372323
2009-08-24 00:00:00+05:30,76.74,80.48,76.24,79.54,14230399,0.04697511636372323,0.0022604555650492376
2009-08-25 00:00:00+05:30,78.56,80.86,77.45,79.72,12206258,0.0022604555650492376,-0.006291703150823387
2009-08-26 00:00:00+05:30,79.89,79.89,78.1,79.22,8418562,-0.006291703150823387,0.0037797701545480593
2009-08-27 00:00:00+05:30,76.34,80.3,76.34,79.52,15119983,0.0037797701545480593,-0.013802055123743356
2009-08-28 00:00:00+05:30,79.72,79.89,77.57,78.43,10044918,-0.013802055123743356,-0.024262385120882433
2009-08-31 00:00:00+05:30,78.18,78.39,75.79,76.55,14043742,-0.024262385120882433,-0.0034022540015546713
2009-09-01 00:00:00+05:30,77.23,77.81,74.45,76.29,12572582,-0.0034022540015546713,-0.009217868798052677
2009-09-02 00:00:00+05:30,75.66,77.3,74.91,75.59,9007141,-0.009217868798052677,-0.005438761168053324
2009-09-03 00:00:00+05:30,75.91,76.44,74.33,75.18,9666133,-0.005438761168053324,0.0280674162040981
2009-09-04 00:00:00+05:30,75.58,78.18,74.47,77.32,9782479,0.0280674162040981,-0.009486134418627829
2009-09-07 00:00:00+05:30,78.53,78.89,75.61,76.59,25204496,-0.009486134418627829,-0.01050016209756434
2009-09-08 00:00:00+05:30,76.9,77.9,75.58,75.79,16965522,-0.01050016209756434,-0.00715045419495271
2009-09-09 00:00:00+05:30,75.58,75.91,74.72,75.25,44968435,-0.00715045419495271,0.008995959596157467
2009-09-10 00:00:00+05:30,75.74,76.8,75.08,75.93,14199400,0.008995959596157467,-0.008597367948018278
2009-09-11 00:00:00+05:30,76.6,76.75,74.58,75.28,17942298,-0.008597367948018278,-0.014180839644672722
2009-09-14 00:00:00+05:30,74.32,75.86,73.72,74.22,10267254,-0.014180839644672722,0.02277820759269104
2009-09-15 00:00:00+05:30,74.58,76.37,74.35,75.93,13712339,0.02277820759269104,0.008654656696359633
2009-09-16 00:00:00+05:30,76.9,77.09,76.02,76.59,16990284,0.008654656696359633,-0.009840661974735812
2009-09-17 00:00:00+05:30,77.2,77.86,75.26,75.84,28221843,-0.009840661974735812,-0.008341657108454751
2009-09-18 00:00:00+05:30,75.58,75.91,75.0,75.21,15994180,-0.008341657108454751,0.028056376180763377
2009-09-22 00:00:00+05:30,75.58,77.57,74.65,77.35,15070633,0.028056376180763377,-0.012226999359599753
2009-09-23 00:00:00+05:30,77.9,78.49,75.84,76.41,12404849,-0.012226999359599753,0.00885999281169565
2009-09-24 00:00:00+05:30,75.91,78.23,75.91,77.09,15966949,0.00885999281169565,0.01045238240553173
2009-09-25 00:00:00+05:30,76.87,78.28,76.8,77.9,8715115,0.01045238240553173,-0.0032144032820065303
2009-09-29 00:00:00+05:30,78.49,78.89,77.15,77.65,8908291,-0.0032144032820065303,-0.005164633816841322
2009-09-30 00:00:00+05:30,77.57,77.72,76.75,77.25,15631957,-0.005164633816841322,-0.002073345306683931
2009-10-01 00:00:00+05:30,77.13,77.4,76.24,77.09,12599228,-0.002073345306683931,0.02535996561166478
2009-10-05 00:00:00+05:30,76.99,79.49,76.24,79.07,23240082,0.02535996561166478,0.03711715093120437
2009-10-06 00:00:00+05:30,79.55,82.37,79.52,82.06,23303223,0.03711715093120437,-0.010535439846407736
2009-10-07 00:00:00+05:30,82.7,83.7,80.91,81.2,13210649,-0.010535439846407736,0.0233700996233397
2009-10-08 00:00:00+05:30,82.17,84.05,81.54,83.12,19482701,0.0233700996233397,-0.004461332533799696
2009-10-09 00:00:00+05:30,83.43,83.43,81.05,82.75,6461189,-0.004461332533799696,0.03432844946430982
2009-10-12 00:00:00+05:30,84.33,86.45,81.28,85.64,13242392,0.03432844946430982,0.001283622324567313
2009-10-14 00:00:00+05:30,85.46,86.78,85.07,85.75,8620132,0.001283622324567313,-0.008902483535514512
2009-10-15 00:00:00+05:30,86.18,86.18,82.75,84.99,12285068,-0.008902483535514512,-0.015653112203027522
2009-10-16 00:00:00+05:30,85.19,85.34,82.87,83.67,7637453,-0.015653112203027522,-0.007798947682614693
2009-10-20 00:00:00+05:30,83.53,84.2,82.24,83.02,9595720,-0.007798947682614693,-0.027352132489625862
2009-10-21 00:00:00+05:30,83.7,83.7,80.13,80.78,7981706,-0.027352132489625862,0.016939155485035905
2009-10-22 00:00:00+05:30,81.21,82.84,80.48,82.16,10448475,0.016939155485035905,0.048581490291166325
2009-10-23 00:00:00+05:30,83.13,86.52,82.87,86.25,23965968,0.048581490291166325,0.01712783982659862
2009-10-26 00:00:00+05:30,87.34,88.34,86.07,87.74,19650107,0.01712783982659862,-0.015621728205512863
2009-10-27 00:00:00+05:30,86.85,87.97,84.89,86.38,14888794,-0.015621728205512863,-0.00568875975442164
2009-10-28 00:00:00+05:30,86.12,87.01,83.38,85.89,16330269,-0.00568875975442164,0.0006983240507250022
2009-10-29 00:00:00+05:30,84.36,87.44,84.08,85.95,21699466,0.0006983240507250022,-0.017487682323060895
2009-10-30 00:00:00+05:30,87.01,87.26,83.9,84.46,13395653,-0.017487682323060895,-0.024813979178298803
2009-11-03 00:00:00+05:30,83.65,86.13,80.58,82.39,13146749,-0.024813979178298803,0.023984840842376468
2009-11-04 00:00:00+05:30,81.88,84.86,80.8,84.39,10389993,0.023984840842376468,-0.009644654150105878
2009-11-05 00:00:00+05:30,84.2,84.83,81.54,83.58,11912208,-0.009644654150105878,-0.013127183147129063
2009-11-06 00:00:00+05:30,83.86,84.44,81.88,82.49,8200549,-0.013127183147129063,0.040157450811753134
2009-11-09 00:00:00+05:30,83.86,86.17,82.52,85.87,10838568,0.040157450811753134,-0.0061912469245394754
2009-11-10 00:00:00+05:30,85.52,86.85,84.2,85.34,15746284,-0.0061912469245394754,-0.002346317359847673
2009-11-11 00:00:00+05:30,84.54,85.99,84.54,85.14,12791657,-0.002346317359847673,-0.015267472130788533
2009-11-12 00:00:00+05:30,85.52,86.07,83.28,83.85,12612143,-0.015267472130788533,0.006063867341355962
2009-11-13 00:00:00+05:30,84.79,85.11,83.53,84.36,10874076,0.006063867341355962,0.004376374599799003
2009-11-16 00:00:00+05:30,84.69,85.79,83.75,84.73,11418342,0.004376374599799003,-0.0037838522147441754
2009-11-17 00:00:00+05:30,84.69,84.96,83.6,84.41,9790378,-0.0037838522147441754,0.01598341700670154
2009-11-18 00:00:00+05:30,84.53,86.02,83.81,85.77,9398806,0.01598341700670154,-0.0081948480145372
2009-11-19 00:00:00+05:30,85.85,86.25,84.56,85.07,10734192,-0.0081948480145372,0.012615515986145902
2009-11-20 00:00:00+05:30,84.33,86.52,82.32,86.15,10723047,0.012615515986145902,0.03366937150282488
2009-11-23 00:00:00+05:30,86.78,89.5,86.18,89.1,22152744,0.03366937150282488,-0.018806490608480463
2009-11-24 00:00:00+05:30,89.5,89.5,87.16,87.44,17352054,-0.018806490608480463,0.019143134274342923
2009-11-25 00:00:00+05:30,87.51,89.33,86.96,89.13,9682540,0.019143134274342923,-0.028565242356145267
2009-11-26 00:00:00+05:30,89.5,89.83,85.77,86.62,18505433,-0.028565242356145267,-0.01935017829285204
2009-11-27 00:00:00+05:30,85.7,86.52,83.57,84.96,13279967,-0.01935017829285204,0.003055590578137276
2009-11-30 00:00:00+05:30,85.64,86.73,84.53,85.22,11341677,0.003055590578137276,0.003747954726996711
2009-12-01 00:00:00+05:30,85.52,86.15,84.71,85.54,12295709,0.003747954726996711,-0.0041000467440135465
2009-12-02 00:00:00+05:30,86.13,86.35,84.53,85.19,11919045,-0.0041000467440135465,-0.006004609788084552
2009-12-03 00:00:00+05:30,85.22,86.1,84.53,84.68,8761216,-0.006004609788084552,0.004830073594801497
2009-12-04 00:00:00+05:30,84.69,85.89,83.93,85.09,7667129,0.004830073594801497,-0.007431470355668587
2009-12-07 00:00:00+05:30,85.22,85.77,84.26,84.46,5869839,-0.007431470355668587,0.014808121099578842
2009-12-08 00:00:00+05:30,84.56,86.1,84.31,85.72,10169409,0.014808121099578842,-0.007964436571683664
2009-12-09 00:00:00+05:30,85.52,85.8,84.71,85.04,7957790,-0.007964436571683664,-0.009214477482822035
2009-12-10 00:00:00+05:30,85.12,85.49,83.86,84.26,10529940,-0.009214477482822035,-0.005712941031981671
2009-12-11 00:00:00+05:30,84.79,84.79,82.97,83.78,9976633,-0.005712941031981671,-0.008149613657486343
2009-12-14 00:00:00+05:30,84.03,84.51,82.7,83.1,7599683,-0.008149613657486343,0.0030039073354003964
2009-12-15 00:00:00+05:30,83.53,84.1,82.54,83.35,7018097,0.0030039073354003964,-0.008191829932218685
2009-12-16 00:00:00+05:30,83.43,83.48,82.06,82.67,7773758,-0.008191829932218685,-0.0006049972959657183
2009-12-17 00:00:00+05:30,83.04,83.33,82.21,82.62,9252940,-0.0006049972959657183,-0.008997021175529783
2009-12-18 00:00:00+05:30,82.9,82.9,81.54,81.88,6011246,-0.008997021175529783,-0.008955466832488384
2009-12-21 00:00:00+05:30,81.88,81.96,80.73,81.15,7793363,-0.008955466832488384,0.00589754750266434
2009-12-22 00:00:00+05:30,81.44,82.44,80.62,81.63,12177134,0.00589754750266434,0.029333988113706088
2009-12-23 00:00:00+05:30,81.88,84.49,81.05,84.06,15966424,0.029333988113706088,0.00888263079663795
2009-12-24 00:00:00+05:30,84.53,85.49,83.45,84.81,8614384,0.00888263079663795,0.0012961764614466762
2009-12-29 00:00:00+05:30,84.31,85.34,84.29,84.92,6504407,0.0012961764614466762,-0.021664934973652926
2009-12-30 00:00:00+05:30,84.79,85.01,82.87,83.1,7434275,-0.021664934973652926,0.0003609456815942356
2009-12-31 00:00:00+05:30,83.43,84.18,82.82,83.13,15334201,0.0003609456815942356,0.011363079025699073
2010-01-04 00:00:00+05:30,83.86,84.53,82.99,84.08,5161632,0.011363079025699073,0.009823145442576462
2010-01-05 00:00:00+05:30,84.46,85.11,83.76,84.91,10767219,0.009823145442576462,0.0023526654775976124
2010-01-06 00:00:00+05:30,85.75,85.75,84.06,85.11,7529975,0.0023526654775976124,-0.0031774077923879406
2010-01-07 00:00:00+05:30,85.19,85.69,84.1,84.84,4987431,-0.0031774077923879406,0.002119393234162278
2010-01-08 00:00:00+05:30,84.64,85.69,84.64,85.02,4881348,0.002119393234162278,0.0004703668948434446
2010-01-11 00:00:00+05:30,85.36,86.02,84.86,85.06,7201259,0.0004703668948434446,-0.025842462222052623
2010-01-12 00:00:00+05:30,85.11,85.11,82.57,82.89,15514093,-0.025842462222052623,-0.004473739400383825
2010-01-13 00:00:00+05:30,82.54,83.45,81.88,82.52,12476057,-0.004473739400383825,-0.003155725400772886
2010-01-14 00:00:00+05:30,83.04,83.17,81.88,82.26,12324473,-0.003155725400772886,0.01830935271661083
2010-01-15 00:00:00+05:30,82.89,83.93,81.91,83.78,7839827,0.01830935271661083,-0.00875147945958502
2010-01-18 00:00:00+05:30,83.8,84.29,82.87,83.05,5642283,-0.00875147945958502,-0.0025317995319204447
2010-01-19 00:00:00+05:30,83.33,83.33,82.31,82.84,6295622,-0.0025317995319204447,-0.011289952999872798
2010-01-20 00:00:00+05:30,82.87,83.37,81.63,81.91,10432653,-0.011289952999872798,-0.010554835345825561
2010-01-21 00:00:00+05:30,82.04,82.92,80.38,81.05,11734692,-0.010554835345825561,0.018580170247652107
2010-01-22 00:00:00+05:30,80.55,84.1,79.97,82.57,46258848,0.018580170247652107,0.023814923132645067
2010-01-25 00:00:00+05:30,82.87,84.96,82.06,84.56,15803920,0.023814923132645067,0.0031879122576610928
2010-01-27 00:00:00+05:30,84.03,85.87,83.86,84.83,35549823,0.0031879122576610928,-0.006504664883655106
2010-01-28 00:00:00+05:30,85.09,85.19,82.39,84.28,19603166,-0.006504664883655106,-0.01626830136840944
2010-01-29 00:00:00+05:30,84.03,85.11,82.57,82.92,15766648,-0.01626830136840944,-0.01469989417096292
2010-02-01 00:00:00+05:30,82.87,83.71,81.44,81.71,12617918,-0.01469989417096292,-0.00860378955421606
2010-02-02 00:00:00+05:30,82.89,82.89,80.57,81.01,10822935,-0.00860378955421606,0.03302473237394064
2010-02-03 00:00:00+05:30,81.21,84.48,80.71,83.73,13888172,0.03302473237394064,0.002981339039706616
2010-02-04 00:00:00+05:30,83.53,84.44,82.74,83.98,12115679,0.002981339039706616,-0.01996458373025319
2010-02-05 00:00:00+05:30,83.53,83.96,81.88,82.32,18616505,-0.01996458373025319,-0.01209913934711028
2010-02-08 00:00:00+05:30,82.21,82.27,79.79,81.33,23410350,-0.01209913934711028,-0.005919366155568058
2010-02-09 00:00:00+05:30,81.34,81.81,80.47,80.85,12081404,-0.005919366155568058,0.0
2010-02-10 00:00:00+05:30,81.11,81.54,80.25,80.85,8559067,0.0,0.013147575268081833
2010-02-11 00:00:00+05:30,81.23,82.17,81.15,81.92,6952625,0.013147575268081833,0.008871662975835531
2010-02-15 00:00:00+05:30,82.37,82.87,81.25,82.65,6487736,0.008871662975835531,0.0032614633005456483
2010-02-16 00:00:00+05:30,83.12,83.37,82.24,82.92,6122924,0.0032614633005456483,0.006371362540265181
2010-02-17 00:00:00+05:30,83.04,83.76,82.69,83.45,7889144,0.006371362540265181,-0.01399805649022246
2010-02-18 00:00:00+05:30,83.6,83.78,81.71,82.29,4007400,-0.01399805649022246,0.0009716993355358166
2010-02-19 00:00:00+05:30,82.64,83.0,81.48,82.37,6003725,0.0009716993355358166,-0.0036487513115372235
2010-02-22 00:00:00+05:30,82.79,83.12,81.58,82.07,6519761,-0.0036487513115372235,0.006679240326998356
2010-02-23 00:00:00+05:30,82.07,82.85,81.48,82.62,7205156,0.006679240326998356,-0.006435575608443679
2010-02-24 00:00:00+05:30,82.32,83.02,81.81,82.09,8543611,-0.006435575608443679,-0.00024366471855465438
2010-02-25 00:00:00+05:30,82.5,82.7,81.44,82.07,14311624,-0.00024366471855465438,-0.06389699835166207
2010-02-26 00:00:00+05:30,82.37,83.67,75.84,76.99,70062606,-0.06389699835166207,0.04084797158251081
2010-03-02 00:00:00+05:30,77.93,80.95,77.9,80.2,29079204,0.04084797158251081,0.007205895262798002
2010-03-03 00:00:00+05:30,80.38,81.63,79.01,80.78,13051697,0.007205895262798002,0.009609535570987726
2010-03-04 00:00:00+05:30,81.84,81.88,80.55,81.56,12871166,0.009609535570987726,-0.005286139299280835
2010-03-05 00:00:00+05:30,81.88,81.88,80.55,81.13,8292832,-0.005286139299280835,0.026155617899739896
2010-03-08 00:00:00+05:30,81.46,83.52,81.38,83.28,22483815,0.026155617899739896,-0.0007207207519182903
2010-03-09 00:00:00+05:30,83.45,84.11,82.74,83.22,9544837,-0.0007207207519182903,0.012656885381193117
2010-03-10 00:00:00+05:30,83.78,84.61,82.99,84.28,11961906,0.012656885381193117,0.005443156262424745
2010-03-11 00:00:00+05:30,84.2,85.49,83.4,84.74,8748877,0.005443156262424745,0.010914960777539614
2010-03-12 00:00:00+05:30,85.19,86.32,84.61,85.67,16751442,0.010914960777539614,0.003495692210400085
2010-03-15 00:00:00+05:30,85.64,86.75,85.64,85.97,15357001,0.003495692210400085,0.001743274309809672
2010-03-16 00:00:00+05:30,86.25,86.5,84.28,86.12,7480232,0.001743274309809672,0.011659583747033176
2010-03-17 00:00:00+05:30,86.12,87.64,85.74,87.13,12137348,0.011659583747033176,-0.006101440674806026
2010-03-18 00:00:00+05:30,87.18,87.74,85.75,86.6,6491699,-0.006101440674806026,0.00023092021809130258
2010-03-19 00:00:00+05:30,86.35,87.26,85.9,86.62,7726916,0.00023092021809130258,0.0010384816025882804
2010-03-22 00:00:00+05:30,85.97,86.81,85.31,86.71,8909035,0.0010384816025882804,-0.002424803451235328
2010-03-23 00:00:00+05:30,86.35,87.08,84.92,86.5,9991810,-0.002424803451235328,0.014461402029141326
2010-03-25 00:00:00+05:30,86.53,88.32,86.12,87.76,17237304,0.014461402029141326,-0.0013683012397090674
2010-03-26 00:00:00+05:30,87.76,88.17,86.88,87.64,8880835,-0.0013683012397090674,0.017979791184794324
2010-03-29 00:00:00+05:30,87.64,89.83,86.93,89.23,12653576,0.017979791184794324,-0.001233529733086158
2010-03-30 00:00:00+05:30,89.27,90.46,88.74,89.12,7993805,-0.001233529733086158,-0.021779445264039982
2010-03-31 00:00:00+05:30,89.43,89.43,86.71,87.2,15054343,-0.021779445264039982,0.003548741632805801
2010-04-01 00:00:00+05:30,87.51,88.45,87.21,87.51,5660238,0.003548741632805801,0.0030806117123481293
2010-04-05 00:00:00+05:30,88.74,89.07,87.54,87.78,7335416,0.0030806117123481293,0.005453319581313269
2010-04-06 00:00:00+05:30,87.78,88.7,87.21,88.26,9674905,0.005453319581313269,0.011938423130555771
2010-04-07 00:00:00+05:30,87.96,89.5,87.34,89.32,8730535,0.011938423130555771,-0.006401998616431884
2010-04-08 00:00:00+05:30,88.84,89.15,88.29,88.75,6258122,-0.006401998616431884,0.005617992304223274
2010-04-09 00:00:00+05:30,88.77,89.66,88.07,89.25,8402551,0.005617992304223274,0.007923706431366315
2010-04-12 00:00:00+05:30,89.5,90.39,88.62,89.96,7865249,0.007923706431366315,-0.010279420123825421
2010-04-13 00:00:00+05:30,90.69,90.73,88.87,89.04,4827843,-0.010279420123825421,-0.02202882310883241
2010-04-15 00:00:00+05:30,89.52,89.73,86.6,87.1,11888373,-0.02202882310883241,0.023824155727506666
2010-04-16 00:00:00+05:30,86.22,89.45,86.22,89.2,8866249,0.023824155727506666,-0.015933440647846235
2010-04-19 00:00:00+05:30,88.84,90.76,86.96,87.79,7860239,-0.015933440647846235,-0.006170037855580908
2010-04-20 00:00:00+05:30,88.34,88.41,86.52,87.25,8330824,-0.006170037855580908,-0.00286944242795282
2010-04-21 00:00:00+05:30,87.51,87.83,86.63,87.0,5479605,-0.00286944242795282,0.006758717520413865
2010-04-22 00:00:00+05:30,86.68,88.62,86.35,87.59,13173500,0.006758717520413865,0.010222715104261036
2010-04-23 00:00:00+05:30,87.74,88.82,86.88,88.49,4994148,0.010222715104261036,0.0016936717197148926
2010-04-26 00:00:00+05:30,88.17,89.8,87.87,88.64,5372079,0.0016936717197148926,0.007978018606463261
2010-04-27 00:00:00+05:30,88.84,89.78,88.02,89.35,5873436,0.007978018606463261,0.0014538950164920054
2010-04-28 00:00:00+05:30,88.54,90.29,88.12,89.48,10551003,0.0014538950164920054,-0.010447772393086398
2010-04-29 00:00:00+05:30,89.96,89.96,88.01,88.55,10187187,-0.010447772393086398,-0.004867842294700097
2010-04-30 00:00:00+05:30,88.84,89.07,87.84,88.12,6860540,-0.004867842294700097,-0.0032963940051163724
2010-05-03 00:00:00+05:30,86.6,88.37,86.6,87.83,7014305,-0.0032963940051163724,-0.01006988712873395
2010-05-04 00:00:00+05:30,86.91,88.17,86.52,86.95,4731255,-0.01006988712873395,-0.0005752085289455973
2010-05-05 00:00:00+05:30,82.87,87.38,82.87,86.9,6922592,-0.0005752085289455973,-0.011923507586952948
2010-05-06 00:00:00+05:30,81.21,87.01,81.21,85.87,5814030,-0.011923507586952948,0.00034930430581637894
2010-05-07 00:00:00+05:30,84.2,86.5,84.06,85.9,8690821,0.00034930430581637894,0.010192351379994946
2010-05-10 00:00:00+05:30,84.49,87.16,84.49,86.78,14890672,0.010192351379994946,-0.008563875970675252
2010-05-11 00:00:00+05:30,85.37,87.28,85.37,86.04,9940138,-0.008563875970675252,0.020932334148104106
2010-05-12 00:00:00+05:30,83.7,88.14,83.7,87.86,5336886,0.020932334148104106,0.005448367620746933
2010-05-13 00:00:00+05:30,88.5,88.84,87.43,88.34,6069926,0.005448367620746933,0.0062066440852032055
2010-05-14 00:00:00+05:30,87.18,90.49,87.18,88.89,8906083,0.0062066440852032055,-0.0075659555767899605
2010-05-17 00:00:00+05:30,88.17,89.13,87.84,88.22,7166219,-0.0075659555767899605,0.009364315058876941
2010-05-18 00:00:00+05:30,87.86,89.33,86.63,89.05,4777404,0.009364315058876941,-0.035781378975116004
2010-05-19 00:00:00+05:30,88.99,88.99,85.52,85.92,8933686,-0.035781378975116004,0.01226157640893782
2010-05-20 00:00:00+05:30,85.64,87.96,85.19,86.98,12634187,0.01226157640893782,0.03335338275693187
2010-05-21 00:00:00+05:30,86.18,90.92,85.31,89.93,36162545,0.03335338275693187,-0.01208203532576389
2010-05-24 00:00:00+05:30,91.16,91.32,88.02,88.85,14963182,-0.01208203532576389,-0.028540750007972734
2010-05-25 00:00:00+05:30,88.67,89.57,85.75,86.35,21123127,-0.028540750007972734,0.032472234993276256
2010-05-26 00:00:00+05:30,86.86,89.48,86.55,89.2,11092251,0.032472234993276256,0.024911335250911108
2010-05-27 00:00:00+05:30,89.33,92.35,88.6,91.45,29180238,0.024911335250911108,0.026118471512025798
2010-05-28 00:00:00+05:30,92.15,94.14,91.45,93.87,16856166,0.026118471512025798,0.0
2010-05-31 00:00:00+05:30,95.37,95.37,92.55,93.87,11478396,0.0,-0.0006393862110408623
2010-06-01 00:00:00+05:30,94.6,94.79,93.31,93.81,9575314,-0.0006393862110408623,-0.006094645970303319
2010-06-02 00:00:00+05:30,94.14,94.4,92.57,93.24,8114386,-0.006094645970303319,0.014903405502574948
2010-06-03 00:00:00+05:30,93.81,95.08,93.64,94.64,7469252,0.014903405502574948,0.01852971100615771
2010-06-04 00:00:00+05:30,95.75,96.73,91.82,96.41,9566434,0.01852971100615771,-0.010845867085467887
2010-06-07 00:00:00+05:30,94.47,95.83,94.47,95.37,6596504,-0.010845867085467887,0.0068965790590602375
2010-06-08 00:00:00+05:30,96.36,96.99,94.99,96.03,9177730,0.0068965790590602375,-0.04265469792255889
2010-06-09 00:00:00+05:30,95.27,95.27,91.52,92.02,11892081,-0.04265469792255889,0.008763918684518679
2010-06-10 00:00:00+05:30,92.48,93.39,91.22,92.83,10567983,0.008763918684518679,0.005371736165814087
2010-06-11 00:00:00+05:30,95.8,95.8,93.03,93.33,8462893,0.005371736165814087,0.016049661619549543
2010-06-14 00:00:00+05:30,93.71,95.07,93.34,94.84,8419255,0.016049661619549543,0.01931872329825148
2010-06-15 00:00:00+05:30,94.8,97.02,94.5,96.69,9378022,0.01931872329825148,-0.002692627973163051
2010-06-16 00:00:00+05:30,97.69,97.69,95.52,96.43,11822736,-0.002692627973163051,0.010214171856103411
2010-06-17 00:00:00+05:30,96.46,98.42,95.85,97.42,13327229,0.010214171856103411,0.003381670487078568
2010-06-18 00:00:00+05:30,97.79,99.21,97.02,97.75,15590230,0.003381670487078568,0.014220656100329944
2010-06-21 00:00:00+05:30,98.35,99.44,96.79,99.15,13894055,0.014220656100329944,0.008936251043613407
2010-06-22 00:00:00+05:30,98.78,100.69,98.53,100.04,9383257,0.008936251043613407,0.0034924946940169464
2010-06-23 00:00:00+05:30,99.44,100.84,99.19,100.39,9282367,0.0034924946940169464,0.00951727219457367
2010-06-24 00:00:00+05:30,100.44,102.06,99.48,101.35,20714152,0.00951727219457367,-0.01421000708068677
2010-06-25 00:00:00+05:30,101.32,102.06,99.51,99.92,7899062,-0.01421000708068677,-0.012690270011730061
2010-06-28 00:00:00+05:30,99.77,100.6,98.45,98.66,6452669,-0.012690270011730061,-0.004367928118813879
2010-06-29 00:00:00+05:30,98.98,99.11,97.47,98.23,5038398,-0.004367928118813879,0.030281038299870215
2010-06-30 00:00:00+05:30,97.12,101.5,97.12,101.25,13851989,0.030281038299870215,-0.008032171697264267
2010-07-01 00:00:00+05:30,101.03,101.03,99.53,100.44,5114850,-0.008032171697264267,-0.0014945451892672784
2010-07-02 00:00:00+05:30,101.1,101.42,100.04,100.29,4187583,-0.0014945451892672784,-0.0012970817483285823
2010-07-05 00:00:00+05:30,100.24,100.94,99.44,100.16,4299354,-0.0012970817483285823,0.002393299905840484
2010-07-06 00:00:00+05:30,100.17,100.54,99.81,100.4,4537182,0.002393299905840484,-0.002892625826236554
2010-07-07 00:00:00+05:30,100.47,100.59,99.44,100.11,6040457,-0.002892625826236554,0.003788638629474935
2010-07-08 00:00:00+05:30,100.77,101.22,100.07,100.49,5593524,0.003788638629474935,-0.009297742561475949
2010-07-09 00:00:00+05:30,100.49,101.03,99.19,99.56,5969127,-0.009297742561475949,-0.0013065985074089883
2010-07-12 00:00:00+05:30,100.11,100.11,99.21,99.43,6976778,-0.0013065985074089883,-0.0028200240261772565
2010-07-13 00:00:00+05:30,99.43,99.91,97.89,99.15,14032876,-0.0028200240261772565,-0.0020191829172302696
2010-07-14 00:00:00+05:30,99.49,100.16,98.66,98.95,13910660,-0.0020191829172302696,0.005341946886629109
2010-07-15 00:00:00+05:30,98.95,99.77,98.86,99.48,9170710,0.005341946886629109,-0.0058473803065375
2010-07-16 00:00:00+05:30,99.61,99.63,98.32,98.9,11566041,-0.0058473803065375,-0.02373755818327072
2010-07-19 00:00:00+05:30,98.58,99.43,96.13,96.58,9788842,-0.02373755818327072,0.0003105750840223688
2010-07-20 00:00:00+05:30,96.79,97.26,96.16,96.61,4301748,0.0003105750840223688,0.0031004572170405253
2010-07-21 00:00:00+05:30,97.07,98.12,96.41,96.91,11564379,0.0031004572170405253,0.018099578914697406
2010-07-22 00:00:00+05:30,88.31,98.96,88.31,98.68,21792523,0.018099578914697406,0.013187889326601842
2010-07-23 00:00:00+05:30,99.44,100.34,98.86,99.99,19647314,0.013187889326601842,0.003494238068348891
2010-07-26 00:00:00+05:30,100.11,100.5,99.43,100.34,6791249,0.003494238068348891,0.005069845344113829
2010-07-27 00:00:00+05:30,101.76,101.76,100.44,100.85,5364123,0.005069845344113829,0.010161385711035493
2010-07-28 00:00:00+05:30,101.27,102.18,100.5,101.88,10147944,0.010161385711035493,0.008892421913574564
2010-07-29 00:00:00+05:30,101.76,103.39,101.45,102.79,11641914,0.008892421913574564,-0.0043874686478848485
2010-07-30 00:00:00+05:30,102.68,103.37,101.43,102.34,11090283,-0.0043874686478848485,0.013105075193241044
2010-08-02 00:00:00+05:30,102.46,103.9,102.43,103.69,16662921,0.013105075193241044,-0.01290966727859874
2010-08-03 00:00:00+05:30,105.21,105.21,101.93,102.36,8468112,-0.01290966727859874,0.005844551996283004
2010-08-04 00:00:00+05:30,102.1,104.08,100.47,102.96,8114400,0.005844551996283004,0.003200002730671071
2010-08-05 00:00:00+05:30,103.22,104.22,102.33,103.29,5968117,0.003200002730671071,0.018702890153549732
2010-08-06 00:00:00+05:30,103.42,106.07,103.29,105.24,5979892,0.018702890153549732,0.0013294086090476856
2010-08-09 00:00:00+05:30,105.41,106.21,104.68,105.38,3997012,0.0013294086090476856,-0.010781004102228856
2010-08-10 00:00:00+05:30,105.71,105.71,103.32,104.25,7111346,-0.010781004102228856,-0.014687673450738467
2010-08-11 00:00:00+05:30,103.42,104.08,102.33,102.73,4894130,-0.014687673450738467,-0.013031096071089458
2010-08-12 00:00:00+05:30,101.1,103.32,100.8,101.4,7286558,-0.013031096071089458,0.021367708912927944
2010-08-13 00:00:00+05:30,101.43,104.08,101.4,103.59,7220240,0.021367708912927944,0.012662039673383538
2010-08-16 00:00:00+05:30,104.48,105.41,103.42,104.91,4363073,0.012662039673383538,0.008164085596567271
2010-08-17 00:00:00+05:30,105.41,106.27,103.92,105.77,8288215,0.008164085596567271,0.018361171566139766
2010-08-18 00:00:00+05:30,107.07,108.06,105.44,107.73,12316591,0.018361171566139766,0.01711803256919955
2010-08-19 00:00:00+05:30,107.73,110.25,107.73,109.59,12464662,0.01711803256919955,-0.01591203956621987
2010-08-20 00:00:00+05:30,109.45,109.72,107.43,107.86,8907610,-0.01591203956621987,-0.019850839101776895
2010-08-23 00:00:00+05:30,107.4,107.86,105.48,105.74,5709399,-0.019850839101776895,0.0021727843794405307
2010-08-24 00:00:00+05:30,105.77,106.93,105.14,105.97,5194551,0.0021727843794405307,0.00404954172079947
2010-08-25 00:00:00+05:30,106.01,106.9,105.97,106.4,6604690,0.00404954172079947,0.021018164215833
2010-08-26 00:00:00+05:30,106.74,109.49,106.74,108.66,16281033,0.021018164215833,-0.016610598586571608
2010-08-27 00:00:00+05:30,108.79,109.62,106.31,106.87,5477931,-0.016610598586571608,-0.011860078778422335
2010-08-30 00:00:00+05:30,108.06,108.29,105.14,105.61,4576995,-0.011860078778422335,0.023858548536270792
2010-08-31 00:00:00+05:30,106.27,108.72,105.08,108.16,13192940,0.023858548536270792,0.0
2010-09-01 00:00:00+05:30,108.89,108.92,107.27,108.16,7239267,0.0,0.014046593128588742
2010-09-02 00:00:00+05:30,108.59,109.95,108.16,109.69,7362381,0.014046593128588742,-0.00888243558035447
2010-09-03 00:00:00+05:30,109.85,109.85,107.63,108.72,6091678,-0.00888243558035447,0.010977058631150994
2010-09-06 00:00:00+05:30,109.29,110.91,108.59,109.92,10604234,0.010977058631150994,0.0023625635705313572
2010-09-07 00:00:00+05:30,110.05,110.88,109.26,110.18,8545027,0.0023625635705313572,-0.01150172423901164
2010-09-08 00:00:00+05:30,109.49,109.98,108.23,108.92,6021331,-0.01150172423901164,-0.01191424852935208
2010-09-09 00:00:00+05:30,109.79,109.79,107.0,107.63,7403193,-0.01191424852935208,0.005189521423275214
2010-09-13 00:00:00+05:30,108.29,109.26,107.47,108.19,6539392,0.005189521423275214,0.012218240280711341
2010-09-14 00:00:00+05:30,108.0,110.18,107.27,109.52,11277307,0.012218240280711341,0.01468348687158173
2010-09-15 00:00:00+05:30,108.96,111.38,108.39,111.14,10371996,0.01468348687158173,-0.0014406629540200159
2010-09-16 00:00:00+05:30,110.71,112.3,110.42,110.98,6883813,-0.0014406629540200159,0.0056606467698682725
2010-09-17 00:00:00+05:30,111.28,112.21,110.28,111.61,11380383,0.0056606467698682725,0.04810301238642247
2010-09-20 00:00:00+05:30,112.04,118.01,111.38,117.11,20783044,0.04810301238642247,-0.02288824707308969
2010-09-21 00:00:00+05:30,117.91,118.87,113.63,114.46,24214310,-0.02288824707308969,0.011811844816687605
2010-09-22 00:00:00+05:30,113.6,116.55,113.6,115.82,10948865,0.011811844816687605,0.010222139433222859
2010-09-23 00:00:00+05:30,115.98,117.97,114.63,117.01,9536056,0.010222139433222859,0.015434499071068284
2010-09-24 00:00:00+05:30,117.84,119.9,117.14,118.83,13318055,0.015434499071068284,-0.004723754038909428
2010-09-27 00:00:00+05:30,119.6,119.73,117.54,118.27,11844480,-0.004723754038909428,0.0
2010-09-28 00:00:00+05:30,118.6,119.33,116.88,118.27,10900845,0.0,-0.02725571528262572
2010-09-29 00:00:00+05:30,118.34,119.53,114.69,115.09,10045352,-0.02725571528262572,0.02674827278188576
2010-09-30 00:00:00+05:30,115.22,119.33,113.96,118.21,24463469,0.02674827278188576,0.0019437994711049725
2010-10-01 00:00:00+05:30,118.6,119.33,116.88,118.44,15378697,0.0019437994711049725,-0.01926579066900399
2010-10-04 00:00:00+05:30,119.33,120.53,115.95,116.18,12965497,-0.01926579066900399,-0.008297368260149499
2010-10-05 00:00:00+05:30,116.68,117.28,115.02,115.22,12483989,-0.008297368260149499,-0.005133794177318814
2010-10-06 00:00:00+05:30,116.78,117.31,113.23,114.63,10790066,-0.005133794177318814,-0.005862040497210717
2010-10-07 00:00:00+05:30,115.22,115.62,113.5,113.96,11788656,-0.005862040497210717,0.003241493924171023
2010-10-08 00:00:00+05:30,114.03,114.92,112.44,114.33,11291256,0.003241493924171023,0.0028822239263581605
2010-10-11 00:00:00+05:30,115.25,115.65,113.6,114.66,7472370,0.0028822239263581605,-0.011667310735379561
2010-10-12 00:00:00+05:30,113.96,114.56,112.14,113.33,7683308,-0.011667310735379561,0.023975691831075275
2010-10-13 00:00:00+05:30,114.69,116.58,113.03,116.08,16060313,0.023975691831075275,-0.0002584758554863918
2010-10-14 00:00:00+05:30,117.14,117.24,115.25,116.05,7065401,-0.0002584758554863918,-0.017822684325950577
2010-10-15 00:00:00+05:30,116.68,116.68,113.6,114.0,6708068,-0.017822684325950577,-0.002371230198142295
2010-10-18 00:00:00+05:30,114.03,114.59,110.78,113.73,12772910,-0.002371230198142295,-0.006173947993713421
2010-10-19 00:00:00+05:30,113.83,114.86,112.11,113.03,8865616,-0.006173947993713421,-0.014705492041117266
2010-10-20 00:00:00+05:30,112.21,113.56,111.05,111.38,8675719,-0.014705492041117266,0.03710166914465336
2010-10-21 00:00:00+05:30,112.6,116.02,110.91,115.59,6655709,0.03710166914465336,-0.018246610384718545
2010-10-22 00:00:00+05:30,115.42,115.69,112.84,113.5,5044806,-0.018246610384718545,-0.012054746225930843
2010-10-25 00:00:00+05:30,114.86,114.96,111.77,112.14,10277510,-0.012054746225930843,0.015221532827409267
2010-10-26 00:00:00+05:30,112.93,114.92,112.11,113.86,9176374,0.015221532827409267,-0.022920075907748305
2010-10-27 00:00:00+05:30,113.86,113.96,110.85,111.28,7460364,-0.022920075907748305,-0.0047741386899424944
2010-10-28 00:00:00+05:30,112.14,113.83,109.39,110.75,34655471,-0.0047741386899424944,0.02452742799621242
2010-10-29 00:00:00+05:30,112.11,113.96,109.85,113.5,27593858,0.02452742799621242,0.0037813877885671436
2010-11-01 00:00:00+05:30,114.36,115.02,113.27,113.93,12801538,0.0037813877885671436,0.009000017060744953
2010-11-02 00:00:00+05:30,114.16,115.35,113.37,114.96,6944284,0.009000017060744953,0.01227645745775443
2010-11-03 00:00:00+05:30,115.35,117.41,115.35,116.38,14416678,0.01227645745775443,0.008215004269190019
2010-11-04 00:00:00+05:30,117.58,117.67,116.05,117.34,8817177,0.008215004269190019,0.0008518613684916191
2010-11-05 00:00:00+05:30,118.01,118.34,116.81,117.44,1677111,0.0008518613684916191,-0.008465568535855459
2010-11-08 00:00:00+05:30,118.93,118.93,115.75,116.45,6954379,-0.008465568535855459,0.012120325908128128
2010-11-09 00:00:00+05:30,116.68,118.3,115.42,117.87,6835541,0.012120325908128128,-0.004506618740764299
2010-11-10 00:00:00+05:30,117.67,118.27,116.95,117.34,5454310,-0.004506618740764299,-0.00933265903024817
2010-11-11 00:00:00+05:30,117.67,118.01,115.79,116.25,3753706,-0.00933265903024817,-0.00863936259070774
2010-11-12 00:00:00+05:30,116.61,117.34,114.29,115.25,6218641,-0.00863936259070774,0.007520457279671357
2010-11-15 00:00:00+05:30,114.96,116.35,113.53,116.12,3976955,0.007520457279671357,-0.03016094698035467
2010-11-16 00:00:00+05:30,116.65,116.98,111.74,112.67,8604535,-0.03016094698035467,0.011735256218420932
2010-11-18 00:00:00+05:30,116.51,116.51,111.71,114.0,12344354,0.011735256218420932,-0.005894531649638401
2010-11-19 00:00:00+05:30,114.19,114.69,112.44,113.33,8833918,-0.005894531649638401,0.028531116787384347
2010-11-22 00:00:00+05:30,113.53,116.95,112.97,116.61,12248555,0.028531116787384347,-0.019483666078130454
2010-11-23 00:00:00+05:30,116.18,116.68,112.4,114.36,12785785,-0.019483666078130454,0.006971098289864101
2010-11-24 00:00:00+05:30,115.32,115.52,113.83,115.16,9198869,0.006971098289864101,-0.023369244099500263
2010-11-25 00:00:00+05:30,114.43,114.99,111.44,112.5,13467683,-0.023369244099500263,-0.012162553792699668
2010-11-26 00:00:00+05:30,112.87,113.23,110.08,111.14,14758540,-0.012162553792699668,0.0056525205457449434
2010-11-29 00:00:00+05:30,111.38,112.54,108.72,111.77,19104867,0.0056525205457449434,0.01940432123218748
2010-11-30 00:00:00+05:30,111.08,114.69,110.05,113.96,19834202,0.01940432123218748,-0.0028999536997897602
2010-12-01 00:00:00+05:30,114.36,114.36,112.6,113.63,7089576,-0.0028999536997897602,-0.0029083878959570812
2010-12-02 00:00:00+05:30,114.13,114.63,112.54,113.3,12725156,-0.0029083878959570812,0.002292163570809891
2010-12-03 00:00:00+05:30,111.05,114.03,109.39,113.56,14187454,0.002292163570809891,-0.013207655540833852
2010-12-06 00:00:00+05:30,113.37,113.37,111.71,112.07,5996703,-0.013207655540833852,-0.005009403086666084
2010-12-07 00:00:00+05:30,111.77,112.5,110.25,111.51,9980692,-0.005009403086666084,-0.008646365673815251
2010-12-08 00:00:00+05:30,111.38,112.7,110.22,110.55,9758081,-0.008646365673815251,0.003251154313195009
2010-12-09 00:00:00+05:30,111.01,111.71,109.92,110.91,11088262,0.003251154313195009,0.0177834095389662
2010-12-10 00:00:00+05:30,111.31,113.3,110.71,112.9,6272626,0.0177834095389662,-0.018685448207382323
2010-12-13 00:00:00+05:30,113.2,113.37,109.72,110.81,8995093,-0.018685448207382323,0.007462385719887269
2010-12-14 00:00:00+05:30,111.38,112.44,110.78,111.64,7174679,0.007462385719887269,-0.00836523879674606
2010-12-15 00:00:00+05:30,110.51,111.91,110.38,110.71,7955709,-0.00836523879674606,0.006302920199849806
2010-12-16 00:00:00+05:30,111.67,111.67,108.82,111.41,7140348,0.006302920199849806,-0.006573935152499861
2010-12-20 00:00:00+05:30,111.54,111.54,109.79,110.68,5856049,-0.006573935152499861,0.0011738680295087965
2010-12-21 00:00:00+05:30,110.71,111.05,109.92,110.81,5143227,0.0011738680295087965,0.00153298194952121
2010-12-22 00:00:00+05:30,111.84,111.84,110.18,110.98,5153196,0.00153298194952121,-0.002977938400696495
2010-12-23 00:00:00+05:30,111.64,111.64,110.15,110.65,4378056,-0.002977938400696495,0.017824825912673654
2010-12-24 00:00:00+05:30,109.85,112.97,109.85,112.64,7443789,0.017824825912673654,-0.0008881784045993175
2010-12-27 00:00:00+05:30,112.54,113.53,112.07,112.54,6925181,-0.0008881784045993175,0.008494122916324282
2010-12-28 00:00:00+05:30,112.54,113.9,112.54,113.5,4314732,0.008494122916324282,0.01738110920553866
2010-12-29 00:00:00+05:30,113.5,115.75,113.46,115.49,10211064,0.01738110920553866,0.0019895339809383856
2010-12-30 00:00:00+05:30,114.89,116.91,114.46,115.72,29495794,0.0019895339809383856,0.000604725516247497
2010-12-31 00:00:00+05:30,115.25,116.65,115.12,115.79,10410693,0.000604725516247497,0.0007769672769679796
2011-01-03 00:00:00+05:30,116.65,116.65,115.29,115.88,3492148,0.0007769672769679796,0.015328923574688036
2011-01-04 00:00:00+05:30,116.02,118.07,116.02,117.67,14939902,0.015328923574688036,0.012918658155411794
2011-01-05 00:00:00+05:30,117.61,119.46,116.55,119.2,12790327,0.012918658155411794,-0.005046268067624384
2011-01-06 00:00:00+05:30,119.56,120.0,116.58,118.6,8906743,-0.005046268067624384,-0.036405119109513995
2011-01-07 00:00:00+05:30,118.04,119.33,113.1,114.36,10804287,-0.036405119109513995,-0.011078984332036343
2011-01-10 00:00:00+05:30,114.16,114.29,111.74,113.1,12404516,-0.011078984332036343,-0.002922036877878452
2011-01-11 00:00:00+05:30,112.84,115.35,111.41,112.77,11894479,-0.002922036877878452,0.0212325926942187
2011-01-12 00:00:00+05:30,114.13,115.62,111.77,115.19,7674345,0.0212325926942187,-0.0034785668610095937
2011-01-13 00:00:00+05:30,114.72,115.82,113.63,114.79,11313877,-0.0034785668610095937,-0.015097276130251734
2011-01-14 00:00:00+05:30,114.43,117.44,112.11,113.07,8989180,-0.015097276130251734,0.008191352447341808
2011-01-17 00:00:00+05:30,112.77,115.95,111.14,114.0,14174916,0.008191352447341808,0.02409337446089601
2011-01-18 00:00:00+05:30,114.29,117.18,114.09,116.78,9611389,0.02409337446089601,-0.00394680907018234
2011-01-19 00:00:00+05:30,117.01,118.21,115.09,116.32,14095551,-0.00394680907018234,-0.021902492092978607
2011-01-20 00:00:00+05:30,115.59,116.61,113.13,113.8,11015124,-0.021902492092978607,-0.016211543420124888
2011-01-21 00:00:00+05:30,113.5,114.39,111.64,111.97,13523112,-0.016211543420124888,0.001249553893396725
2011-01-24 00:00:00+05:30,112.67,113.0,111.38,112.11,7685970,0.001249553893396725,-0.006532754003979742
2011-01-25 00:00:00+05:30,112.17,112.93,111.05,111.38,7825707,-0.006532754003979742,-0.0012577487957584974
2011-01-27 00:00:00+05:30,111.94,112.54,110.71,111.24,11716428,-0.0012577487957584974,0.002155173247983412
2011-01-28 00:00:00+05:30,111.94,112.87,109.79,111.48,16010313,0.002155173247983412,-0.03356754413885071
2011-01-31 00:00:00+05:30,110.78,111.31,106.7,107.8,17010870,-0.03356754413885071,-0.018632625558826398
2011-02-01 00:00:00+05:30,108.49,108.59,103.55,105.81,21246034,-0.018632625558826398,-0.0037875246489725255
2011-02-02 00:00:00+05:30,106.57,107.2,104.75,105.41,9636379,-0.0037875246489725255,0.0028419875134738904
2011-02-03 00:00:00+05:30,105.01,106.87,104.48,105.71,7086588,0.0028419875134738904,-0.041330590392667226
2011-02-04 00:00:00+05:30,105.81,106.57,100.57,101.43,14628745,-0.041330590392667226,0.026463262319076718
2011-02-07 00:00:00+05:30,103.29,105.24,101.63,104.15,14666706,0.026463262319076718,-0.006357178026899404
2011-02-08 00:00:00+05:30,104.42,104.91,103.42,103.49,9348850,-0.006357178026899404,-0.01420810199286786
2011-02-09 00:00:00+05:30,103.42,103.75,101.27,102.03,12675520,-0.01420810199286786,0.01449794306537651
2011-02-10 00:00:00+05:30,102.23,105.38,102.23,103.52,10723368,0.01449794306537651,-0.006784944125231846
2011-02-11 00:00:00+05:30,103.98,104.15,102.1,102.82,8654361,-0.006784944125231846,0.015441341355047688
2011-02-14 00:00:00+05:30,102.56,105.94,102.56,104.42,10010313,0.015441341355047688,-0.0025890602754253126
2011-02-15 00:00:00+05:30,105.18,105.21,102.49,104.15,6530483,-0.0025890602754253126,-0.0012489793620546776
2011-02-16 00:00:00+05:30,103.55,105.31,103.55,104.02,5483191,-0.0012489793620546776,0.009853238946083028
2011-02-17 00:00:00+05:30,104.42,105.34,102.66,105.05,10348430,0.009853238946083028,-0.01718634783950627
2011-02-18 00:00:00+05:30,104.98,106.17,102.76,103.26,7141976,-0.01718634783950627,0.015566760003941273
2011-02-21 00:00:00+05:30,103.26,105.31,102.49,104.88,3903806,0.015566760003941273,-0.0094841923730041
2011-02-22 00:00:00+05:30,104.68,104.68,103.09,103.89,6840200,-0.0094841923730041,-0.007051466069296278
2011-02-23 00:00:00+05:30,104.08,104.42,102.82,103.16,5243746,-0.007051466069296278,-0.032411840758100656
2011-02-24 00:00:00+05:30,102.33,103.55,98.78,99.87,26720952,-0.032411840758100656,0.03686102113159906
2011-02-25 00:00:00+05:30,101.23,104.02,100.44,103.62,13676328,0.03686102113159906,0.0781255890052655
2011-02-28 00:00:00+05:30,103.45,112.7,102.36,112.04,45492382,0.0781255890052655,0.026858480588491978
2011-03-01 00:00:00+05:30,113.23,115.35,113.1,115.09,21954956,0.026858480588491978,-0.0002606995452523309
2011-03-03 00:00:00+05:30,114.03,116.68,113.5,115.06,19977378,-0.0002606995452523309,-0.006714653525640758
2011-03-04 00:00:00+05:30,115.72,115.88,114.03,114.29,12422309,-0.006714653525640758,0.0014863390714496096
2011-03-07 00:00:00+05:30,113.53,115.22,111.41,114.46,10097016,0.0014863390714496096,-0.004026968586460701
2011-03-08 00:00:00+05:30,115.16,115.29,113.46,114.0,8569792,-0.004026968586460701,-0.0012288248715596189
2011-03-09 00:00:00+05:30,114.29,114.79,113.1,113.86,6324118,-0.0012288248715596189,-0.0026382919181653797
2011-03-10 00:00:00+05:30,113.66,114.0,112.24,113.56,6640235,-0.0026382919181653797,0.00035217468228046766
2011-03-11 00:00:00+05:30,113.2,114.69,112.4,113.6,5975239,0.00035217468228046766,0.012161661773522353
2011-03-14 00:00:00+05:30,113.86,115.29,113.03,114.99,6749354,0.012161661773522353,-0.019494821816377107
2011-03-15 00:00:00+05:30,113.4,114.56,111.18,112.77,10407522,-0.019494821816377107,0.006452490677261082
2011-03-16 00:00:00+05:30,113.13,114.26,113.13,113.5,4943270,0.006452490677261082,-0.018585746850232232
2011-03-17 00:00:00+05:30,112.37,113.3,110.91,111.41,11713551,-0.018585746850232232,-0.0006285073158634231
2011-03-18 00:00:00+05:30,112.44,112.6,109.79,111.34,9716794,-0.0006285073158634231,-0.000269481250227223
2011-03-21 00:00:00+05:30,111.81,112.64,111.05,111.31,6147095,-0.000269481250227223,0.012765181148294445
2011-03-22 00:00:00+05:30,111.77,113.3,111.05,112.74,6148000,0.012765181148294445,0.011114165741066655
2011-03-23 00:00:00+05:30,112.7,114.33,112.14,114.0,8540398,0.011114165741066655,0.006034387981935597
2011-03-24 00:00:00+05:30,114.69,115.09,113.96,114.69,8132838,0.006034387981935597,0.0253962773093632
2011-03-25 00:00:00+05:30,116.02,118.01,115.02,117.64,17560423,0.0253962773093632,0.007030650280873374
2011-03-28 00:00:00+05:30,117.01,119.07,116.91,118.47,13138041,0.007030650280873374,0.0030341363352673033
2011-03-29 00:00:00+05:30,119.0,119.33,118.11,118.83,12568871,0.0030341363352673033,-0.009215096701819699
2011-03-30 00:00:00+05:30,119.27,120.23,117.18,117.74,15962104,-0.009215096701819699,0.024995010859478226
2011-03-31 00:00:00+05:30,118.17,121.98,118.17,120.72,33015605,0.024995010859478226,0.00223408309379308
2011-04-01 00:00:00+05:30,120.69,122.61,120.26,120.99,16598198,0.00223408309379308,0.012811212420735114
2011-04-04 00:00:00+05:30,121.62,122.65,121.19,122.55,9673709,0.012811212420735114,-0.0035149421074443855
2011-04-05 00:00:00+05:30,122.48,123.11,121.49,122.12,8179953,-0.0035149421074443855,-0.006819795545887919
2011-04-06 00:00:00+05:30,121.55,122.41,119.86,121.29,5442639,-0.006819795545887919,-0.0022285511266138605
2011-04-07 00:00:00+05:30,121.32,121.65,120.23,121.02,5617630,-0.0022285511266138605,0.006588724214163112
2011-04-08 00:00:00+05:30,121.25,122.98,120.56,121.82,10351986,0.006588724214163112,0.00679022529615995
2011-04-11 00:00:00+05:30,122.05,124.64,121.75,122.65,12362896,0.00679022529615995,0.02718520314490196
2011-04-13 00:00:00+05:30,122.65,126.82,121.82,126.03,15717847,0.02718520314490196,0.007352102368753235
2011-04-15 00:00:00+05:30,126.03,127.72,125.07,126.96,16654430,0.007352102368753235,-0.006876138533018486
2011-04-18 00:00:00+05:30,127.06,129.11,124.3,126.09,13130852,-0.006876138533018486,-0.01429793916846962
2011-04-19 00:00:00+05:30,125.3,126.62,123.91,124.3,11979934,-0.01429793916846962,0.01643697741721913
2011-04-20 00:00:00+05:30,125.13,126.82,124.3,126.36,8518938,0.01643697741721913,-0.002376991848920336
2011-04-21 00:00:00+05:30,127.92,127.92,125.63,126.06,14231034,-0.002376991848920336,0.000555137014137615
2011-04-25 00:00:00+05:30,125.96,127.75,125.8,126.13,4285124,0.000555137014137615,0.007346294739285402
2011-04-26 00:00:00+05:30,126.33,127.55,122.71,127.06,11703091,0.007346294739285402,0.01033520004524493
2011-04-27 00:00:00+05:30,127.29,128.61,126.79,128.38,8282074,0.01033520004524493,-0.009312584420238966
2011-04-28 00:00:00+05:30,128.81,129.14,126.66,127.19,12067501,-0.009312584420238966,0.002591183578511827
2011-04-29 00:00:00+05:30,126.19,129.14,126.19,127.52,15507832,0.002591183578511827,-0.006293286975789179
2011-05-02 00:00:00+05:30,127.95,128.61,126.29,126.72,7766552,-0.006293286975789179,-0.02274729950000714
2011-05-03 00:00:00+05:30,126.29,126.62,123.08,123.87,7726256,-0.02274729950000714,-0.00024221872469157752
2011-05-04 00:00:00+05:30,124.5,124.83,121.65,123.84,8221959,-0.00024221872469157752,-0.023282512288030615
2011-05-05 00:00:00+05:30,123.97,124.24,120.43,120.99,9082270,-0.023282512288030615,0.0060154274753839885
2011-05-06 00:00:00+05:30,121.32,121.98,117.71,121.72,10526375,0.0060154274753839885,0.0045901719938634174
2011-05-09 00:00:00+05:30,121.95,123.84,120.72,122.28,8402161,0.0045901719938634174,0.006196008734700083
2011-05-10 00:00:00+05:30,122.65,124.97,122.22,123.04,6144176,0.006196008734700083,0.0040554845104191824
2011-05-11 00:00:00+05:30,123.04,123.81,122.25,123.54,3168727,0.0040554845104191824,-0.013774210196537934
2011-05-12 00:00:00+05:30,122.88,124.47,121.59,121.85,4183926,-0.013774210196537934,0.0279200818308073
2011-05-13 00:00:00+05:30,121.82,127.22,120.96,125.3,10602308,0.0279200818308073,-0.015441838120530082
2011-05-16 00:00:00+05:30,125.96,126.43,123.01,123.38,11545815,-0.015441838120530082,0.009357925662813455
2011-05-17 00:00:00+05:30,123.64,125.96,123.11,124.54,8734566,0.009357925662813455,0.005844458411794579
2011-05-18 00:00:00+05:30,124.5,126.36,124.5,125.27,6777146,0.005844458411794579,0.00047885076733028033
2011-05-19 00:00:00+05:30,126.03,127.16,124.74,125.33,11829963,0.00047885076733028033,-0.013333530869465144
2011-05-20 00:00:00+05:30,126.26,126.96,121.82,123.67,39314368,-0.013333530869465144,0.01937920993116928
2011-05-23 00:00:00+05:30,123.94,126.43,123.44,126.09,13714644,0.01937920993116928,-0.01719836015117368
2011-05-24 00:00:00+05:30,126.39,126.56,123.44,123.94,8931997,-0.01719836015117368,0.011471787593972303
2011-05-25 00:00:00+05:30,123.74,125.8,122.88,125.37,9660643,0.011471787593972303,-0.011229764277878312
2011-05-26 00:00:00+05:30,125.3,125.3,123.31,123.97,14833423,-0.011229764277878312,0.010431807006045134
2011-05-27 00:00:00+05:30,124.3,125.83,124.2,125.27,9139571,0.010431807006045134,-0.007210414190450826
2011-05-30 00:00:00+05:30,125.27,125.7,123.54,124.37,8924725,-0.007210414190450826,0.0301745324104312
2011-05-31 00:00:00+05:30,124.64,128.51,124.64,128.18,13667525,0.0301745324104312,0.0025711962429688304
2011-06-01 00:00:00+05:30,129.28,129.28,127.62,128.51,8373315,0.0025711962429688304,0.007519706738993831
2011-06-02 00:00:00+05:30,127.78,131.2,127.55,129.48,10597250,0.007519706738993831,-0.009544945007164659
2011-06-03 00:00:00+05:30,129.48,130.57,127.95,128.25,5775232,-0.009544945007164659,-0.0033584598287432835
2011-06-06 00:00:00+05:30,128.28,128.95,126.79,127.82,4392759,-0.0033584598287432835,0.0039041198960685815
2011-06-07 00:00:00+05:30,127.29,128.88,126.96,128.32,3175193,0.0039041198960685815,0.007143996838093236
2011-06-08 00:00:00+05:30,128.28,130.17,127.95,129.24,9075581,0.007143996838093236,0.0003094538164877868
2011-06-09 00:00:00+05:30,128.95,129.77,128.12,129.28,5879488,0.0003094538164877868,-0.017321178934398034
2011-06-10 00:00:00+05:30,126.96,128.15,126.29,127.06,13274850,-0.017321178934398034,-0.003942911819043411
2011-06-13 00:00:00+05:30,126.82,127.52,125.93,126.56,6105910,-0.003942911819043411,0.01529021829970607
2011-06-14 00:00:00+05:30,126.56,128.88,126.56,128.51,6174578,0.01529021829970607,0.0015550893422367972
2011-06-15 00:00:00+05:30,128.58,129.38,127.98,128.71,8116875,0.0015550893422367972,-0.0007772423832909013
2011-06-16 00:00:00+05:30,128.95,129.48,127.95,128.61,6687014,-0.0007772423832909013,-0.011653047049534938
2011-06-17 00:00:00+05:30,128.68,129.81,126.82,127.12,7377152,-0.011653047049534938,-0.028000074328728863
2011-06-20 00:00:00+05:30,127.88,127.88,122.18,123.61,12226582,-0.028000074328728863,-0.008612337925610229
2011-06-21 00:00:00+05:30,124.3,125.23,122.15,122.55,6806689,-0.008612337925610229,0.0018750260252287832
2011-06-22 00:00:00+05:30,122.91,123.81,120.66,122.78,8911048,0.0018750260252287832,0.03316283071564459
2011-06-23 00:00:00+05:30,123.04,127.12,122.22,126.92,11571769,0.03316283071564459,0.018887629303451905
2011-06-24 00:00:00+05:30,127.12,130.27,127.12,129.34,16682745,0.018887629303451905,-0.007683688701297392
2011-06-27 00:00:00+05:30,128.02,129.81,127.62,128.35,9396397,-0.007683688701297392,0.0012458150019004066
2011-06-28 00:00:00+05:30,128.75,128.91,126.29,128.51,6678455,0.0012458150019004066,0.028989760155238933
2011-06-29 00:00:00+05:30,128.78,132.56,128.78,132.29,11511760,0.028989760155238933,0.01693939469862616
2011-06-30 00:00:00+05:30,132.36,135.24,132.29,134.55,17453571,0.01693939469862616,-0.006935926675583636
2011-07-01 00:00:00+05:30,136.9,136.9,132.66,133.62,10842728,-0.006935926675583636,-0.014017864627946503
2011-07-04 00:00:00+05:30,134.65,135.31,131.43,131.76,8891388,-0.014017864627946503,-0.015680896516803086
2011-07-05 00:00:00+05:30,132.49,132.49,129.44,129.71,12500122,-0.015680896516803086,0.005305460139970931
2011-07-06 00:00:00+05:30,129.61,131.03,128.81,130.4,9036715,0.005305460139970931,0.03355640009318639
2011-07-07 00:00:00+05:30,130.67,135.21,130.67,134.85,12000178,0.03355640009318639,-0.014114718478600768
2011-07-08 00:00:00+05:30,135.08,135.97,132.36,132.96,9733642,-0.014114718478600768,0.010102229813845717
2011-07-11 00:00:00+05:30,133.15,135.11,132.92,134.31,6956267,0.010102229813845717,-0.004626873925952768
2011-07-12 00:00:00+05:30,133.59,135.91,132.76,133.69,8189587,-0.004626873925952768,0.011527290844654104
2011-07-13 00:00:00+05:30,133.85,135.91,133.85,135.24,9810823,0.011527290844654104,-0.004892160079513231
2011-07-14 00:00:00+05:30,135.21,135.91,132.82,134.58,12731197,-0.004892160079513231,-0.006186431984056061
2011-07-15 00:00:00+05:30,134.28,134.98,133.29,133.75,4223510,-0.006186431984056061,-0.0004486987810848236
2011-07-18 00:00:00+05:30,134.25,134.51,133.02,133.69,2938747,-0.0004486987810848236,0.012044755280521725
2011-07-19 00:00:00+05:30,134.25,135.87,133.65,135.31,6131959,0.012044755280521725,0.008023303133808949
2011-07-20 00:00:00+05:30,135.24,137.46,134.91,136.4,12614819,0.008023303133808949,0.006576567364563635
2011-07-21 00:00:00+05:30,135.57,137.76,135.57,137.3,7399082,0.006576567364563635,0.0014556043327005853
2011-07-22 00:00:00+05:30,138.23,138.69,136.97,137.5,13739471,0.0014556043327005853,-0.009719811970142168
2011-07-25 00:00:00+05:30,137.23,137.43,134.68,136.17,13968248,-0.009719811970142168,-0.022127424923544657
2011-07-26 00:00:00+05:30,135.91,137.0,132.36,133.19,9482761,-0.022127424923544657,0.0
2011-07-27 00:00:00+05:30,134.08,134.22,131.63,133.19,7730427,0.0,0.02623149810805101
2011-07-28 00:00:00+05:30,131.5,137.23,131.5,136.73,24405878,0.02623149810805101,0.010187092390878226
2011-07-29 00:00:00+05:30,136.24,140.05,136.07,138.13,19932816,0.010187092390878226,0.002602850142757925
2011-08-01 00:00:00+05:30,139.22,140.05,137.96,138.49,10656135,0.002602850142757925,-0.02005682957901405
2011-08-02 00:00:00+05:30,137.7,138.13,134.48,135.74,11468194,-0.02005682957901405,0.010188089736150395
2011-08-03 00:00:00+05:30,134.81,138.03,134.35,137.13,9986899,0.010188089736150395,-0.03389400789345512
2011-08-04 00:00:00+05:30,135.84,137.07,132.06,132.56,15752990,-0.03389400789345512,-0.01796364334383875
2011-08-05 00:00:00+05:30,129.28,131.27,126.29,130.2,20137093,-0.01796364334383875,-0.007091135001683536
2011-08-08 00:00:00+05:30,128.55,131.13,125.73,129.28,13503756,-0.007091135001683536,0.024073609166087754
2011-08-09 00:00:00+05:30,126.13,133.98,126.03,132.43,28803950,0.024073609166087754,-0.0133791429378184
2011-08-10 00:00:00+05:30,133.92,134.48,129.94,130.67,13912487,-0.0133791429378184,0.008307024868330126
2011-08-11 00:00:00+05:30,129.94,132.59,129.64,131.76,9546824,0.008307024868330126,-0.0037258150540686705
2011-08-12 00:00:00+05:30,132.39,133.22,129.61,131.27,12319553,-0.0037258150540686705,0.01249117267107726
2011-08-16 00:00:00+05:30,133.42,133.88,131.27,132.92,9747373,0.01249117267107726,0.018559769508339333
2011-08-17 00:00:00+05:30,132.59,135.91,132.26,135.41,14542525,0.018559769508339333,-0.0019959348707042014
2011-08-18 00:00:00+05:30,135.57,136.57,134.41,135.14,10754957,-0.0019959348707042014,-0.02305491335760315
2011-08-19 00:00:00+05:30,133.92,135.74,131.36,132.06,19466630,-0.02305491335760315,0.01398624197473987
2011-08-22 00:00:00+05:30,131.46,134.45,130.3,133.92,9153953,0.01398624197473987,0.005881712969311611
2011-08-23 00:00:00+05:30,133.92,135.38,131.93,134.71,17823940,0.005881712969311611,-0.006180443367350786
2011-08-24 00:00:00+05:30,134.48,135.44,132.13,133.88,7468058,-0.006180443367350786,0.0020147005285073415
2011-08-25 00:00:00+05:30,134.02,135.11,133.25,134.15,12911401,0.0020147005285073415,-0.027585350108885107
2011-08-26 00:00:00+05:30,134.51,134.71,129.11,130.5,9318448,-0.027585350108885107,0.02557064958037766
2011-08-29 00:00:00+05:30,131.27,134.58,129.28,133.88,11869495,0.02557064958037766,-0.009682216216498361
2011-08-30 00:00:00+05:30,135.24,135.24,131.93,132.59,10490334,-0.009682216216498361,0.01615954966247905
2011-09-02 00:00:00+05:30,136.57,136.9,130.37,134.75,19310645,0.01615954966247905,-0.0025263797060496767
2011-09-05 00:00:00+05:30,134.58,135.14,132.72,134.41,12201832,-0.0025263797060496767,0.0002975526318166508
2011-09-06 00:00:00+05:30,133.92,134.81,132.79,134.45,12158402,0.0002975526318166508,-0.013704486774152033
2011-09-07 00:00:00+05:30,134.58,134.94,132.26,132.62,10780271,-0.013704486774152033,-0.004458726449611894
2011-09-08 00:00:00+05:30,132.82,133.62,131.33,132.03,7045793,-0.004458726449611894,-0.007602864874615834
2011-09-09 00:00:00+05:30,132.39,133.09,130.27,131.03,12080450,-0.007602864874615834,-0.0073535375408445925
2011-09-12 00:00:00+05:30,130.07,131.43,129.08,130.07,7628427,-0.0073535375408445925,0.0043726815865601
2011-09-13 00:00:00+05:30,130.37,132.23,129.74,130.64,7841360,0.0043726815865601,0.01209738190652177
2011-09-14 00:00:00+05:30,130.87,132.59,128.68,132.23,7905128,0.01209738190652177,-0.0003025489774231765
2011-09-15 00:00:00+05:30,133.82,133.82,129.97,132.19,7803876,-0.0003025489774231765,-0.007288772683113059
2011-09-16 00:00:00+05:30,132.59,133.15,130.83,131.23,13465946,-0.007288772683113059,-0.013193410672699411
2011-09-19 00:00:00+05:30,131.27,131.4,129.18,129.51,7429490,-0.013193410672699411,0.016008920655721025
2011-09-20 00:00:00+05:30,129.81,132.06,129.41,131.6,8199103,0.016008920655721025,-0.004569695690065186
2011-09-21 00:00:00+05:30,131.9,132.36,130.3,131.0,4388808,-0.004569695690065186,-0.034243805552414616
2011-09-22 00:00:00+05:30,130.17,130.47,125.99,126.59,11351928,-0.034243805552414616,0.003705898189650176
2011-09-23 00:00:00+05:30,126.03,128.88,125.33,127.06,12520883,0.003705898189650176,-0.01658570734069497
2011-09-26 00:00:00+05:30,127.88,127.88,122.65,124.97,9712783,-0.01658570734069497,0.025907775553186678
2011-09-27 00:00:00+05:30,125.96,128.58,125.8,128.25,9450343,0.025907775553186678,0.018693576950175792
2011-09-28 00:00:00+05:30,128.55,130.93,127.78,130.67,19577012,0.018693576950175792,0.025761575732718426
2011-09-29 00:00:00+05:30,129.77,134.55,129.77,134.08,18187033,0.025761575732718426,-0.021180365918456852
2011-09-30 00:00:00+05:30,133.92,133.92,130.7,131.27,10307655,-0.021180365918456852,-0.01860733371694205
2011-10-03 00:00:00+05:30,129.48,130.67,128.18,128.85,7690331,-0.01860733371694205,-0.013989521259986763
2011-10-04 00:00:00+05:30,128.45,129.41,125.03,127.06,18375344,-0.013989521259986763,0.012669286532438479
2011-10-05 00:00:00+05:30,127.35,130.87,127.35,128.68,19017707,0.012669286532438479,0.025700467120284134
2011-10-07 00:00:00+05:30,131.1,132.76,128.61,132.03,34229091,0.025700467120284134,0.0047602946063001195
2011-10-10 00:00:00+05:30,131.27,133.52,130.97,132.66,10437668,0.0047602946063001195,-0.0027929816231212438
2011-10-11 00:00:00+05:30,133.59,134.18,132.03,132.29,7557825,-0.0027929816231212438,0.02205449536539657
2011-10-12 00:00:00+05:30,132.59,135.57,132.33,135.24,9684661,0.02205449536539657,-0.010331207873323894
2011-10-13 00:00:00+05:30,134.25,136.17,133.29,133.85,6107267,-0.010331207873323894,0.016229190172633093
2011-10-14 00:00:00+05:30,133.49,136.5,133.49,136.04,8589789,0.016229190172633093,0.002642785270367088
2011-10-17 00:00:00+05:30,135.67,136.7,134.91,136.4,6858109,0.002642785270367088,-0.007284532414629099
2011-10-18 00:00:00+05:30,135.48,136.44,134.65,135.41,4256931,-0.007284532414629099,0.013861099779192797
2011-10-19 00:00:00+05:30,136.04,137.73,135.11,137.3,6894650,0.013861099779192797,-0.009954700855433292
2011-10-20 00:00:00+05:30,136.4,136.9,135.34,135.94,7769418,-0.009954700855433292,-0.005162634078806831
2011-10-21 00:00:00+05:30,136.4,137.0,134.81,135.24,8608974,-0.005162634078806831,0.014388737452099452
2011-10-24 00:00:00+05:30,135.24,137.89,135.24,137.2,13882913,0.014388737452099452,0.019631115418561825
2011-10-25 00:00:00+05:30,137.83,141.21,136.57,139.92,17234307,0.019631115418561825,0.020864295166720257
2011-10-28 00:00:00+05:30,142.34,143.33,141.14,142.87,18258614,0.020864295166720257,-0.010979067282411901
2011-10-31 00:00:00+05:30,142.77,142.87,140.41,141.31,9942437,-0.010979067282411901,-0.023050412097394998
2011-11-01 00:00:00+05:30,140.22,140.88,137.7,138.09,15949207,-0.023050412097394998,0.005056352870488691
2011-11-02 00:00:00+05:30,137.89,139.82,137.56,138.79,7596578,0.005056352870488691,0.004026754560208796
2011-11-03 00:00:00+05:30,138.13,139.75,137.89,139.35,6427754,0.004026754560208796,0.0007173601455406005
2011-11-04 00:00:00+05:30,140.05,140.38,139.09,139.45,7133330,0.0007173601455406005,0.002148997961710742
2011-11-08 00:00:00+05:30,139.29,140.61,138.23,139.75,7159692,0.002148997961710742,0.005708185317332515
2011-11-09 00:00:00+05:30,139.65,142.2,139.22,140.55,11096242,0.005708185317332515,0.0030547389931884963
2011-11-11 00:00:00+05:30,140.28,142.54,139.45,140.98,10669331,0.0030547389931884963,-0.005405418566907935
2011-11-14 00:00:00+05:30,141.44,142.73,139.65,140.22,7471395,-0.005405418566907935,-0.004073325387635786
2011-11-15 00:00:00+05:30,139.75,141.64,139.06,139.65,7766982,-0.004073325387635786,0.009194975507690604
2011-11-16 00:00:00+05:30,139.22,141.81,138.06,140.94,8522056,0.009194975507690604,-0.02303902096963615
2011-11-17 00:00:00+05:30,140.71,140.71,136.64,137.73,8240721,-0.02303902096963615,-0.029098587238978277
2011-11-18 00:00:00+05:30,136.73,137.5,132.66,133.78,12056014,-0.029098587238978277,-0.011653829121530531
2011-11-21 00:00:00+05:30,133.02,134.05,131.33,132.23,14459401,-0.011653829121530531,-0.01647006349308204
2011-11-22 00:00:00+05:30,134.15,134.35,129.41,130.07,13810065,-0.01647006349308204,-0.014871314265569145
2011-11-23 00:00:00+05:30,130.07,130.07,125.5,128.15,13426733,-0.014871314265569145,-0.005163522660049269
2011-11-24 00:00:00+05:30,128.25,129.87,125.73,127.49,16383239,-0.005163522660049269,-0.00031379932790632473
2011-11-25 00:00:00+05:30,127.16,128.22,126.89,127.45,7965548,-0.00031379932790632473,0.021654771432105705
2011-11-28 00:00:00+05:30,129.24,131.76,128.05,130.24,6876512,0.021654771432105705,0.007343974255758285
2011-11-29 00:00:00+05:30,130.93,131.53,129.61,131.2,9539290,0.007343974255758285,0.014077277803752994
2011-11-30 00:00:00+05:30,130.64,133.59,130.17,133.06,15342091,0.014077277803752994,0.014548695455413168
2011-12-01 00:00:00+05:30,135.24,136.5,134.71,135.01,9852689,0.014548695455413168,0.013901882525248592
2011-12-02 00:00:00+05:30,134.94,137.23,134.25,136.9,7343948,0.013901882525248592,-0.011460601490323777
2011-12-05 00:00:00+05:30,136.57,137.63,134.35,135.34,5824794,-0.011460601490323777,0.003908415432152771
2011-12-07 00:00:00+05:30,135.91,137.89,134.94,135.87,11327496,0.003908415432152771,-0.02942706734054698
2011-12-08 00:00:00+05:30,135.87,136.7,130.93,131.93,10151306,-0.02942706734054698,-0.009366858265509084
2011-12-09 00:00:00+05:30,130.67,131.66,129.08,130.7,8375076,-0.009366858265509084,-0.005831815177791276
2011-12-12 00:00:00+05:30,131.83,132.16,129.14,129.94,10157292,-0.005831815177791276,0.006825965070399891
2011-12-13 00:00:00+05:30,129.61,131.27,129.31,130.83,7387494,0.006825965070399891,0.012608400357246936
2011-12-14 00:00:00+05:30,130.83,133.59,130.6,132.49,16179486,0.012608400357246936,-0.0012083680950736673
2011-12-15 00:00:00+05:30,131.93,133.59,130.9,132.33,14556226,-0.0012083680950736673,-0.019226959880055
2011-12-16 00:00:00+05:30,131.96,134.81,128.61,129.81,10052444,-0.019226959880055,0.008590986334758808
2011-12-19 00:00:00+05:30,129.08,131.27,127.49,130.93,10916274,0.008590986334758808,0.009577452351646275
2011-12-20 00:00:00+05:30,131.93,133.09,131.36,132.19,12978865,0.009577452351646275,0.01419635514246477
2011-12-21 00:00:00+05:30,133.45,134.55,132.29,134.08,10460864,0.01419635514246477,0.007430558783593958
2011-12-22 00:00:00+05:30,133.19,135.24,132.92,135.08,9441763,0.007430558783593958,0.0011837823223183356
2011-12-23 00:00:00+05:30,135.51,135.91,134.08,135.24,8276611,0.0011837823223183356,0.0046475683965468756
2011-12-26 00:00:00+05:30,134.85,136.47,134.45,135.87,5771268,0.0046475683965468756,0.0005150656822598428
2011-12-27 00:00:00+05:30,135.84,136.57,134.12,135.94,6988799,0.0005150656822598428,-0.014747015927874486
2011-12-28 00:00:00+05:30,136.3,136.37,133.59,133.95,4699590,-0.014747015927874486,-0.006666441676876144
2011-12-29 00:00:00+05:30,133.42,134.85,132.59,133.06,9696235,-0.006666441676876144,0.0029267215367915246
2011-12-30 00:00:00+05:30,133.02,134.58,132.76,133.45,3467408,0.0029267215367915246,-0.013200267101297791
2012-01-02 00:00:00+05:30,133.82,133.82,131.2,131.7,2860837,-0.013200267101297791,0.00846821936333231
2012-01-03 00:00:00+05:30,132.49,133.62,132.13,132.82,6065587,0.00846821936333231,-0.00399834563827889
2012-01-04 00:00:00+05:30,133.59,133.72,131.6,132.29,11875077,-0.00399834563827889,0.001284230582544793
2012-01-05 00:00:00+05:30,131.96,132.59,131.0,132.46,11364483,0.001284230582544793,0.011409822023288033
2012-01-06 00:00:00+05:30,131.96,134.65,131.5,133.98,8788207,0.011409822023288033,-0.0004479283389563693
2012-01-09 00:00:00+05:30,133.69,134.12,132.39,133.92,7408238,-0.0004479283389563693,0.015485805703496827
2012-01-10 00:00:00+05:30,134.05,136.4,134.05,136.01,5412393,0.015485805703496827,-0.009084592926591015
2012-01-11 00:00:00+05:30,136.01,136.3,134.25,134.78,8114014,-0.009084592926591015,0.008054726718161369
2012-01-12 00:00:00+05:30,134.58,136.17,134.41,135.87,7392665,0.008054726718161369,0.010251243027336026
2012-01-13 00:00:00+05:30,135.84,137.7,135.44,137.27,11489523,0.010251243027336026,0.009786587226270313
2012-01-16 00:00:00+05:30,137.13,139.02,136.9,138.62,9399271,0.009786587226270313,-0.0033239426514154766
2012-01-17 00:00:00+05:30,138.56,139.35,137.1,138.16,10229865,-0.0033239426514154766,0.006708771780615665
2012-01-18 00:00:00+05:30,137.46,139.68,137.23,139.09,9995638,0.006708771780615665,-0.0028799789507950764
2012-01-19 00:00:00+05:30,139.45,139.88,138.06,138.69,9319325,-0.0028799789507950764,-0.03851435081771073
2012-01-20 00:00:00+05:30,139.19,140.08,132.46,133.45,25821654,-0.03851435081771073,0.016277441406904625
2012-01-23 00:00:00+05:30,133.69,135.91,131.53,135.64,13262822,0.016277441406904625,0.006613294732696456
2012-01-24 00:00:00+05:30,135.97,137.4,135.38,136.54,9339569,0.006613294732696456,0.00043933514655544265
2012-01-25 00:00:00+05:30,136.9,137.23,135.74,136.6,10414266,0.00043933514655544265,-0.02086028744642764
2012-01-27 00:00:00+05:30,137.56,137.56,132.39,133.78,15333307,-0.02086028744642764,-0.004720347430320732
2012-01-30 00:00:00+05:30,133.92,135.01,132.36,133.15,12412480,-0.004720347430320732,0.015352813110725276
2012-01-31 00:00:00+05:30,134.51,135.77,133.45,135.21,11610823,0.015352813110725276,-0.011604682785738583
2012-02-01 00:00:00+05:30,134.81,134.85,132.79,133.65,8711745,-0.011604682785738583,-0.01272559622454732
2012-02-02 00:00:00+05:30,133.95,134.08,131.53,131.96,11002294,-0.01272559622454732,0.008000646495894444
2012-02-03 00:00:00+05:30,131.93,133.42,130.6,133.02,12927424,0.008000646495894444,0.008682689278466958
2012-02-06 00:00:00+05:30,133.92,134.51,132.76,134.18,10593474,0.008682689278466958,0.015456029626987411
2012-02-07 00:00:00+05:30,135.51,136.5,133.98,136.27,12033820,0.015456029626987411,-0.005371412053762675
2012-02-08 00:00:00+05:30,136.54,137.53,133.92,135.54,11353405,-0.005371412053762675,-0.0026595760357587196
2012-02-09 00:00:00+05:30,134.94,135.84,133.92,135.18,7604928,-0.0026595760357587196,-0.0005179622003402869
2012-02-10 00:00:00+05:30,135.14,135.77,133.92,135.11,10264238,-0.0005179622003402869,-0.004896878756994263
2012-02-13 00:00:00+05:30,135.11,135.74,134.02,134.45,7088448,-0.004896878756994263,-0.001265210603039371
2012-02-14 00:00:00+05:30,134.31,135.04,133.92,134.28,6380989,-0.001265210603039371,0.0029744221810396126
2012-02-15 00:00:00+05:30,134.65,135.24,133.98,134.68,15541741,0.0029744221810396126,0.003927531077792884
2012-02-16 00:00:00+05:30,134.91,135.64,133.98,135.21,13784166,0.003927531077792884,0.007295268344745213
2012-02-17 00:00:00+05:30,135.34,136.5,134.65,136.2,16502247,0.007295268344745213,0.009499523391214175
2012-02-21 00:00:00+05:30,136.2,138.36,136.2,137.5,15410627,0.009499523391214175,0.005512053410492839
2012-02-22 00:00:00+05:30,137.23,138.82,136.64,138.26,12916571,0.005512053410492839,0.00021695895944806747
2012-02-23 00:00:00+05:30,138.46,139.29,136.34,138.29,16348170,0.00021695895944806747,0.003825200434870645
2012-02-24 00:00:00+05:30,138.29,139.85,138.09,138.82,9087283,0.003825200434870645,0.013807137108362268
2012-02-27 00:00:00+05:30,139.22,141.14,138.23,140.75,17411638,0.013807137108362268,-0.007631174928507679
2012-02-28 00:00:00+05:30,140.65,141.54,139.25,139.68,13148708,-0.007631174928507679,-0.014567215121074
2012-02-29 00:00:00+05:30,139.88,141.21,137.0,137.66,13287791,-0.014567215121074,-0.003857495958455413
2012-03-01 00:00:00+05:30,137.63,139.15,135.77,137.13,7606248,-0.003857495958455413,-0.007759921808995616
2012-03-02 00:00:00+05:30,137.3,137.6,134.85,136.07,8559814,-0.007759921808995616,0.008488891078774725
2012-03-05 00:00:00+05:30,135.97,137.86,135.04,137.23,12057473,0.008488891078774725,0.016334563822602264
2012-03-06 00:00:00+05:30,137.0,140.35,136.04,139.49,15072998,0.016334563822602264,-0.0021530078648346954
2012-03-07 00:00:00+05:30,139.22,139.88,137.96,139.19,7873155,-0.0021530078648346954,-0.008151532963979613
2012-03-09 00:00:00+05:30,139.98,141.04,137.6,138.06,14828314,-0.008151532963979613,-0.006977786707060834
2012-03-12 00:00:00+05:30,139.49,139.49,136.64,137.1,5739901,-0.006977786707060834,0.01080934751244258
2012-03-13 00:00:00+05:30,137.23,138.89,137.23,138.59,8735071,0.01080934751244258,0.016388530107239577
2012-03-14 00:00:00+05:30,139.22,141.44,139.22,140.88,9815912,0.016388530107239577,-0.017110343333324243
2012-03-15 00:00:00+05:30,140.55,141.28,137.76,138.49,15582761,-0.017110343333324243,0.03414221397949988
2012-03-16 00:00:00+05:30,138.06,149.17,138.06,143.3,65857132,0.03414221397949988,0.01989840421811953
2012-03-19 00:00:00+05:30,143.86,148.3,142.83,146.18,35503969,0.01989840421811953,0.013993842924858696
2012-03-20 00:00:00+05:30,146.15,148.83,145.25,148.24,16086654,0.013993842924858696,0.0010787487561756094
2012-03-21 00:00:00+05:30,148.24,149.1,146.41,148.4,16109481,0.0010787487561756094,-0.018704847327836442
2012-03-22 00:00:00+05:30,148.3,150.29,144.62,145.65,16527254,-0.018704847327836442,0.012418281857405835
2012-03-23 00:00:00+05:30,146.78,149.0,145.68,147.47,11781150,0.012418281857405835,0.0011521128989482043
2012-03-26 00:00:00+05:30,147.84,148.7,146.51,147.64,10333533,0.0011521128989482043,0.01492464677436694
2012-03-27 00:00:00+05:30,148.4,150.66,147.18,149.86,11361045,0.01492464677436694,0.00333089375981258
2012-03-28 00:00:00+05:30,149.83,151.09,148.9,150.36,8839627,0.00333089375981258,-0.009958976807011431
2012-03-29 00:00:00+05:30,148.5,150.72,147.01,148.87,16726340,-0.009958976807011431,0.010357939509291056
2012-03-30 00:00:00+05:30,148.9,151.05,148.8,150.42,13713350,0.010357939509291056,0.0002658867338186772
2012-04-02 00:00:00+05:30,150.76,151.39,149.6,150.46,14596399,0.0002658867338186772,0.0006644077049938987
2012-04-03 00:00:00+05:30,151.25,151.39,150.19,150.56,8818285,0.0006644077049938987,0.0013274925618649979
2012-04-04 00:00:00+05:30,150.16,151.75,149.56,150.76,7152482,0.0013274925618649979,-0.014834886157784345
2012-04-09 00:00:00+05:30,149.56,150.52,148.01,148.54,5189598,-0.014834886157784345,0.02335513188222346
2012-04-10 00:00:00+05:30,148.63,152.48,148.01,152.05,8229388,0.02335513188222346,0.0017085035040390279
2012-04-11 00:00:00+05:30,151.75,152.55,150.09,152.31,9471922,0.0017085035040390279,0.021563477589505827
2012-04-12 00:00:00+05:30,151.58,155.79,151.58,155.63,19552911,0.021563477589505827,0.006341094105873045
2012-04-13 00:00:00+05:30,155.63,159.67,154.34,156.62,14551059,0.006341094105873045,0.02016312027422576
2012-04-16 00:00:00+05:30,156.29,160.44,155.56,159.81,5950161,0.02016312027422576,0.0211133744440794
2012-04-17 00:00:00+05:30,162.82,164.08,158.81,163.22,8157966,0.0211133744440794,-0.018239091035612685
2012-04-18 00:00:00+05:30,163.29,164.45,159.57,160.27,13021103,-0.018239091035612685,0.009439305011761283
2012-04-19 00:00:00+05:30,160.9,162.29,158.28,161.79,9550151,0.009439305011761283,0.004747966372871765
2012-04-20 00:00:00+05:30,161.5,164.02,160.87,162.56,6333212,0.004747966372871765,-0.0018471774231981401
2012-04-23 00:00:00+05:30,162.76,164.21,161.79,162.26,9887360,-0.0018471774231981401,0.0012318306558889583
2012-04-24 00:00:00+05:30,162.52,162.92,157.68,162.46,9389386,0.0012318306558889583,0.0036250846125203792
2012-04-25 00:00:00+05:30,162.69,163.62,160.8,163.05,6292619,0.0036250846125203792,0.012555016208413105
2012-04-26 00:00:00+05:30,163.35,165.67,162.09,165.11,10554489,0.012555016208413105,-0.013168513160170736
2012-04-27 00:00:00+05:30,164.88,167.63,162.39,162.95,9282289,-0.013168513160170736,-0.0011666821500813372
2012-04-30 00:00:00+05:30,164.41,165.28,162.49,162.76,4779777,-0.0011666821500813372,-0.0036932209897445525
2012-05-02 00:00:00+05:30,162.79,164.31,161.43,162.16,7175766,-0.0036932209897445525,-0.011910810786181659
2012-05-03 00:00:00+05:30,162.69,163.05,159.77,160.24,5652127,-0.011910810786181659,-0.014837440562916485
2012-05-04 00:00:00+05:30,160.04,162.39,157.35,157.88,9590287,-0.014837440562916485,-0.007565919678329244
2012-05-07 00:00:00+05:30,155.79,158.45,154.7,156.69,7580213,-0.007565919678329244,-0.04083794971806014
2012-05-08 00:00:00+05:30,157.12,160.37,148.4,150.42,17027620,-0.04083794971806014,0.05572436151000698
2012-05-09 00:00:00+05:30,152.48,159.77,150.56,159.04,19974861,0.05572436151000698,-0.002707383992795187
2012-05-10 00:00:00+05:30,160.04,161.36,156.69,158.61,9774749,-0.002707383992795187,-0.02108962876082713
2012-05-11 00:00:00+05:30,157.58,157.92,153.37,155.3,7821570,-0.02108962876082713,0.0010297336474322813
2012-05-14 00:00:00+05:30,155.13,156.46,153.81,155.46,4975421,0.0010297336474322813,-0.015689138670076305
2012-05-15 00:00:00+05:30,154.14,156.19,152.55,153.04,7615364,-0.015689138670076305,-0.0154745787019344
2012-05-16 00:00:00+05:30,151.82,153.14,150.09,150.69,7650366,-0.0154745787019344,0.03225664878685562
2012-05-17 00:00:00+05:30,151.82,156.89,151.82,155.63,15198575,0.03225664878685562,0.020227123905636538
2012-05-18 00:00:00+05:30,153.97,159.77,152.48,158.81,12564605,0.020227123905636538,-0.01977744028260264
2012-05-21 00:00:00+05:30,158.88,159.74,155.13,155.7,6220903,-0.01977744028260264,-0.009032319470837387
2012-05-22 00:00:00+05:30,157.32,158.58,152.55,154.3,10250669,-0.009032319470837387,-0.004481836608060942
2012-05-23 00:00:00+05:30,153.18,154.47,152.48,153.61,6542972,-0.004481836608060942,0.007070834817966013
2012-05-24 00:00:00+05:30,153.61,155.6,153.14,154.7,8680161,0.007070834817966013,-0.006420047342179522
2012-05-25 00:00:00+05:30,154.47,156.46,153.01,153.71,13703738,-0.006420047342179522,0.013697959220682449
2012-05-28 00:00:00+05:30,154.47,156.46,153.87,155.83,5304750,0.013697959220682449,-0.017805008900021624
2012-05-29 00:00:00+05:30,156.29,156.42,152.48,153.08,7913331,-0.017805008900021624,0.004302203363484339
2012-05-30 00:00:00+05:30,153.08,155.36,152.81,153.74,8153664,0.004302203363484339,-0.0110534497976123
2012-05-31 00:00:00+05:30,151.95,154.14,150.82,152.05,30869833,-0.0110534497976123,0.01940923245489711
2012-06-01 00:00:00+05:30,151.75,155.6,151.75,155.03,10131608,0.01940923245489711,-0.016126235415592063
2012-06-04 00:00:00+05:30,154.07,155.3,152.05,152.55,6034472,-0.016126235415592063,-0.01845839843339686
2012-06-05 00:00:00+05:30,152.98,154.27,149.17,149.76,7608005,-0.01845839843339686,0.03761171889000694
2012-06-06 00:00:00+05:30,149.76,157.12,149.76,155.5,15399199,0.03761171889000694,0.007623599497028248
2012-06-07 00:00:00+05:30,156.19,158.65,154.2,156.69,9896486,0.007623599497028248,0.011989866727935951
2012-06-08 00:00:00+05:30,156.95,159.97,155.63,158.58,7080872,0.011989866727935951,0.002267574667780339
2012-06-11 00:00:00+05:30,157.65,159.77,156.79,158.94,4965288,0.002267574667780339,0.013684720073444229
2012-06-12 00:00:00+05:30,157.22,161.93,156.16,161.13,6512771,0.013684720073444229,0.004087705431767538
2012-06-13 00:00:00+05:30,160.67,162.36,160.53,161.79,5593798,0.004087705431767538,0.0027158834050622447
2012-06-14 00:00:00+05:30,161.13,164.84,161.13,162.23,8802646,0.0027158834050622447,0.013348226600478044
2012-06-15 00:00:00+05:30,162.39,164.94,161.76,164.41,10444038,0.013348226600478044,-0.019531391047137223
2012-06-18 00:00:00+05:30,164.08,165.74,160.77,161.23,5114040,-0.019531391047137223,0.025172042848881228
2012-06-19 00:00:00+05:30,160.9,165.74,160.9,165.34,9333200,0.025172042848881228,-0.013517833558329858
2012-06-20 00:00:00+05:30,165.34,165.51,162.32,163.12,6276011,-0.013517833558329858,0.021529683287884835
2012-06-21 00:00:00+05:30,162.82,167.06,162.76,166.67,6964720,0.021529683287884835,-0.0036064233354229517
2012-06-22 00:00:00+05:30,165.74,167.73,163.58,166.07,3949484,-0.0036064233354229517,-0.0018081007818869918
2012-06-25 00:00:00+05:30,165.74,168.32,165.14,165.77,5237596,-0.0018081007818869918,-0.012077221594732528
2012-06-26 00:00:00+05:30,165.31,165.64,163.29,163.78,6130030,-0.012077221594732528,0.003048225246315587
2012-06-27 00:00:00+05:30,164.61,165.47,163.92,164.28,5051286,0.003048225246315587,0.014023440644384438
2012-06-28 00:00:00+05:30,164.41,167.53,163.85,166.6,12662857,0.014023440644384438,0.029803530390581534
2012-06-29 00:00:00+05:30,166.83,172.37,166.83,171.64,13675283,0.029803530390581534,-0.034797974686549216
2012-07-02 00:00:00+05:30,171.81,172.63,164.05,165.77,14742979,-0.034797974686549216,-0.01427771148021338
2012-07-03 00:00:00+05:30,165.74,165.9,162.72,163.42,15076253,-0.01427771148021338,-0.0014084078137180846
2012-07-04 00:00:00+05:30,164.94,165.01,162.09,163.19,8554113,-0.0014084078137180846,0.017915640268082147
2012-07-05 00:00:00+05:30,163.75,166.4,163.29,166.14,5619070,0.017915640268082147,0.00851068966790883
2012-07-06 00:00:00+05:30,166.4,168.06,164.88,167.56,6910511,0.00851068966790883,-0.004366166211251748
2012-07-09 00:00:00+05:30,166.17,168.99,166.07,166.83,6682958,-0.004366166211251748,0.02649945087478481
2012-07-10 00:00:00+05:30,166.9,171.84,165.14,171.31,9055802,0.02649945087478481,-0.019927554835450622
2012-07-11 00:00:00+05:30,170.28,170.91,167.53,167.93,7358865,-0.019927554835450622,-0.0063321597481050765
2012-07-12 00:00:00+05:30,168.06,170.25,166.5,166.87,4759595,-0.0063321597481050765,0.007284484086491405
2012-07-13 00:00:00+05:30,166.63,168.69,165.97,168.09,3499163,0.007284484086491405,-0.005907114643954823
2012-07-16 00:00:00+05:30,167.53,168.79,166.37,167.1,2550643,-0.005907114643954823,0.013611312996942347
2012-07-17 00:00:00+05:30,168.03,169.72,167.53,169.39,4701932,0.013611312996942347,-0.0021866974819541307
2012-07-18 00:00:00+05:30,169.98,170.18,168.23,169.02,4948751,-0.0021866974819541307,-0.003318718229118551
2012-07-19 00:00:00+05:30,168.79,169.75,167.53,168.46,4428675,-0.003318718229118551,-0.004939163244031221
2012-07-20 00:00:00+05:30,167.66,169.02,167.26,167.63,2846658,-0.004939163244031221,-0.013150578323122174
2012-07-23 00:00:00+05:30,166.67,166.8,164.78,165.44,3846869,-0.013150578323122174,0.003017685916074903
2012-07-24 00:00:00+05:30,166.24,167.33,164.81,165.94,5285388,0.003017685916074903,0.017621338193690706
2012-07-25 00:00:00+05:30,166.07,169.25,164.74,168.89,7942184,0.017621338193690706,-0.021062227767724824
2012-07-26 00:00:00+05:30,169.58,170.38,164.48,165.37,21080249,-0.021062227767724824,0.021831663454231175
2012-07-27 00:00:00+05:30,168.82,169.45,166.93,169.02,9637676,0.021831663454231175,0.012698583337127343
2012-07-30 00:00:00+05:30,169.62,171.57,168.72,171.18,8136850,0.012698583337127343,-0.0002336994635550408
2012-07-31 00:00:00+05:30,171.37,172.9,169.48,171.14,8779560,-0.0002336994635550408,0.003499770254430122
2012-08-01 00:00:00+05:30,171.01,172.04,169.92,171.74,2871462,0.003499770254430122,0.00921558670888023
2012-08-02 00:00:00+05:30,172.37,173.69,171.71,173.33,5254636,0.00921558670888023,-0.008051713206920991
2012-08-03 00:00:00+05:30,172.27,172.97,170.81,171.94,3726283,-0.008051713206920991,-0.003670798003930814
2012-08-06 00:00:00+05:30,172.77,173.66,170.71,171.31,2879212,-0.003670798003930814,0.011145410548482346
2012-08-07 00:00:00+05:30,171.41,173.6,170.45,173.23,5092128,0.011145410548482346,0.0009808730555921142
2012-08-08 00:00:00+05:30,173.03,174.72,171.97,173.4,6931289,0.0009808730555921142,0.015337372871764838
2012-08-09 00:00:00+05:30,173.3,176.91,173.3,176.08,7562553,0.015337372871764838,0.008088508138506062
2012-08-10 00:00:00+05:30,175.35,178.34,175.22,177.51,8279502,0.008088508138506062,-0.0032162533014725284
2012-08-13 00:00:00+05:30,177.24,178.3,175.15,176.94,7210835,-0.0032162533014725284,0.0033852435849332802
2012-08-14 00:00:00+05:30,176.94,178.6,175.48,177.54,5320039,0.0033852435849332802,-0.035954676995895725
2012-08-16 00:00:00+05:30,177.24,178.0,170.71,171.27,14645584,-0.035954676995895725,0.014433778101292963
2012-08-17 00:00:00+05:30,171.11,174.62,171.11,173.76,7806197,0.014433778101292963,-0.005135169810875108
2012-08-21 00:00:00+05:30,173.76,173.83,171.94,172.87,9571045,-0.005135169810875108,0.0034071583216143558
2012-08-22 00:00:00+05:30,172.47,174.42,171.94,173.46,4443351,0.0034071583216143558,0.009924073991420805
2012-08-23 00:00:00+05:30,173.83,175.65,173.36,175.19,7566690,0.009924073991420805,0.0033621138887685786
2012-08-24 00:00:00+05:30,174.82,176.55,173.76,175.78,10739882,0.0033621138887685786,0.0007961331100064199
2012-08-27 00:00:00+05:30,175.72,176.51,175.02,175.92,2568046,0.0007961331100064199,0.010461233688088475
2012-08-28 00:00:00+05:30,175.92,178.0,175.92,177.77,5812228,0.010461233688088475,0.004490101274439199
2012-08-29 00:00:00+05:30,178.27,178.87,176.84,178.57,5837287,0.004490101274439199,0.004637268415662563
2012-08-30 00:00:00+05:30,178.27,181.15,176.41,179.4,23958955,0.004637268415662563,-0.010985426022638937
2012-08-31 00:00:00+05:30,179.0,179.33,176.55,177.44,7843767,-0.010985426022638937,-0.00016908552949963825
2012-09-03 00:00:00+05:30,178.34,178.9,176.58,177.41,5977231,-0.00016908552949963825,-0.004123251344231438
2012-09-04 00:00:00+05:30,177.08,178.24,176.11,176.68,3900218,-0.004123251344231438,0.004686758628386548
2012-09-05 00:00:00+05:30,176.35,178.53,176.35,177.51,6393089,0.004686758628386548,-0.02764468693237353
2012-09-06 00:00:00+05:30,177.04,177.31,172.43,172.67,6902015,-0.02764468693237353,0.008764399065031432
2012-09-07 00:00:00+05:30,174.36,174.82,172.63,174.19,10291946,0.008764399065031432,0.007207444539853699
2012-09-10 00:00:00+05:30,174.95,176.01,173.86,175.45,6376529,0.007207444539853699,0.009981367958029574
2012-09-11 00:00:00+05:30,175.42,177.57,174.42,177.21,3741974,0.009981367958029574,0.007421184337616826
2012-09-12 00:00:00+05:30,177.51,179.0,176.88,178.53,5542660,0.007421184337616826,0.0013434091021268125
2012-09-13 00:00:00+05:30,178.43,179.2,177.64,178.77,5415235,0.0013434091021268125,-0.005215793771056168
2012-09-14 00:00:00+05:30,180.06,180.85,176.91,177.84,16516596,-0.005215793771056168,-0.05656321115586897
2012-09-17 00:00:00+05:30,178.04,178.24,166.47,168.06,28472090,-0.05656321115586897,0.002733378610743584
2012-09-18 00:00:00+05:30,168.36,171.21,166.93,168.52,13158729,0.002733378610743584,0.008861640078397013
2012-09-20 00:00:00+05:30,168.85,170.58,168.13,170.02,10857990,0.008861640078397013,0.019857982573281578
2012-09-21 00:00:00+05:30,171.04,175.39,170.28,173.43,18020017,0.019857982573281578,-0.022213418828940484
2012-09-24 00:00:00+05:30,173.36,173.43,168.42,169.62,11315712,-0.022213418828940484,0.019152751755690756
2012-09-25 00:00:00+05:30,169.65,173.56,169.05,172.9,10701314,0.019152751755690756,0.011443812171855005
2012-09-26 00:00:00+05:30,174.16,175.42,172.67,174.89,15386378,0.011443812171855005,0.011879526978104326
2012-09-27 00:00:00+05:30,175.09,177.67,173.76,176.98,18493253,0.011879526978104326,0.020192536625047816
2012-09-28 00:00:00+05:30,176.68,180.89,176.41,180.59,14168953,0.020192536625047816,0.003096148876834323
2012-10-01 00:00:00+05:30,179.99,182.31,179.4,181.15,7567860,0.003096148876834323,-0.011046156001987011
2012-10-03 00:00:00+05:30,181.32,181.48,177.41,179.16,12835477,-0.011046156001987011,0.01852570470282998
2012-10-04 00:00:00+05:30,179.2,183.27,179.2,182.51,9900047,0.01852570470282998,0.0012594115285452846
2012-10-05 00:00:00+05:30,183.31,185.63,146.02,182.74,12239585,0.0012594115285452846,0.007631960289225054
2012-10-08 00:00:00+05:30,182.78,185.23,181.68,184.14,8602894,0.007631960289225054,0.008220706112086784
2012-10-09 00:00:00+05:30,184.63,186.46,184.17,185.66,5781288,0.008220706112086784,0.003387555329830633
2012-10-10 00:00:00+05:30,185.3,186.82,184.3,186.29,5996527,0.003387555329830633,0.008871370708569769
2012-10-11 00:00:00+05:30,185.0,188.71,183.21,187.95,8793337,0.008871370708569769,0.0
2012-10-12 00:00:00+05:30,188.78,189.08,186.69,187.95,4883144,0.0,0.011374279484196505
2012-10-15 00:00:00+05:30,187.68,190.63,185.69,190.1,5152275,0.011374279484196505,-0.001052631676143262
2012-10-16 00:00:00+05:30,188.94,191.2,188.35,189.9,6833192,-0.001052631676143262,0.0062992334279871505
2012-10-17 00:00:00+05:30,189.77,191.83,189.01,191.1,4378074,0.0062992334279871505,0.01154999573065602
2012-10-18 00:00:00+05:30,191.26,193.58,189.7,193.32,12710134,0.01154999573065602,0.020023713438528636
2012-10-19 00:00:00+05:30,193.19,198.22,192.39,197.23,20224692,0.020023713438528636,-0.011832646854862685
2012-10-22 00:00:00+05:30,197.56,197.76,193.02,194.91,10990241,-0.011832646854862685,-0.013689290922879193
2012-10-23 00:00:00+05:30,195.47,195.47,191.26,192.26,5300367,-0.013689290922879193,0.007048852654255328
2012-10-25 00:00:00+05:30,193.12,194.91,191.36,193.62,11914891,0.007048852654255328,-0.02145568171320686
2012-10-26 00:00:00+05:30,192.99,193.52,189.04,189.51,6254747,-0.02145568171320686,0.00835505766750869
2012-10-29 00:00:00+05:30,189.61,192.26,189.44,191.1,4441436,0.00835505766750869,-0.014494917108177243
2012-10-30 00:00:00+05:30,190.37,191.2,188.01,188.35,5177355,-0.014494917108177243,-0.005483549822709043
2012-10-31 00:00:00+05:30,188.91,189.31,186.52,187.32,5701140,-0.005483549822709043,-0.011598068152271162
2012-11-01 00:00:00+05:30,186.99,187.48,183.77,185.16,6572528,-0.011598068152271162,0.01389097448117435
2012-11-02 00:00:00+05:30,186.62,190.14,186.56,187.75,10677456,0.01389097448117435,0.019045180118022895
2012-11-05 00:00:00+05:30,188.31,191.59,187.52,191.36,5836905,0.019045180118022895,0.0017230130878019489
2012-11-06 00:00:00+05:30,191.53,193.05,189.57,191.69,5815776,0.0017230130878019489,0.0027610655450693395
2012-11-07 00:00:00+05:30,192.16,192.75,190.3,192.22,6319160,0.0027610655450693395,-0.0032828772872372076
2012-11-08 00:00:00+05:30,190.93,193.22,190.57,191.59,3746237,-0.0032828772872372076,-0.0029271883323406236
2012-11-09 00:00:00+05:30,190.96,192.52,190.0,191.03,3808828,-0.0029271883323406236,-0.015190966736114165
2012-11-12 00:00:00+05:30,190.87,192.26,187.75,188.15,5331768,-0.015190966736114165,0.00031884366302646676
2012-11-13 00:00:00+05:30,189.47,189.51,187.62,188.21,1005482,0.00031884366302646676,-0.02659788537268739
2012-11-15 00:00:00+05:30,187.52,187.52,182.68,183.27,12207421,-0.02659788537268739,-0.0065143243918191415
2012-11-16 00:00:00+05:30,183.97,186.32,181.09,182.08,8208430,-0.0065143243918191415,0.025324673074960554
2012-11-19 00:00:00+05:30,181.68,187.42,180.99,186.75,8227663,0.025324673074960554,-0.004077915185891154
2012-11-20 00:00:00+05:30,187.95,188.78,185.1,185.99,6718436,-0.004077915185891154,0.0195928111691955
2012-11-21 00:00:00+05:30,185.99,190.43,184.7,189.67,8277622,0.0195928111691955,0.01007195211167016
2012-11-22 00:00:00+05:30,190.57,191.76,188.68,191.59,6132518,0.01007195211167016,-0.008333599947414847
2012-11-23 00:00:00+05:30,191.56,191.56,187.55,190.0,3801682,-0.008333599947414847,0.001735335539206607
2012-11-26 00:00:00+05:30,190.77,190.93,188.94,190.33,2143024,0.001735335539206607,0.024599060807148423
2012-11-27 00:00:00+05:30,190.33,195.57,190.27,195.07,9345713,0.024599060807148423,0.012683867165582795
2012-11-29 00:00:00+05:30,194.94,198.85,194.68,197.56,15523234,0.012683867165582795,0.0016689850883881618
2012-11-30 00:00:00+05:30,196.33,198.22,194.78,197.89,8566656,0.0016689850883881618,-0.007914403850154456
2012-12-03 00:00:00+05:30,197.23,197.76,195.01,196.33,5488549,-0.007914403850154456,-0.0033673501206504786
2012-12-04 00:00:00+05:30,195.41,196.37,194.25,195.67,4626467,-0.0033673501206504786,0.009258383357887819
2012-12-05 00:00:00+05:30,195.31,198.19,195.31,197.49,8914888,0.009258383357887819,0.011528810956108644
2012-12-06 00:00:00+05:30,197.86,200.35,195.57,199.78,8858203,0.011528810956108644,0.0005004253720004826
2012-12-07 00:00:00+05:30,199.38,200.88,198.12,199.88,5125980,0.0005004253720004826,0.0014997753148684601
2012-12-10 00:00:00+05:30,199.28,200.64,197.56,200.18,4062044,0.0014997753148684601,0.004436144346683028
2012-12-11 00:00:00+05:30,200.18,202.67,199.58,201.07,8551042,0.004436144346683028,0.008715083633140474
2012-12-12 00:00:00+05:30,201.14,203.2,201.11,202.83,6977963,0.008715083633140474,-0.035580941773022776
2012-12-13 00:00:00+05:30,202.27,202.47,193.78,195.74,18416662,-0.035580941773022776,0.0023472991335892657
2012-12-14 00:00:00+05:30,194.01,196.83,192.42,196.2,6712781,0.0023472991335892657,-0.009834129653718562
2012-12-17 00:00:00+05:30,194.61,195.57,193.42,194.28,5678119,-0.009834129653718562,0.0001544043853913812
2012-12-18 00:00:00+05:30,194.64,196.24,192.32,194.31,6357277,0.0001544043853913812,-0.010294170516092698
2012-12-19 00:00:00+05:30,193.82,195.84,191.43,192.32,15196009,-0.010294170516092698,-0.010401243647149958
2012-12-20 00:00:00+05:30,192.22,192.32,189.64,190.33,11467863,-0.010401243647149958,-0.00015763339758888427
2012-12-21 00:00:00+05:30,189.37,191.89,186.62,190.3,35541802,-0.00015763339758888427,0.0
2012-12-24 00:00:00+05:30,191.86,192.75,189.87,190.3,7327185,0.0,0.011961802634017008
2012-12-26 00:00:00+05:30,190.6,192.92,189.37,192.59,6477869,0.011961802634017008,-0.007243576318819906
2012-12-27 00:00:00+05:30,193.91,194.08,190.6,191.2,10653167,-0.007243576318819906,0.0034459387725007075
2012-12-28 00:00:00+05:30,190.4,192.26,190.4,191.86,5076231,0.0034459387725007075,-0.009005296458917244
2012-12-31 00:00:00+05:30,191.0,191.89,189.61,190.14,3423937,-0.009005296458917244,0.0015240300398409652
2013-01-01 00:00:00+05:30,190.5,191.73,190.04,190.43,3982063,0.0015240300398409652,-0.0064271636270557255
2013-01-02 00:00:00+05:30,190.93,191.96,188.61,189.21,9795328,-0.0064271636270557255,-0.006521935151514286
2013-01-03 00:00:00+05:30,189.67,189.94,187.48,187.98,6524407,-0.006521935151514286,-0.004051178248556729
2013-01-04 00:00:00+05:30,188.81,188.81,185.69,187.22,9042455,-0.004051178248556729,-0.011928570865273845
2013-01-07 00:00:00+05:30,188.48,188.94,184.63,185.0,12167297,-0.011928570865273845,0.023558152590325426
2013-01-08 00:00:00+05:30,185.06,189.74,185.06,189.41,13434558,0.023558152590325426,-0.02193784437733605
2013-01-09 00:00:00+05:30,188.78,189.41,184.77,185.3,10669098,-0.02193784437733605,0.005328466010303052
2013-01-10 00:00:00+05:30,185.66,186.95,184.63,186.29,12519898,0.005328466010303052,-0.02742730556683305
2013-01-11 00:00:00+05:30,185.46,186.09,180.39,181.25,13911147,-0.02742730556683305,0.016361961777645664
2013-01-14 00:00:00+05:30,181.35,184.63,181.35,184.24,10276838,0.016361961777645664,0.022062678625620284
2013-01-15 00:00:00+05:30,184.47,189.08,182.15,188.35,17807775,0.022062678625620284,-0.0003717176051085218
2013-01-16 00:00:00+05:30,188.91,189.51,187.25,188.28,8931348,-0.0003717176051085218,0.004557265054424381
2013-01-17 00:00:00+05:30,187.68,190.17,186.62,189.14,12209716,0.004557265054424381,0.007532099552918586
2013-01-18 00:00:00+05:30,190.07,192.16,188.71,190.57,24557714,0.007532099552918586,0.014120333606165587
2013-01-21 00:00:00+05:30,191.59,193.58,189.8,193.28,20156610,0.014120333606165587,-0.00826043089638117
2013-01-22 00:00:00+05:30,193.32,193.42,190.93,191.69,12640135,-0.00826043089638117,0.012390961345671228
2013-01-23 00:00:00+05:30,191.93,194.54,191.43,194.08,11721823,0.012390961345671228,0.015947996972794927
2013-01-24 00:00:00+05:30,194.25,197.96,194.15,197.2,20116134,0.015947996972794927,0.007678356576578943
2013-01-25 00:00:00+05:30,198.22,199.22,197.0,198.72,20651274,0.007678356576578943,0.003315752849443928
2013-01-28 00:00:00+05:30,198.89,199.68,197.83,199.38,8345389,0.003315752849443928,0.014539192579141876
2013-01-29 00:00:00+05:30,198.29,203.36,198.29,202.3,14330713,0.014539192579141876,-0.0031190460219495206
2013-01-30 00:00:00+05:30,202.07,203.49,198.89,201.67,11138680,-0.0031190460219495206,0.011291198035204704
2013-01-31 00:00:00+05:30,202.63,205.12,200.94,203.96,13790783,0.011291198035204704,0.005671277545350171
2013-02-01 00:00:00+05:30,204.02,205.48,201.9,205.12,9906596,0.005671277545350171,-0.0069959435062561795
2013-02-04 00:00:00+05:30,205.12,206.11,203.03,203.69,11610354,-0.0069959435062561795,-0.015735109411436587
2013-02-05 00:00:00+05:30,202.2,203.33,200.21,200.51,7980302,-0.015735109411436587,0.007898503594962717
2013-02-06 00:00:00+05:30,201.11,202.8,199.62,202.1,12330998,0.007898503594962717,-0.0026259088094070697
2013-02-07 00:00:00+05:30,200.91,202.47,200.21,201.57,6476687,-0.0026259088094070697,-0.007569380296924141
2013-02-08 00:00:00+05:30,200.21,203.1,198.36,200.05,11290545,-0.007569380296924141,-0.008685447576309057
2013-02-11 00:00:00+05:30,200.88,201.21,196.6,198.32,8051701,-0.008685447576309057,0.0030208461196027073
2013-02-12 00:00:00+05:30,197.89,199.52,197.56,198.92,6626747,0.0030208461196027073,0.0010049242127988863
2013-02-13 00:00:00+05:30,199.55,201.87,198.36,199.12,10594472,0.0010049242127988863,0.0013048935352214072
2013-02-14 00:00:00+05:30,199.12,200.18,198.29,199.38,11560882,0.0013048935352214072,-0.0005016806406328524
2013-02-15 00:00:00+05:30,198.56,200.18,198.46,199.28,7008392,-0.0005016806406328524,-0.0009538871622198863
2013-02-18 00:00:00+05:30,199.19,199.48,198.06,199.09,11202048,-0.0009538871622198863,0.004460377755998167
2013-02-19 00:00:00+05:30,198.89,200.58,197.89,199.98,5588523,0.004460377755998167,-0.005465453472548233
2013-02-20 00:00:00+05:30,200.84,202.67,198.46,198.89,11077656,-0.005465453472548233,-0.01142811790368949
2013-02-21 00:00:00+05:30,198.56,199.22,195.41,196.63,15478757,-0.01142811790368949,-0.015632926450523017
2013-02-22 00:00:00+05:30,196.24,197.73,192.66,193.58,9779746,-0.015632926450523017,0.0022188404056684664
2013-02-25 00:00:00+05:30,194.18,195.47,191.66,194.01,8252071,0.0022188404056684664,-0.006152592890376722
2013-02-26 00:00:00+05:30,194.25,197.79,191.46,192.82,10622345,-0.006152592890376722,0.013496315713250629
2013-02-27 00:00:00+05:30,193.58,197.16,193.09,195.44,15952832,0.013496315713250629,0.0
2013-02-28 00:00:00+05:30,196.14,201.47,193.05,195.44,48343583,0.0,-0.012097025495037689
2013-03-01 00:00:00+05:30,195.57,197.36,191.59,193.09,16860875,-0.012097025495037689,0.004237732440079234
2013-03-04 00:00:00+05:30,193.09,194.94,188.68,193.91,13727994,0.004237732440079234,0.0003609270708700367
2013-03-05 00:00:00+05:30,194.71,197.36,192.26,193.98,15225020,0.0003609270708700367,-0.019153286663292846
2013-03-06 00:00:00+05:30,196.14,196.14,189.84,190.3,14403421,-0.019153286663292846,0.01832811900430018
2013-03-07 00:00:00+05:30,189.7,195.44,189.11,193.82,15833933,0.01832811900430018,0.018099578914697406
2013-03-08 00:00:00+05:30,195.21,198.22,193.88,197.36,9024812,0.018099578914697406,-0.0005068166952538827
2013-03-11 00:00:00+05:30,197.56,198.56,196.57,197.26,6630247,-0.0005068166952538827,0.00435025219418949
2013-03-12 00:00:00+05:30,196.83,199.19,195.7,198.12,6036131,0.00435025219418949,0.009344453827666318
2013-03-13 00:00:00+05:30,197.56,200.71,197.56,199.98,11207535,0.009344453827666318,0.0008497238908793767
2013-03-14 00:00:00+05:30,199.98,201.47,198.89,200.15,8280214,0.0008497238908793767,0.0
2013-03-15 00:00:00+05:30,200.25,200.88,199.65,200.15,9436952,0.0,0.007714359521583409
2013-03-18 00:00:00+05:30,199.42,202.47,199.25,201.7,6060287,0.007714359521583409,0.006720056912910692
2013-03-19 00:00:00+05:30,203.53,203.86,201.31,203.06,12761852,0.006720056912910692,0.002950434870442606
2013-03-20 00:00:00+05:30,202.2,204.19,201.64,203.66,15227888,0.002950434870442606,-0.007194630157148333
2013-03-21 00:00:00+05:30,203.69,204.12,201.67,202.2,14061249,-0.007194630157148333,0.001976285228211959
2013-03-22 00:00:00+05:30,203.13,203.53,200.98,202.6,7699469,0.001976285228211959,-0.010519100666824873
2013-03-25 00:00:00+05:30,202.96,204.19,199.72,200.48,9199459,-0.010519100666824873,0.012983977438580945
2013-03-26 00:00:00+05:30,200.88,204.19,200.21,203.1,8976720,0.012983977438580945,0.010042950301856094
2013-03-28 00:00:00+05:30,203.99,205.52,201.94,205.15,12478039,0.010042950301856094,-0.007289482144675718
2013-04-01 00:00:00+05:30,204.85,205.45,202.67,203.66,4059380,-0.007289482144675718,-0.00014731518109575476
2013-04-02 00:00:00+05:30,203.26,204.59,201.8,203.63,6130058,-0.00014731518109575476,0.0014721761418322755
2013-04-03 00:00:00+05:30,203.49,205.12,201.77,203.93,7238010,0.0014721761418322755,-0.026534399828182505
2013-04-04 00:00:00+05:30,203.46,203.76,197.96,198.59,6659116,-0.026534399828182505,-0.027930640526851947
2013-04-05 00:00:00+05:30,198.52,198.52,192.26,193.12,10561175,-0.027930640526851947,0.0053192988284549185
2013-04-08 00:00:00+05:30,193.88,194.78,189.34,194.15,7556478,0.0053192988284549185,-0.019503933820411427
2013-04-09 00:00:00+05:30,194.41,195.87,189.57,190.4,9315187,-0.019503933820411427,-0.008227026679178916
2013-04-10 00:00:00+05:30,192.92,192.92,186.39,188.84,13420982,-0.008227026679178916,0.0015873859092799497
2013-04-11 00:00:00+05:30,190.67,191.49,187.85,189.14,15278110,0.0015873859092799497,0.026298082354632792
2013-04-12 00:00:00+05:30,190.83,196.0,189.61,194.18,12941665,0.026298082354632792,0.023765207711700768
2013-04-15 00:00:00+05:30,193.58,199.48,191.73,198.85,11249866,0.023765207711700768,0.02635322850272552
2013-04-16 00:00:00+05:30,198.79,204.79,197.36,204.16,10081092,0.02635322850272552,0.016564632022404355
2013-04-17 00:00:00+05:30,204.19,208.17,203.59,207.57,11273965,0.016564632022404355,0.007009150154861782
2013-04-18 00:00:00+05:30,206.25,209.83,205.72,209.03,8825865,0.007009150154861782,0.0053913630435931895
2013-04-22 00:00:00+05:30,207.94,210.82,207.54,210.16,6824168,0.0053913630435931895,0.0018540092306524641
2013-04-23 00:00:00+05:30,210.49,210.82,208.2,210.55,4370817,0.0018540092306524641,0.0070989413126628514
2013-04-25 00:00:00+05:30,209.06,214.3,208.96,212.05,18560932,0.0070989413126628514,-0.002975419580082906
2013-04-26 00:00:00+05:30,210.49,212.05,209.96,211.42,6455630,-0.002975419580082906,0.017860547435570837
2013-04-29 00:00:00+05:30,210.89,215.46,209.93,215.23,6204316,0.017860547435570837,0.012833709520566536
2013-04-30 00:00:00+05:30,216.12,222.49,216.12,218.01,12815405,0.012833709520566536,0.014209830572653003
2013-05-02 00:00:00+05:30,217.15,222.06,215.59,221.13,9189448,0.014209830572653003,-0.008583743691391442
2013-05-03 00:00:00+05:30,220.86,221.03,218.05,219.24,8680498,-0.008583743691391442,-0.01368563266052471
2013-05-06 00:00:00+05:30,218.78,220.43,215.73,216.26,3957776,-0.01368563266052471,0.02750144818542739
2013-05-07 00:00:00+05:30,216.19,222.75,216.19,222.29,7669524,0.02750144818542739,0.022111900787044746
2013-05-08 00:00:00+05:30,223.25,228.59,221.66,227.26,7132998,0.022111900787044746,0.004959957496367778
2013-05-09 00:00:00+05:30,228.36,229.35,226.5,228.39,6004223,0.004959957496367778,0.024779110436789358
2013-05-10 00:00:00+05:30,227.79,234.79,226.73,234.12,9901376,0.024779110436789358,-0.0503675223579404
2013-05-13 00:00:00+05:30,234.69,234.69,221.66,222.62,16419204,-0.0503675223579404,0.00013474970263161802
2013-05-14 00:00:00+05:30,224.68,225.31,220.8,222.65,10203162,0.00013474970263161802,0.01948113557182249
2013-05-15 00:00:00+05:30,224.11,228.02,222.75,227.03,12404461,0.01948113557182249,-0.016028759196831627
2013-05-16 00:00:00+05:30,226.17,227.73,220.53,223.42,11077161,-0.016028759196831627,-0.006285940238201123
2013-05-17 00:00:00+05:30,224.51,226.37,220.83,222.02,24402301,-0.006285940238201123,-0.0007209155939875055
2013-05-20 00:00:00+05:30,222.09,226.8,221.43,221.86,11083098,-0.0007209155939875055,-0.010967705681165795
2013-05-21 00:00:00+05:30,221.43,222.36,218.01,219.44,7706805,-0.010967705681165795,0.013623510622703002
2013-05-22 00:00:00+05:30,218.21,223.42,218.21,222.45,9757459,0.013623510622703002,-0.009122173083804074
2013-05-23 00:00:00+05:30,221.03,222.72,219.01,220.43,7726023,-0.009122173083804074,-0.007833532793785583
2013-05-24 00:00:00+05:30,221.43,221.53,217.91,218.71,10614924,-0.007833532793785583,0.012043684104209544
2013-05-27 00:00:00+05:30,218.78,221.83,218.44,221.36,8008480,0.012043684104209544,0.01813063071519829
2013-05-28 00:00:00+05:30,220.53,226.63,220.5,225.41,8197501,0.01813063071519829,0.0077336488153628155
2013-05-29 00:00:00+05:30,226.07,227.49,223.71,227.16,6836809,0.0077336488153628155,0.03346270444251229
2013-05-30 00:00:00+05:30,227.0,235.95,226.66,234.89,16890525,0.03346270444251229,-0.041506946715724205
2013-05-31 00:00:00+05:30,233.03,233.03,224.48,225.34,11126302,-0.041506946715724205,-0.011380748993587632
2013-06-03 00:00:00+05:30,225.84,226.66,220.9,222.79,7278038,-0.011380748993587632,0.003718558976789952
2013-06-04 00:00:00+05:30,222.65,224.54,222.16,223.62,9254273,0.003718558976789952,-0.009841670269151392
2013-06-05 00:00:00+05:30,222.42,223.38,219.01,221.43,8365120,-0.009841670269151392,0.0026609554544304624
2013-06-06 00:00:00+05:30,221.43,223.25,218.84,222.02,6394964,0.0026609554544304624,-0.003112667450547325
2013-06-07 00:00:00+05:30,220.76,224.41,219.54,221.33,6522950,-0.003112667450547325,0.009398607688748525
2013-06-10 00:00:00+05:30,221.46,224.08,221.33,223.42,4775478,0.009398607688748525,-0.007908731795195245
2013-06-11 00:00:00+05:30,221.96,223.58,220.76,221.66,9871102,-0.007908731795195245,-0.010065829718159221
2013-06-12 00:00:00+05:30,220.63,221.39,217.48,219.44,10105121,-0.010065829718159221,-0.012149703588923094
2013-06-13 00:00:00+05:30,218.21,219.01,214.47,216.79,12352495,-0.012149703588923094,0.014425638842363624
2013-06-14 00:00:00+05:30,218.38,220.76,216.29,219.94,8107093,0.014425638842363624,0.00027276446957320307
2013-06-17 00:00:00+05:30,220.63,220.63,216.19,220.0,5108964,0.00027276446957320307,-0.005103911918175952
2013-06-18 00:00:00+05:30,219.14,220.17,217.65,218.88,8104332,-0.005103911918175952,-0.0007769830597245596
2013-06-19 00:00:00+05:30,218.74,219.24,216.92,218.71,6809843,-0.0007769830597245596,-0.022051049496476228
2013-06-20 00:00:00+05:30,217.35,217.38,211.48,213.94,15620885,-0.022051049496476228,-0.0011224395528829304
2013-06-21 00:00:00+05:30,213.47,215.33,210.49,213.7,10081100,-0.0011224395528829304,-0.024969908871522537
2013-06-24 00:00:00+05:30,212.38,215.86,206.41,208.43,12685843,-0.024969908871522537,0.016747144345066693
2013-06-25 00:00:00+05:30,209.83,213.14,206.18,211.95,12458815,0.016747144345066693,0.010092797796990996
2013-06-26 00:00:00+05:30,213.31,216.72,211.28,214.1,13188341,0.010092797796990996,-0.0038842269861356585
2013-06-27 00:00:00+05:30,216.06,216.72,210.19,213.27,15447917,-0.0038842269861356585,0.008218584667795816
2013-06-28 00:00:00+05:30,213.87,218.78,212.97,215.03,13819629,0.008218584667795816,0.004917434292084026
2013-07-01 00:00:00+05:30,215.46,216.65,213.8,216.09,13293914,0.004917434292084026,-0.0033839411130182173
2013-07-02 00:00:00+05:30,215.46,216.49,213.8,215.36,9031016,-0.0033839411130182173,0.004632640546863213
2013-07-03 00:00:00+05:30,214.67,217.12,212.25,216.36,10135745,0.004632640546863213,0.03755543383422005
2013-07-04 00:00:00+05:30,216.46,225.27,216.36,224.64,9645743,0.03755543383422005,0.01102341994587878
2013-07-05 00:00:00+05:30,226.73,228.72,225.8,227.13,6815042,0.01102341994587878,0.011904381468911939
2013-07-08 00:00:00+05:30,226.2,231.11,224.58,229.85,7952408,0.011904381468911939,0.0021295559885242945
2013-07-09 00:00:00+05:30,229.02,231.94,229.02,230.34,6940651,0.0021295559885242945,-0.005485190715104732
2013-07-10 00:00:00+05:30,231.31,231.31,227.46,229.08,6719470,-0.005485190715104732,0.022488376752891878
2013-07-11 00:00:00+05:30,233.26,234.95,229.25,234.29,6915353,0.022488376752891878,-0.0079705598522126
2013-07-12 00:00:00+05:30,234.19,234.19,230.44,232.43,6394097,-0.0079705598522126,0.005705843576053354
2013-07-15 00:00:00+05:30,233.59,234.26,230.58,233.76,6656906,0.005705843576053354,0.020912585342394943
2013-07-16 00:00:00+05:30,230.71,239.99,230.71,238.7,9762686,0.020912585342394943,0.022780028331819906
2013-07-17 00:00:00+05:30,239.33,245.56,239.16,244.2,17965221,0.022780028331819906,0.0008186656208361257
2013-07-18 00:00:00+05:30,244.13,246.55,241.85,244.4,11436513,0.0008186656208361257,0.0010632643213300838
2013-07-19 00:00:00+05:30,244.3,246.55,242.11,244.66,8103912,0.0010632643213300838,-0.0006541827038435713
2013-07-22 00:00:00+05:30,243.47,245.63,242.94,244.5,5949510,-0.0006541827038435713,0.01867925706771137
2013-07-23 00:00:00+05:30,245.53,249.34,244.93,249.11,7412783,0.01867925706771137,0.00012042147530858614
2013-07-24 00:00:00+05:30,248.94,251.92,244.56,249.14,10686650,0.00012042147530858614,-0.04599644640956665
2013-07-25 00:00:00+05:30,247.88,247.95,235.85,237.94,21235393,-0.04599644640956665,0.02543652834702012
2013-07-26 00:00:00+05:30,239.1,247.12,231.8,244.07,17561373,0.02543652834702012,-0.028087766091473388
2013-07-29 00:00:00+05:30,241.98,243.77,235.75,237.31,7964435,-0.028087766091473388,-0.020778198877590835
2013-07-30 00:00:00+05:30,235.75,237.74,231.37,232.43,5585275,-0.020778198877590835,-0.02571171794289196
2013-07-31 00:00:00+05:30,232.03,235.28,222.79,226.53,19964448,-0.02571171794289196,-0.006732540822204393
2013-08-01 00:00:00+05:30,227.73,231.4,223.45,225.01,9546836,-0.006732540822204393,-0.01920461050811913
2013-08-02 00:00:00+05:30,225.41,228.06,218.54,220.73,9044087,-0.01920461050811913,0.007357454932148452
2013-08-05 00:00:00+05:30,220.93,226.03,220.2,222.36,8635821,0.007357454932148452,-0.015499970408857514
2013-08-06 00:00:00+05:30,222.32,222.62,218.11,218.94,11109765,-0.015499970408857514,-0.024973550926254983
2013-08-07 00:00:00+05:30,219.44,220.6,211.15,213.54,11836563,-0.024973550926254983,0.010018022884126364
2013-08-08 00:00:00+05:30,213.54,216.92,212.41,215.69,9115864,0.010018022884126364,0.031174793572809893
2013-08-12 00:00:00+05:30,218.71,223.75,215.46,222.52,18346205,0.031174793572809893,-0.00432355204218932
2013-08-13 00:00:00+05:30,223.68,224.87,220.5,221.56,14909844,-0.00432355204218932,0.0019389026477727354
2013-08-14 00:00:00+05:30,220.86,223.42,218.18,221.99,9639458,0.0019389026477727354,-0.04411396657388233
2013-08-16 00:00:00+05:30,221.43,224.08,210.49,212.41,18002066,-0.04411396657388233,-0.02049963583920486
2013-08-19 00:00:00+05:30,212.41,213.37,205.52,208.1,12379661,-0.02049963583920486,0.00445904893410247
2013-08-20 00:00:00+05:30,206.97,213.94,200.88,209.03,18708473,0.00445904893410247,-0.04691420398227571
2013-08-21 00:00:00+05:30,212.15,212.74,196.33,199.45,14922129,-0.04691420398227571,0.02334042180500945
2013-08-22 00:00:00+05:30,199.55,205.98,192.26,204.16,20115054,0.02334042180500945,0.0017617700553734894
2013-08-23 00:00:00+05:30,204.65,205.42,199.58,204.52,14739127,0.0017617700553734894,-0.003232286471531793
2013-08-26 00:00:00+05:30,205.68,207.27,202.9,203.86,8696437,-0.003232286471531793,-0.03174553359237169
2013-08-27 00:00:00+05:30,203.03,203.36,192.69,197.49,17306206,-0.03174553359237169,0.0010121970599509592
2013-08-28 00:00:00+05:30,196.24,202.07,189.08,197.69,20711260,0.0010121970599509592,0.024385358617868926
2013-08-29 00:00:00+05:30,198.69,204.85,195.57,202.57,17358513,0.024385358617868926,0.010215697112697129
2013-08-30 00:00:00+05:30,202.86,206.84,198.89,204.65,17055787,0.010215697112697129,0.03721716630038158
2013-09-02 00:00:00+05:30,205.52,214.67,204.72,212.41,13712036,0.03721716630038158,-0.06345629541142962
2013-09-03 00:00:00+05:30,213.07,214.57,195.97,199.35,20205511,-0.06345629541142962,-0.0028130826809341274
2013-09-04 00:00:00+05:30,202.2,202.2,194.64,198.79,20956116,-0.0028130826809341274,0.0401799050303746
2013-09-05 00:00:00+05:30,204.02,209.76,203.86,206.94,13624506,0.0401799050303746,0.013535123838585116
2013-09-06 00:00:00+05:30,207.51,211.35,205.72,209.76,11033587,0.013535123838585116,0.05981664978217563
2013-09-10 00:00:00+05:30,212.15,224.34,211.48,222.69,18161722,0.05981664978217563,-0.0178968598904855
2013-09-11 00:00:00+05:30,222.75,223.42,216.82,218.74,11302903,-0.0178968598904855,0.019646641614273205
2013-09-12 00:00:00+05:30,219.94,224.68,218.28,223.08,16206450,0.019646641614273205,-0.015404031295258701
2013-09-13 00:00:00+05:30,223.98,224.68,218.74,219.67,11005878,-0.015404031295258701,0.0077994319100393
2013-09-16 00:00:00+05:30,222.12,224.74,219.01,221.39,10647882,0.0077994319100393,0.014128012894499815
2013-09-17 00:00:00+05:30,220.17,225.27,219.8,224.54,6579112,0.014128012894499815,0.014238577939148768
2013-09-18 00:00:00+05:30,226.07,228.72,224.87,227.76,10132797,0.014238577939148768,0.034055210399957896
2013-09-19 00:00:00+05:30,230.97,236.34,230.87,235.65,14783788,0.034055210399957896,-0.0004244482236897106
2013-09-20 00:00:00+05:30,235.28,237.34,229.58,235.55,12846745,-0.0004244482236897106,-0.015444487617492987
2013-09-23 00:00:00+05:30,232.76,236.68,229.81,231.94,7868918,-0.015444487617492987,-0.0025902276613017222
2013-09-24 00:00:00+05:30,230.24,234.45,228.85,231.34,12601378,-0.0025902276613017222,-0.012133485089502115
2013-09-25 00:00:00+05:30,231.7,232.03,223.32,228.55,10854720,-0.012133485089502115,0.013127198852118788
2013-09-26 00:00:00+05:30,227.59,232.03,226.07,231.57,11848273,0.013127198852118788,-0.004024150299725491
2013-09-27 00:00:00+05:30,232.63,232.63,228.75,230.64,8281048,-0.004024150299725491,-0.021784298146327853
2013-09-30 00:00:00+05:30,228.95,229.71,224.31,225.67,8331927,-0.021784298146327853,0.007592849791881087
2013-10-01 00:00:00+05:30,225.64,227.73,224.08,227.39,6400640,0.007592849791881087,-0.012434613831307218
2013-10-03 00:00:00+05:30,229.38,229.38,223.42,224.58,11574526,-0.012434613831307218,0.0032452405729017997
2013-10-04 00:00:00+05:30,224.58,226.57,222.32,225.31,6663286,0.0032452405729017997,0.0005768164330757801
2013-10-07 00:00:00+05:30,224.68,226.03,220.1,225.44,7841255,0.0005768164330757801,0.022110042625902944
2013-10-08 00:00:00+05:30,226.9,231.14,225.14,230.48,8390908,0.022110042625902944,0.002556604144141921
2013-10-09 00:00:00+05:30,230.38,232.37,227.76,231.07,7784351,0.002556604144141921,-0.003989424657164484
2013-10-10 00:00:00+05:30,229.85,232.57,228.52,230.15,5129635,-0.003989424657164484,-0.01439818313235395
2013-10-11 00:00:00+05:30,231.11,232.0,225.87,226.86,5345365,-0.01439818313235395,-0.00703340435099431
2013-10-14 00:00:00+05:30,227.73,227.73,224.51,225.27,4019939,-0.00703340435099431,0.000621283413966535
2013-10-15 00:00:00+05:30,224.74,227.26,221.0,225.41,7515369,0.000621283413966535,0.01601935413888223
2013-10-17 00:00:00+05:30,225.41,229.71,224.87,229.05,6741907,0.01601935413888223,0.0258579371373883
2013-10-18 00:00:00+05:30,230.51,236.08,228.82,235.05,11753056,0.0258579371373883,-0.02817452361387774
2013-10-21 00:00:00+05:30,235.35,236.01,227.39,228.52,9770461,-0.02817452361387774,-0.009187887471831746
2013-10-22 00:00:00+05:30,227.0,228.59,225.74,226.43,6527041,-0.009187887471831746,0.00017663943521304824
2013-10-23 00:00:00+05:30,226.83,228.39,224.41,226.47,7096187,0.00017663943521304824,0.0033502345640632667
2013-10-24 00:00:00+05:30,227.0,230.94,225.54,227.23,9660388,0.0033502345640632667,-0.007908672233336198
2013-10-25 00:00:00+05:30,228.65,230.05,222.75,225.44,8802364,-0.007908672233336198,-0.03622308137451582
2013-10-28 00:00:00+05:30,224.08,224.08,216.32,217.42,20201299,-0.03622308137451582,-0.00018399264081342273
2013-10-29 00:00:00+05:30,216.99,220.13,214.13,217.38,17061022,-0.00018399264081342273,0.015746200603683397
2013-10-30 00:00:00+05:30,218.44,221.1,215.83,220.83,15703247,0.015746200603683397,0.005689530384392407
2013-10-31 00:00:00+05:30,219.67,223.08,219.01,222.09,16451844,0.005689530384392407,-0.020975812845396867
2013-11-01 00:00:00+05:30,220.86,221.43,216.79,217.48,10340525,-0.020975812845396867,-0.027976460910470423
2013-11-05 00:00:00+05:30,218.18,218.71,210.89,211.48,19512888,-0.027976460910470423,-0.0009461633783726131
2013-11-06 00:00:00+05:30,212.15,213.84,210.29,211.28,9105283,-0.0009461633783726131,0.00547532756532156
2013-11-07 00:00:00+05:30,211.52,214.67,208.83,212.44,10819571,0.00547532756532156,-0.0027811184816302053
2013-11-08 00:00:00+05:30,212.71,214.6,210.29,211.85,6661991,-0.0027811184816302053,-0.009104335256337118
2013-11-11 00:00:00+05:30,210.75,213.41,207.57,209.93,9415741,-0.009104335256337118,0.010189420164539111
2013-11-12 00:00:00+05:30,210.82,212.74,210.02,212.08,6387641,0.010189420164539111,-0.018128247129845308
2013-11-13 00:00:00+05:30,212.15,212.15,207.84,208.27,7396812,-0.018128247129845308,0.0009598311434208434
2013-11-14 00:00:00+05:30,206.84,210.82,206.84,208.47,6432989,0.0009598311434208434,0.03636250467202738
2013-11-18 00:00:00+05:30,209.49,216.79,209.49,216.19,12527788,0.03636250467202738,-0.007987782219502925
2013-11-19 00:00:00+05:30,216.72,217.22,213.8,214.47,7184034,-0.007987782219502925,-0.008569273481935046
2013-11-20 00:00:00+05:30,214.37,216.02,212.15,212.64,11257582,-0.008569273481935046,-0.024613844059886987
2013-11-21 00:00:00+05:30,211.68,212.15,206.25,207.47,9989582,-0.024613844059886987,-0.013685547966636083
2013-11-22 00:00:00+05:30,208.8,209.43,204.02,204.65,8951778,-0.013685547966636083,0.024042869037378956
2013-11-25 00:00:00+05:30,206.41,210.09,206.18,209.63,6516743,0.024042869037378956,-0.01741936067509644
2013-11-26 00:00:00+05:30,209.0,209.63,204.89,206.01,10219497,-0.01741936067509644,0.01091060355023015
2013-11-27 00:00:00+05:30,204.89,208.96,204.89,208.27,7364243,0.01091060355023015,-0.0020667619286355203
2013-11-28 00:00:00+05:30,209.49,210.02,206.84,207.84,10173408,-0.0020667619286355203,0.021749816316504286
2013-11-29 00:00:00+05:30,207.54,212.81,207.54,212.41,7474748,0.021749816316504286,0.0034308575540164398
2013-12-02 00:00:00+05:30,212.78,214.6,211.25,213.14,5085721,0.0034308575540164398,-0.007157013316794415
2013-12-03 00:00:00+05:30,213.44,213.44,210.46,211.62,5571163,-0.007157013316794415,-0.02009470283522849
2013-12-04 00:00:00+05:30,211.48,211.75,206.74,207.41,6589582,-0.02009470283522849,-0.01320087114534525
2013-12-05 00:00:00+05:30,209.49,211.12,203.89,204.69,15412301,-0.01320087114534525,0.007398427516732992
2013-12-06 00:00:00+05:30,205.35,207.07,204.49,206.21,12720281,0.007398427516732992,0.0064290251649573886
2013-12-09 00:00:00+05:30,209.49,210.55,205.95,207.54,9375437,0.0064290251649573886,0.015348504704832611
2013-12-10 00:00:00+05:30,207.67,211.15,207.51,210.75,16106652,0.015348504704832611,0.00925713879359433
2013-12-11 00:00:00+05:30,210.16,213.31,210.16,212.71,10507281,0.00925713879359433,-0.012726971397711825
2013-12-12 00:00:00+05:30,212.71,213.47,209.3,210.02,6252730,-0.012726971397711825,-0.0047249819441561565
2013-12-13 00:00:00+05:30,209.23,210.49,207.07,209.03,7155215,-0.0047249819441561565,-0.007973145023942163
2013-12-16 00:00:00+05:30,208.4,208.83,205.98,207.37,6392975,-0.007973145023942163,0.007973145023942087
2013-12-17 00:00:00+05:30,208.73,209.39,206.91,209.03,8170756,0.007973145023942087,0.0008129498570764356
2013-12-18 00:00:00+05:30,209.03,210.59,207.37,209.2,11976702,0.0008129498570764356,-0.006041155640943676
2013-12-19 00:00:00+05:30,210.16,210.49,206.25,207.94,11225010,-0.006041155640943676,0.0048932695382420946
2013-12-20 00:00:00+05:30,208.17,209.43,205.75,208.96,15025757,0.0048932695382420946,0.012649367387949416
2013-12-23 00:00:00+05:30,208.96,212.08,208.73,211.62,8737717,0.012649367387949416,-0.00047265681269415265
2013-12-24 00:00:00+05:30,211.98,212.15,210.49,211.52,6601421,-0.00047265681269415265,0.003727914092481588
2013-12-26 00:00:00+05:30,211.55,213.07,210.62,212.31,15461162,0.003727914092481588,0.006853199935386296
2013-12-27 00:00:00+05:30,212.81,214.57,212.15,213.77,8181660,0.006853199935386296,-0.00014034759443873403
2013-12-30 00:00:00+05:30,213.47,214.8,212.15,213.74,5758993,-0.00014034759443873403,-0.0017325751799584066
2013-12-31 00:00:00+05:30,214.13,214.8,212.34,213.37,5206773,-0.0017325751799584066,0.0017325751799583007
2014-01-01 00:00:00+05:30,213.67,214.4,212.88,213.74,1859277,0.0017325751799583007,-0.02338346708826694
2014-01-02 00:00:00+05:30,213.7,215.46,208.37,208.8,6784783,-0.02338346708826694,-0.0006227992631904393
2014-01-03 00:00:00+05:30,208.83,209.49,205.75,208.67,11999871,-0.0006227992631904393,0.002823441207607882
2014-01-06 00:00:00+05:30,208.83,209.96,207.84,209.26,8155123,0.002823441207607882,0.003339538431197936
2014-01-07 00:00:00+05:30,209.83,210.42,207.34,209.96,7779134,0.003339538431197936,0.0004761678105302116
2014-01-08 00:00:00+05:30,210.49,210.82,208.0,210.06,7475483,0.0004761678105302116,-0.003959078843469599
2014-01-09 00:00:00+05:30,209.96,209.96,207.27,209.23,7663865,-0.003959078843469599,0.02193422844648714
2014-01-10 00:00:00+05:30,210.62,215.13,208.17,213.87,9187303,0.02193422844648714,0.008798325033827579
2014-01-13 00:00:00+05:30,214.53,216.32,213.87,215.76,6358393,0.008798325033827579,-0.0030636425577900985
2014-01-14 00:00:00+05:30,216.12,218.78,214.7,215.1,7568297,-0.0030636425577900985,0.013437897022969828
2014-01-15 00:00:00+05:30,215.53,218.44,213.04,218.01,8848780,0.013437897022969828,-0.010235220749279642
2014-01-16 00:00:00+05:30,218.11,219.37,214.57,215.79,4745585,-0.010235220749279642,-0.001994666091011415
2014-01-17 00:00:00+05:30,216.12,217.45,213.8,215.36,11277886,-0.001994666091011415,0.01634963998927528
2014-01-20 00:00:00+05:30,215.13,219.11,214.2,218.91,8607177,0.01634963998927528,-0.003477786876019788
2014-01-21 00:00:00+05:30,218.94,220.33,217.78,218.15,6975026,-0.003477786876019788,-0.005193384377557026
2014-01-22 00:00:00+05:30,217.78,217.95,214.0,217.02,11368404,-0.005193384377557026,0.00487245275616098
2014-01-23 00:00:00+05:30,216.36,218.78,215.66,218.08,6293116,0.00487245275616098,-0.014410003640986675
2014-01-24 00:00:00+05:30,217.38,219.04,214.4,214.96,5127519,-0.014410003640986675,-0.00013957058805135386
2014-01-27 00:00:00+05:30,212.48,215.79,211.25,214.93,9243973,-0.00013957058805135386,0.007509073941451352
2014-01-28 00:00:00+05:30,214.9,217.42,211.42,216.55,13114553,0.007509073941451352,-0.005046190194589246
2014-01-29 00:00:00+05:30,216.99,217.78,214.93,215.46,9125375,-0.005046190194589246,-0.001207449178417177
2014-01-30 00:00:00+05:30,213.17,215.92,210.82,215.2,15342445,-0.001207449178417177,0.0015322827040929413
2014-01-31 00:00:00+05:30,215.39,215.92,213.54,215.53,9381577,0.0015322827040929413,-0.01491134740629534
2014-02-03 00:00:00+05:30,213.9,215.3,211.95,212.34,6615349,-0.01491134740629534,0.014261574803836597
2014-02-04 00:00:00+05:30,211.15,215.96,209.43,215.39,12881437,0.014261574803836597,-0.018461774470766208
2014-02-05 00:00:00+05:30,213.8,215.3,210.49,211.45,9123967,-0.018461774470766208,0.017393373486544253
2014-02-06 00:00:00+05:30,212.15,215.66,209.83,215.16,11600992,0.017393373486544253,-0.0033985926239023896
2014-02-07 00:00:00+05:30,216.79,216.79,212.28,214.43,11930073,-0.0033985926239023896,0.004791932684907125
2014-02-10 00:00:00+05:30,213.84,215.69,212.81,215.46,6820138,0.004791932684907125,0.0003248335256756996
2014-02-11 00:00:00+05:30,214.86,216.29,213.84,215.53,7577664,0.0003248335256756996,-0.014111064910953115
2014-02-12 00:00:00+05:30,215.79,216.79,211.48,212.51,9120985,-0.014111064910953115,-0.011453035745233164
2014-02-13 00:00:00+05:30,212.61,214.13,209.0,210.09,4144250,-0.011453035745233164,0.009097433035336623
2014-02-14 00:00:00+05:30,210.89,212.34,208.63,212.01,5808106,0.009097433035336623,0.0009429070520857313
2014-02-17 00:00:00+05:30,212.81,213.64,210.52,212.21,4950969,0.0009429070520857313,-0.010040340087422332
2014-02-18 00:00:00+05:30,212.15,213.17,209.59,210.09,5848972,-0.010040340087422332,-0.0007618685193049546
2014-02-19 00:00:00+05:30,210.69,211.38,209.56,209.93,3234814,-0.0007618685193049546,-0.015312176675892306
2014-02-20 00:00:00+05:30,209.49,210.12,206.44,206.74,6814762,-0.015312176675892306,0.018261189467598127
2014-02-21 00:00:00+05:30,207.84,210.72,207.24,210.55,6881251,0.018261189467598127,0.007711816423188748
2014-02-24 00:00:00+05:30,209.49,212.48,209.49,212.18,4149389,0.007711816423188748,0.005920791696133392
2014-02-25 00:00:00+05:30,211.55,213.74,211.55,213.44,5354053,0.005920791696133392,0.02090991595714276
2014-02-26 00:00:00+05:30,214.0,218.68,213.8,217.95,11931961,0.02090991595714276,-0.0033550138325115692
2014-02-28 00:00:00+05:30,215.43,220.1,215.43,217.22,11908638,-0.0033550138325115692,0.004730529867821627
2014-03-03 00:00:00+05:30,217.32,219.41,216.16,218.25,9397136,0.004730529867821627,0.007395267886156915
2014-03-04 00:00:00+05:30,219.04,221.43,217.58,219.87,9292987,0.007395267886156915,0.004945227055113618
2014-03-05 00:00:00+05:30,219.94,221.39,218.41,220.96,6070310,0.004945227055113618,0.003749298576136267
2014-03-06 00:00:00+05:30,220.57,222.19,219.01,221.79,5680848,0.003749298576136267,0.010718312355830994
2014-03-07 00:00:00+05:30,220.17,225.01,219.44,224.18,20048745,0.010718312355830994,-0.007567143816882813
2014-03-10 00:00:00+05:30,222.75,224.08,221.59,222.49,9000370,-0.007567143816882813,-0.004775644325995796
2014-03-11 00:00:00+05:30,222.36,222.95,217.98,221.43,9007792,-0.004775644325995796,0.02073817337765766
2014-03-12 00:00:00+05:30,221.63,227.39,221.59,226.07,10328975,0.02073817337765766,0.007008602069342308
2014-03-13 00:00:00+05:30,226.3,229.91,226.27,227.66,6025213,0.007008602069342308,0.01100832364327452
2014-03-14 00:00:00+05:30,226.8,230.81,225.41,230.18,6641651,0.01100832364327452,0.024758306632051502
2014-03-18 00:00:00+05:30,232.03,236.68,230.48,235.95,13239234,0.024758306632051502,0.01062359808073451
2014-03-19 00:00:00+05:30,236.01,238.66,235.71,238.47,8512440,0.01062359808073451,-0.010920315120827561
2014-03-20 00:00:00+05:30,237.7,237.7,233.56,235.88,11044584,-0.010920315120827561,0.005327482897620971
2014-03-21 00:00:00+05:30,236.34,237.8,233.73,237.14,10778651,0.005327482897620971,0.008231190434354595
2014-03-24 00:00:00+05:30,236.05,240.85,235.58,239.1,10542518,0.008231190434354595,0.005921371707088976
2014-03-25 00:00:00+05:30,238.0,241.98,237.8,240.52,8674059,0.005921371707088976,-0.010406530023411874
2014-03-26 00:00:00+05:30,240.65,241.02,234.52,238.03,14587474,-0.010406530023411874,0.002391793515859725
2014-03-27 00:00:00+05:30,238.0,240.45,236.05,238.6,25478691,0.002391793515859725,-0.004031586176275084
2014-03-28 00:00:00+05:30,239.66,239.66,234.69,237.64,9372790,-0.004031586176275084,-0.01577774692612699
2014-03-31 00:00:00+05:30,238.1,239.33,231.8,233.92,11999370,-0.01577774692612699,-0.0025254160024461066
2014-04-01 00:00:00+05:30,234.36,234.42,229.28,233.33,9875081,-0.0025254160024461066,-0.021837009997446626
2014-04-02 00:00:00+05:30,233.76,234.02,225.64,228.29,25116389,-0.021837009997446626,0.004501657478661122
2014-04-03 00:00:00+05:30,228.45,230.48,225.9,229.32,10361121,0.004501657478661122,-0.0033634032624284835
2014-04-04 00:00:00+05:30,229.98,231.24,226.93,228.55,10310547,-0.0033634032624284835,0.0020543312074400286
2014-04-07 00:00:00+05:30,228.55,229.91,225.84,229.02,11313186,0.0020543312074400286,0.007222132762018518
2014-04-09 00:00:00+05:30,229.12,231.7,227.39,230.68,9052312,0.007222132762018518,-0.01186129378041303
2014-04-10 00:00:00+05:30,230.84,231.84,227.39,227.96,10623768,-0.01186129378041303,-0.0010094582700123362
2014-04-11 00:00:00+05:30,227.26,228.59,225.64,227.73,11682087,-0.0010094582700123362,-0.007492982871289284
2014-04-15 00:00:00+05:30,227.2,228.02,223.22,226.03,6933707,-0.007492982871289284,0.01488665102762444
2014-04-16 00:00:00+05:30,226.03,230.48,226.03,229.42,6535502,0.01488665102762444,0.020578366850636968
2014-04-17 00:00:00+05:30,230.18,234.52,228.06,234.19,8211261,0.020578366850636968,0.0004269125747898972
2014-04-21 00:00:00+05:30,233.63,235.81,231.44,234.29,6625580,0.0004269125747898972,-0.007540415317018736
2014-04-22 00:00:00+05:30,233.96,234.72,231.4,232.53,4956245,-0.007540415317018736,0.006985393422100679
2014-04-23 00:00:00+05:30,233.36,235.35,231.07,234.16,11323405,0.006985393422100679,-0.02801958771355706
2014-04-25 00:00:00+05:30,234.49,236.01,227.06,227.69,6860332,-0.02801958771355706,-0.00422517243152217
2014-04-28 00:00:00+05:30,229.02,229.02,225.41,226.73,7286192,-0.00422517243152217,-0.004996362614647341
2014-04-29 00:00:00+05:30,226.07,227.33,224.41,225.6,6433298,-0.004996362614647341,0.0013289038500537342
2014-04-30 00:00:00+05:30,225.6,228.69,224.48,225.9,6455705,0.0013289038500537342,-0.0014618914159123828
2014-05-02 00:00:00+05:30,226.13,227.06,225.41,225.57,4343340,-0.0014618914159123828,0.012993201798216704
2014-05-05 00:00:00+05:30,225.74,229.05,225.74,228.52,6559871,0.012993201798216704,0.009407734890950094
2014-05-06 00:00:00+05:30,229.38,232.7,228.92,230.68,7488024,0.009407734890950094,-0.003778588178397277
2014-05-07 00:00:00+05:30,230.71,232.3,229.05,229.81,7036539,-0.003778588178397277,-0.013052042330526382
2014-05-08 00:00:00+05:30,230.05,230.61,225.8,226.83,8314260,-0.013052042330526382,0.009870449287368313
2014-05-09 00:00:00+05:30,227.26,231.5,226.23,229.08,7906473,0.009870449287368313,0.03861946596716053
2014-05-12 00:00:00+05:30,228.95,238.66,228.72,238.1,11111490,0.03861946596716053,0.004734678779672819
2014-05-13 00:00:00+05:30,238.66,241.88,237.34,239.23,11042193,0.004734678779672819,0.013205075197154076
2014-05-14 00:00:00+05:30,239.53,244.63,239.53,242.41,10312376,0.013205075197154076,0.006824561925756226
2014-05-15 00:00:00+05:30,242.41,245.09,241.42,244.07,9562243,0.006824561925756226,-0.030915070432910557
2014-05-16 00:00:00+05:30,245.16,256.9,233.69,236.64,38847019,-0.030915070432910557,-0.05422452836104107
2014-05-19 00:00:00+05:30,238.66,239.33,223.08,224.15,24233843,-0.05422452836104107,0.008086776496825468
2014-05-20 00:00:00+05:30,226.73,235.35,221.79,225.97,9241520,0.008086776496825468,0.002342697824814535
2014-05-21 00:00:00+05:30,225.11,227.33,224.54,226.5,10660242,0.002342697824814535,0.01206816621348547
2014-05-22 00:00:00+05:30,227.39,230.38,225.64,229.25,10526996,0.01206816621348547,-0.007838712380275715
2014-05-23 00:00:00+05:30,231.37,231.5,225.87,227.46,9985090,-0.007838712380275715,0.004518046944154469
2014-05-26 00:00:00+05:30,229.25,230.58,225.5,228.49,12332126,0.004518046944154469,-0.002497755510800187
2014-05-27 00:00:00+05:30,228.72,230.44,226.86,227.92,6847921,-0.002497755510800187,-0.00276795501958491
2014-05-28 00:00:00+05:30,228.06,228.19,225.8,227.29,6250381,-0.00276795501958491,-0.0010124354336802218
2014-05-29 00:00:00+05:30,228.72,230.71,225.67,227.06,15314612,-0.0010124354336802218,-0.0021603517870249288
2014-05-30 00:00:00+05:30,228.59,228.59,222.85,226.57,11046871,-0.0021603517870249288,-0.015075327191807486
2014-06-02 00:00:00+05:30,226.73,227.46,222.36,223.18,10862324,-0.015075327191807486,-0.009680181846204339
2014-06-03 00:00:00+05:30,220.96,222.42,219.44,221.03,10778003,-0.009680181846204339,-0.007356313257492283
2014-06-04 00:00:00+05:30,220.43,221.29,217.95,219.41,15073865,-0.007356313257492283,0.008396354952906358
2014-06-05 00:00:00+05:30,219.47,222.69,216.12,221.26,21187697,0.008396354952906358,0.008819351620803967
2014-06-06 00:00:00+05:30,222.09,224.64,220.8,223.22,15429998,0.008819351620803967,0.003711409004583253
2014-06-09 00:00:00+05:30,224.48,225.97,222.29,224.05,12047732,0.003711409004583253,-0.001786911353294956
2014-06-10 00:00:00+05:30,224.74,225.37,221.79,223.65,8485179,-0.001786911353294956,-0.012100640217875153
2014-06-11 00:00:00+05:30,224.74,225.21,219.11,220.96,16938912,-0.012100640217875153,0.002395752078201817
2014-06-12 00:00:00+05:30,221.43,222.89,219.54,221.49,9816670,0.002395752078201817,-0.0044797468522832
2014-06-13 00:00:00+05:30,223.32,223.32,220.0,220.5,8104422,-0.0044797468522832,0.010780681331200914
2014-06-16 00:00:00+05:30,221.59,223.68,220.63,222.89,9772753,0.010780681331200914,-0.00044875247566926907
2014-06-17 00:00:00+05:30,222.72,224.18,221.66,222.79,5872392,-0.00044875247566926907,-0.009289388589311838
2014-06-18 00:00:00+05:30,223.05,223.28,220.27,220.73,6610936,-0.009289388589311838,0.009872727548215183
2014-06-19 00:00:00+05:30,221.99,223.35,220.9,222.92,8462634,0.009872727548215183,-0.0016611672394721516
2014-06-20 00:00:00+05:30,223.08,224.24,221.03,222.55,6731207,-0.0016611672394721516,-0.06377493945337973
2014-06-23 00:00:00+05:30,222.09,222.09,207.17,208.8,32138778,-0.06377493945337973,0.017471010279585218
2014-06-24 00:00:00+05:30,208.83,213.94,208.83,212.48,17407471,0.017471010279585218,-0.013980939087052372
2014-06-25 00:00:00+05:30,211.55,211.95,209.16,209.53,13070750,-0.013980939087052372,0.0006202438234098357
2014-06-26 00:00:00+05:30,208.83,210.72,207.84,209.66,13153374,0.0006202438234098357,0.011004759574682301
2014-06-27 00:00:00+05:30,210.16,212.78,209.56,211.98,11015688,0.011004759574682301,0.016422574155711127
2014-06-30 00:00:00+05:30,212.54,217.05,212.51,215.49,21486547,0.016422574155711127,0.00046395101509573504
2014-07-01 00:00:00+05:30,217.18,217.18,214.8,215.59,14407860,0.00046395101509573504,0.012675025082207702
2014-07-02 00:00:00+05:30,216.22,218.91,215.79,218.34,8960911,0.012675025082207702,0.006072939373970789
2014-07-03 00:00:00+05:30,218.44,220.53,217.98,219.67,9740800,0.006072939373970789,0.006172018685256436
2014-07-04 00:00:00+05:30,220.23,222.16,218.74,221.03,10311198,0.006172018685256436,0.004198746546349761
2014-07-07 00:00:00+05:30,221.03,222.75,218.58,221.96,16395936,0.004198746546349761,0.0029690966073792346
2014-07-08 00:00:00+05:30,221.43,223.71,219.77,222.62,15217699,0.0029690966073792346,0.016837064263948175
2014-07-09 00:00:00+05:30,223.08,227.39,222.55,226.4,25287186,0.016837064263948175,0.0018974919092604452
2014-07-10 00:00:00+05:30,225.77,231.37,223.42,226.83,40856774,0.0018974919092604452,0.010917569801893677
2014-07-11 00:00:00+05:30,228.72,232.37,227.39,229.32,13902096,0.010917569801893677,-0.002751033371889871
2014-07-14 00:00:00+05:30,230.21,231.57,226.27,228.69,6656302,-0.002751033371889871,-0.007593584167696117
2014-07-15 00:00:00+05:30,229.05,230.68,226.33,226.96,5685075,-0.007593584167696117,0.00540482475773671
2014-07-16 00:00:00+05:30,226.53,228.85,225.41,228.19,8279292,0.00540482475773671,0.00013146074820096087
2014-07-17 00:00:00+05:30,227.46,229.38,227.13,228.22,5495281,0.00013146074820096087,-0.0004382697181954387
2014-07-18 00:00:00+05:30,227.39,230.05,226.53,228.12,5874286,-0.0004382697181954387,0.016606911240218965
2014-07-21 00:00:00+05:30,228.72,232.03,228.12,231.94,7874082,0.016606911240218965,0.008671443046267978
2014-07-22 00:00:00+05:30,232.7,234.59,231.84,233.96,7846577,0.008671443046267978,0.0020921849607702385
2014-07-23 00:00:00+05:30,234.36,235.35,231.47,234.45,7746572,0.0020921849607702385,0.00790215684774738
2014-07-24 00:00:00+05:30,234.69,236.74,233.69,236.31,6045218,0.00790215684774738,0.0023669650511479153
2014-07-25 00:00:00+05:30,236.68,238.13,233.63,236.87,8180895,0.0023669650511479153,-0.000253335586560089
2014-07-28 00:00:00+05:30,235.52,237.5,235.08,236.81,4329462,-0.000253335586560089,0.005726572557201138
2014-07-30 00:00:00+05:30,238.93,241.65,237.27,238.17,11409486,0.005726572557201138,-0.008941057412835815
2014-07-31 00:00:00+05:30,237.34,238.66,234.69,236.05,9879443,-0.008941057412835815,-0.01842759342337953
2014-08-01 00:00:00+05:30,236.01,237.31,230.81,231.74,9191591,-0.01842759342337953,0.014054563336878741
2014-08-04 00:00:00+05:30,234.69,235.35,231.57,235.02,6235052,0.014054563336878741,0.00420356010346572
2014-08-05 00:00:00+05:30,236.01,236.81,231.07,236.01,4787262,0.00420356010346572,-0.02831979215613927
2014-08-06 00:00:00+05:30,234.95,235.58,228.12,229.42,7367190,-0.02831979215613927,0.0005664858421096446
2014-08-07 00:00:00+05:30,229.61,232.47,227.69,229.55,4738241,0.0005664858421096446,0.006599824225183719
2014-08-08 00:00:00+05:30,228.89,231.7,227.53,231.07,4225511,0.006599824225183719,-0.0024264494768287794
2014-08-11 00:00:00+05:30,232.37,233.26,229.42,230.51,5387508,-0.0024264494768287794,-0.001867170910904302
2014-08-12 00:00:00+05:30,231.84,231.84,227.73,230.08,4187211,-0.001867170910904302,0.02908439290180871
2014-08-13 00:00:00+05:30,231.7,237.34,230.38,236.87,10389791,0.02908439290180871,-0.0012250503168996405
2014-08-14 00:00:00+05:30,236.58,239.89,235.35,236.58,6623317,-0.0012250503168996405,-0.017525232673622337
2014-08-18 00:00:00+05:30,235.08,235.35,229.75,232.47,6957293,-0.017525232673622337,-0.005867396788688894
2014-08-19 00:00:00+05:30,232.7,233.59,230.28,231.11,7754099,-0.005867396788688894,-0.010526412986987617
2014-08-20 00:00:00+05:30,232.7,232.7,227.99,228.69,6836212,-0.010526412986987617,0.0034485050653781757
2014-08-21 00:00:00+05:30,228.69,230.71,228.22,229.48,6004457,0.0034485050653781757,-0.007260036261904314
2014-08-22 00:00:00+05:30,229.55,230.61,226.43,227.82,6859712,-0.007260036261904314,0.016326360158106186
2014-08-25 00:00:00+05:30,229.85,232.03,227.79,231.57,4054655,0.016326360158106186,0.008984863659130066
2014-08-26 00:00:00+05:30,232.0,234.55,231.74,233.66,5938161,0.008984863659130066,-0.0002996254704063656
2014-08-27 00:00:00+05:30,234.45,235.28,232.93,233.59,7142175,-0.0002996254704063656,0.008355763327454137
2014-08-28 00:00:00+05:30,233.36,236.68,233.26,235.55,12613726,0.008355763327454137,-0.013463180168294018
2014-09-01 00:00:00+05:30,237.34,237.34,231.8,232.4,7068479,-0.013463180168294018,0.011763583413300907
2014-09-02 00:00:00+05:30,232.37,236.15,231.37,235.15,7335486,0.011763583413300907,-0.0164648061928475
2014-09-03 00:00:00+05:30,235.55,235.81,230.91,231.31,9825793,-0.0164648061928475,0.004270837578153852
2014-09-04 00:00:00+05:30,231.77,233.92,231.44,232.3,8789430,0.004270837578153852,0.0011616152058009845
2014-09-05 00:00:00+05:30,232.43,233.36,230.94,232.57,7310417,0.0011616152058009845,0.008903787258262193
2014-09-08 00:00:00+05:30,234.02,235.35,232.2,234.65,6320083,0.008903787258262193,0.011946257466284388
2014-09-09 00:00:00+05:30,232.7,238.4,232.7,237.47,5794234,0.011946257466284388,-0.020162316350137446
2014-09-10 00:00:00+05:30,236.68,236.68,232.53,232.73,10109718,-0.020162316350137446,0.00042959017758372614
2014-09-11 00:00:00+05:30,232.73,233.99,231.7,232.83,8812386,0.00042959017758372614,0.012590593329824172
2014-09-12 00:00:00+05:30,232.83,237.31,232.8,235.78,8148618,0.012590593329824172,-0.011174253686632352
2014-09-15 00:00:00+05:30,234.98,235.35,232.03,233.16,6346990,-0.011174253686632352,0.00410889124567106
2014-09-16 00:00:00+05:30,233.1,235.55,232.03,234.12,7795106,0.00410889124567106,0.004517373972249674
2014-09-17 00:00:00+05:30,234.36,237.67,233.23,235.18,9334300,0.004517373972249674,0.011078805861411778
2014-09-18 00:00:00+05:30,235.42,238.0,234.16,237.8,6350018,0.011078805861411778,0.001974500189876119
2014-09-19 00:00:00+05:30,237.34,239.19,234.82,238.27,8325954,0.001974500189876119,0.03107302837527544
2014-09-22 00:00:00+05:30,238.0,246.62,236.94,245.79,12629144,0.03107302837527544,0.00012204796500168531
2014-09-23 00:00:00+05:30,245.29,248.54,243.84,245.82,13675446,0.00012204796500168531,0.01714131788272746
2014-09-24 00:00:00+05:30,245.69,251.26,245.56,250.07,10118615,0.01714131788272746,-0.0014806813838346624
2014-09-25 00:00:00+05:30,250.27,251.86,246.82,249.7,13116534,-0.0014806813838346624,-0.013222800089205284
2014-09-26 00:00:00+05:30,248.31,249.57,244.37,246.42,10181724,-0.013222800089205284,-0.015170082181354187
2014-09-29 00:00:00+05:30,245.76,247.22,241.65,242.71,3012728,-0.015170082181354187,0.011144459178548454
2014-09-30 00:00:00+05:30,241.58,246.88,240.65,245.43,9817181,0.011144459178548454,-0.016639319003964783
2014-10-01 00:00:00+05:30,245.29,245.29,240.89,241.38,3939644,-0.016639319003964783,-0.0036939465499898016
2014-10-07 00:00:00+05:30,240.45,242.91,237.4,240.49,9716905,-0.0036939465499898016,0.008075748443322294
2014-10-08 00:00:00+05:30,240.65,243.93,240.16,242.44,8339845,0.008075748443322294,-0.0005363589607696786
2014-10-09 00:00:00+05:30,242.68,244.17,241.22,242.31,5978506,-0.0005363589607696786,-0.03451224132553508
2014-10-10 00:00:00+05:30,241.71,242.18,233.59,234.09,5166787,-0.03451224132553508,-0.007245631819023354
2014-10-13 00:00:00+05:30,233.96,233.96,230.18,232.4,5505444,-0.007245631819023354,-0.01016334837627856
2014-10-14 00:00:00+05:30,232.4,233.36,227.73,230.05,7805028,-0.01016334837627856,0.015570390687524615
2014-10-16 00:00:00+05:30,228.72,234.36,227.69,233.66,12754616,0.015570390687524615,0.004227974951424298
2014-10-17 00:00:00+05:30,233.29,238.6,232.93,234.65,11275140,0.004227974951424298,-0.0055127166809606845
2014-10-20 00:00:00+05:30,235.35,237.24,232.57,233.36,8036827,-0.0055127166809606845,-0.0018443463162029605
2014-10-21 00:00:00+05:30,233.43,233.96,230.71,232.93,6476903,-0.0018443463162029605,-0.006719818523672241
2014-10-22 00:00:00+05:30,233.66,234.02,231.04,231.37,8138407,-0.006719818523672241,0.004011479056772711
2014-10-23 00:00:00+05:30,232.1,232.9,231.47,232.3,703907,0.004011479056772711,-0.0024135862074472015
2014-10-27 00:00:00+05:30,232.86,232.96,230.71,231.74,5609770,-0.0024135862074472015,0.0016815059904392601
2014-10-28 00:00:00+05:30,232.86,233.23,231.27,232.13,4912703,0.0016815059904392601,0.012202844580070918
2014-10-29 00:00:00+05:30,233.96,235.35,232.23,234.98,6893189,0.012202844580070918,0.001275890106313081
2014-10-30 00:00:00+05:30,234.09,237.17,233.03,235.28,14854645,0.001275890106313081,0.0008496899143210763
2014-10-31 00:00:00+05:30,236.58,238.66,233.53,235.48,14774251,0.0008496899143210763,0.0007216692096792219
2014-11-03 00:00:00+05:30,236.61,237.11,234.16,235.65,7441368,0.0007216692096792219,0.010343100123077164
2014-11-05 00:00:00+05:30,235.81,238.53,235.68,238.1,7591856,0.010343100123077164,-0.00979158662883568
2014-11-07 00:00:00+05:30,237.57,239.0,234.02,235.78,9335210,-0.00979158662883568,0.044138230332540725
2014-11-10 00:00:00+05:30,236.01,246.95,235.81,246.42,23584351,0.044138230332540725,-0.020664942006770316
2014-11-11 00:00:00+05:30,245.49,246.75,240.35,241.38,7215483,-0.020664942006770316,0.014722476719621746
2014-11-12 00:00:00+05:30,241.48,245.29,241.42,244.96,6646198,0.014722476719621746,-0.003107370232769362
2014-11-13 00:00:00+05:30,245.86,245.86,242.87,244.2,4851966,-0.003107370232769362,0.002290576917735465
2014-11-14 00:00:00+05:30,244.03,245.72,243.54,244.76,7479950,0.002290576917735465,0.002733635599376904
2014-11-17 00:00:00+05:30,244.63,246.26,241.71,245.43,5988076,0.002733635599376904,0.00012222697564570492
2014-11-18 00:00:00+05:30,244.8,246.42,243.64,245.46,9536711,0.00012222697564570492,-0.0064987047427716065
2014-11-19 00:00:00+05:30,245.46,250.1,243.04,243.87,12718907,-0.0064987047427716065,0.005968946585350614
2014-11-20 00:00:00+05:30,244.63,246.22,244.03,245.33,5063121,0.005968946585350614,0.0163334943058668
2014-11-21 00:00:00+05:30,245.39,249.74,245.0,249.37,6646483,0.0163334943058668,-0.0031730120004426635
2014-11-24 00:00:00+05:30,246.62,249.24,246.62,248.58,8574394,-0.0031730120004426635,-0.05358682961895797
2014-11-25 00:00:00+05:30,248.08,251.13,231.14,235.61,25213140,-0.05358682961895797,0.02228703247711274
2014-11-26 00:00:00+05:30,237.67,242.84,237.4,240.92,21441614,0.02228703247711274,-0.007750361725685347
2014-11-27 00:00:00+05:30,240.09,240.95,235.52,239.06,15975541,-0.007750361725685347,0.007044484228399946
2014-11-28 00:00:00+05:30,239.06,242.64,238.66,240.75,10463490,0.007044484228399946,0.003979609778979309
2014-12-01 00:00:00+05:30,240.09,243.27,240.09,241.71,8216881,0.003979609778979309,0.00330428618349922
2014-12-02 00:00:00+05:30,241.58,243.24,241.05,242.51,8593434,0.00330428618349922,-0.006993180176640631
2014-12-03 00:00:00+05:30,242.64,242.64,236.74,240.82,7861826,-0.006993180176640631,0.053323869858222496
2014-12-04 00:00:00+05:30,247.32,254.58,247.32,254.01,26675338,0.053323869858222496,0.021190369491453132
2014-12-05 00:00:00+05:30,253.91,259.88,253.68,259.45,16281645,0.021190369491453132,0.016323928431350415
2014-12-08 00:00:00+05:30,260.67,264.98,260.08,263.72,15081607,0.016323928431350415,-0.008683122573460994
2014-12-09 00:00:00+05:30,264.19,265.18,259.75,261.44,13880760,-0.008683122573460994,0.0016433857437300632
2014-12-10 00:00:00+05:30,262.36,262.86,256.13,261.87,9291812,0.0016433857437300632,0.00403963963980095
2014-12-11 00:00:00+05:30,261.87,264.49,258.88,262.93,10808724,0.00403963963980095,-0.0022845838669084684
2014-12-12 00:00:00+05:30,262.53,265.38,260.54,262.33,8706592,-0.0022845838669084684,-0.007998971023164499
2014-12-15 00:00:00+05:30,261.87,264.98,259.51,260.24,8571774,-0.007998971023164499,-0.03090615895036783
2014-12-16 00:00:00+05:30,257.89,258.55,250.53,252.32,13550537,-0.03090615895036783,-0.02337669850620343
2014-12-17 00:00:00+05:30,250.3,255.04,243.04,246.49,15643604,-0.02337669850620343,0.008161661467185482
2014-12-18 00:00:00+05:30,250.93,250.93,241.98,248.51,6259339,0.008161661467185482,-0.016267777260783465
2014-12-19 00:00:00+05:30,249.24,249.24,243.64,244.5,9425558,-0.016267777260783465,0.014253759017767223
2014-12-22 00:00:00+05:30,245.03,250.73,244.63,248.01,16791747,0.014253759017767223,0.0014907635871926725
2014-12-23 00:00:00+05:30,247.91,250.27,247.15,248.38,5067313,0.0014907635871926725,-0.008734386300417535
2014-12-24 00:00:00+05:30,248.28,250.9,243.47,246.22,20624697,-0.008734386300417535,-0.009344146331613071
2014-12-26 00:00:00+05:30,247.22,247.22,242.91,243.93,2913865,-0.009344146331613071,0.005152121308292058
2014-12-29 00:00:00+05:30,243.37,246.26,243.3,245.19,3306203,0.005152121308292058,-0.004168716189088354
2014-12-30 00:00:00+05:30,245.46,246.26,243.5,244.17,3161437,-0.004168716189088354,0.0010642653481007624
2014-12-31 00:00:00+05:30,244.6,245.69,243.64,244.43,3682547,0.0010642653481007624,0.0013900247536581735
2015-01-01 00:00:00+05:30,245.07,245.93,244.0,244.77,2538978,0.0013900247536581735,0.003100145252662772
2015-01-02 00:00:00+05:30,244.83,246.77,244.83,245.53,6599676,0.003100145252662772,0.003942854121263631
2015-01-05 00:00:00+05:30,245.8,247.87,245.03,246.5,8238987,0.003942854121263631,-0.02601498755707325
2015-01-06 00:00:00+05:30,245.77,246.27,239.33,240.17,13093040,-0.02601498755707325,-0.01878719598358626
2015-01-07 00:00:00+05:30,238.0,242.67,235.33,235.7,11960580,-0.01878719598358626,0.024723656118574425
2015-01-08 00:00:00+05:30,236.97,242.23,236.97,241.6,8449164,0.024723656118574425,-0.015306953297321929
2015-01-09 00:00:00+05:30,242.07,243.9,235.4,237.93,10808513,-0.015306953297321929,0.002686255550269065
2015-01-12 00:00:00+05:30,238.3,240.9,237.4,238.57,9868950,0.002686255550269065,0.006267779168597505
2015-01-13 00:00:00+05:30,238.93,241.13,238.2,240.07,11623503,0.006267779168597505,-0.03475367769531525
2015-01-14 00:00:00+05:30,239.8,239.8,230.73,231.87,16224852,-0.03475367769531525,0.02861163987692646
2015-01-15 00:00:00+05:30,235.4,239.93,233.93,238.6,16047717,0.02861163987692646,0.006142037818388914
2015-01-16 00:00:00+05:30,238.97,241.3,236.23,240.07,10813589,0.006142037818388914,-0.0036305254057279242
2015-01-19 00:00:00+05:30,240.0,241.17,237.33,239.2,6853235,-0.0036305254057279242,0.03370643788191088
2015-01-20 00:00:00+05:30,239.4,247.9,238.73,247.4,12014673,0.03370643788191088,-0.05086790727887288
2015-01-21 00:00:00+05:30,248.63,248.63,232.8,235.13,32448215,-0.05086790727887288,-0.005800826673568157
2015-01-22 00:00:00+05:30,235.33,239.87,232.57,233.77,29627576,-0.005800826673568157,-0.003428036094736402
2015-01-23 00:00:00+05:30,235.63,237.3,232.53,232.97,16747499,-0.003428036094736402,0.0301458133159973
2015-01-27 00:00:00+05:30,233.33,240.67,232.9,240.1,25255862,0.0301458133159973,0.0059381857527916445
2015-01-28 00:00:00+05:30,240.0,242.3,238.37,241.53,12317799,0.0059381857527916445,0.02158460305123367
2015-01-29 00:00:00+05:30,242.0,248.0,240.0,246.8,21093768,0.02158460305123367,-0.004467012504099424
2015-01-30 00:00:00+05:30,246.67,248.0,242.43,245.7,13917158,-0.004467012504099424,-0.021682292638645285
2015-02-02 00:00:00+05:30,244.67,246.13,239.6,240.43,8493861,-0.021682292638645285,0.014862181666553414
2015-02-03 00:00:00+05:30,240.97,244.67,240.97,244.03,6298908,0.014862181666553414,0.004252715466846227
2015-02-04 00:00:00+05:30,245.0,247.0,243.57,245.07,5807210,0.004252715466846227,0.00350305857210418
2015-02-05 00:00:00+05:30,243.93,248.07,242.47,245.93,9478187,0.00350305857210418,0.012405953870715853
2015-02-06 00:00:00+05:30,244.07,249.6,244.07,249.0,7324875,0.012405953870715853,-0.015093251904862265
2015-02-09 00:00:00+05:30,247.43,249.23,244.47,245.27,7188008,-0.015093251904862265,0.005407946170398525
2015-02-10 00:00:00+05:30,245.4,248.0,244.6,246.6,8011749,0.005407946170398525,0.0033601229922110556
2015-02-11 00:00:00+05:30,247.37,248.6,245.23,247.43,4545473,0.0033601229922110556,-0.0020228180697926734
2015-02-12 00:00:00+05:30,248.0,248.0,243.1,246.93,5294225,-0.0020228180697926734,0.02044323239220318
2015-02-13 00:00:00+05:30,247.47,252.83,246.7,252.03,9026030,0.02044323239220318,0.03009450185743327
2015-02-16 00:00:00+05:30,252.27,260.67,252.0,259.73,11606474,0.03009450185743327,0.009350518405264012
2015-02-18 00:00:00+05:30,256.67,268.0,256.67,262.17,13669322,0.009350518405264012,-0.010236445701619344
2015-02-19 00:00:00+05:30,261.97,262.47,255.73,259.5,6980186,-0.010236445701619344,0.01730603044788658
2015-02-20 00:00:00+05:30,258.33,265.27,256.23,264.03,8931408,0.01730603044788658,-0.014727469548721847
2015-02-23 00:00:00+05:30,263.33,265.87,259.5,260.17,5852228,-0.014727469548721847,0.013855976778106054
2015-02-24 00:00:00+05:30,261.33,265.33,259.1,263.8,8238782,0.013855976778106054,0.010070426629694044
2015-02-25 00:00:00+05:30,265.07,266.67,262.3,266.47,15751802,0.010070426629694044,-0.01018415561364837
2015-02-26 00:00:00+05:30,265.27,267.6,261.3,263.77,11702547,-0.01018415561364837,-0.004940721512977093
2015-02-27 00:00:00+05:30,263.2,264.43,256.03,262.47,34417139,-0.004940721512977093,-0.1371574199948503
2015-03-02 00:00:00+05:30,238.67,238.67,228.0,228.83,50722677,-0.1371574199948503,-0.004950396721738676
2015-03-03 00:00:00+05:30,229.0,230.33,226.0,227.7,44994020,-0.004950396721738676,0.007874056430905866
2015-03-04 00:00:00+05:30,230.0,233.87,228.6,229.5,32171963,0.007874056430905866,0.005778479355306982
2015-03-05 00:00:00+05:30,231.33,232.73,227.8,230.83,20499398,0.005778479355306982,-0.023050976797861635
2015-03-09 00:00:00+05:30,229.13,229.93,224.83,225.57,16301916,-0.023050976797861635,0.0005761517654446711
2015-03-10 00:00:00+05:30,226.67,228.47,223.4,225.7,13036884,0.0005761517654446711,-0.0010195714250692484
2015-03-11 00:00:00+05:30,226.9,227.13,225.03,225.47,12702704,-0.0010195714250692484,0.024663404881914285
2015-03-12 00:00:00+05:30,226.03,232.17,225.87,231.1,27323129,0.024663404881914285,-0.021121540817098584
2015-03-13 00:00:00+05:30,232.2,233.33,224.47,226.27,15651522,-0.021121540817098584,-0.011870235182292306
2015-03-16 00:00:00+05:30,227.33,227.73,223.33,223.6,8595248,-0.011870235182292306,0.013636473995321027
2015-03-17 00:00:00+05:30,226.33,227.1,224.17,226.67,10940511,0.013636473995321027,-0.009931360723841858
2015-03-18 00:00:00+05:30,227.5,227.5,224.0,224.43,8757089,-0.009931360723841858,-0.00985097295904601
2015-03-19 00:00:00+05:30,225.67,227.23,221.0,222.23,10462350,-0.00985097295904601,-0.017842618037478945
2015-03-20 00:00:00+05:30,222.47,222.47,217.59,218.3,10572912,-0.017842618037478945,-0.00018325087095458624
2015-03-23 00:00:00+05:30,217.57,219.87,216.67,218.26,11393547,-0.00018325087095458624,-0.0025690444444420707
2015-03-24 00:00:00+05:30,218.07,219.87,217.33,217.7,10715486,-0.0025690444444420707,0.0005969738197634289
2015-03-25 00:00:00+05:30,219.1,219.1,217.33,217.83,7249757,0.0005969738197634289,-0.01340254834108063
2015-03-26 00:00:00+05:30,217.33,219.3,213.73,214.93,24193097,-0.01340254834108063,-0.01528393558710545
2015-03-27 00:00:00+05:30,216.0,216.83,210.07,211.67,21403253,-0.01528393558710545,0.031162413666197146
2015-03-30 00:00:00+05:30,213.09,219.67,213.09,218.37,16516767,0.031162413666197146,-0.005234171729437239
2015-03-31 00:00:00+05:30,219.2,219.2,216.0,217.23,12279566,-0.005234171729437239,0.0200526247027433
2015-04-01 00:00:00+05:30,217.23,222.0,216.09,221.63,10839779,0.0200526247027433,0.02539338153967246
2015-04-06 00:00:00+05:30,219.57,227.77,219.4,227.33,19315928,0.02539338153967246,-0.00114436632206922
2015-04-07 00:00:00+05:30,227.4,228.67,224.67,227.07,10549575,-0.00114436632206922,0.016423168866721065
2015-04-08 00:00:00+05:30,228.0,231.3,227.67,230.83,12381639,0.016423168866721065,0.002595943135663991
2015-04-09 00:00:00+05:30,231.27,232.63,229.33,231.43,7667537,0.002595943135663991,-0.0014269347112357636
2015-04-10 00:00:00+05:30,231.33,231.73,228.17,231.1,5593371,-0.0014269347112357636,0.013879861009980624
2015-04-13 00:00:00+05:30,231.33,234.93,229.9,234.33,10891653,0.013879861009980624,0.009767361496644119
2015-04-15 00:00:00+05:30,236.0,239.07,234.27,236.63,17492244,0.009767361496644119,-0.01374401993450424
2015-04-16 00:00:00+05:30,235.23,237.6,231.1,233.4,7865738,-0.01374401993450424,0.005000330952076716
2015-04-17 00:00:00+05:30,233.67,235.5,231.8,234.57,8807339,0.005000330952076716,-0.028715486533486007
2015-04-20 00:00:00+05:30,234.73,234.73,227.07,227.93,11275532,-0.028715486533486007,0.00017547707875680788
2015-04-21 00:00:00+05:30,227.9,232.47,227.33,227.97,10890329,0.00017547707875680788,0.004202238619848374
2015-04-22 00:00:00+05:30,226.67,230.0,225.7,228.93,10768515,0.004202238619848374,-0.003763680591593074
2015-04-23 00:00:00+05:30,228.93,231.0,225.53,228.07,8924630,-0.003763680591593074,0.01695545358212044
2015-04-24 00:00:00+05:30,228.0,233.3,227.43,231.97,17318819,0.01695545358212044,-0.008963621191043058
2015-04-27 00:00:00+05:30,232.6,234.53,229.47,229.9,9371889,-0.008963621191043058,-0.02141070511948132
2015-04-28 00:00:00+05:30,229.93,230.0,222.4,225.03,10686608,-0.02141070511948132,-0.02821277701983929
2015-04-29 00:00:00+05:30,223.37,224.0,218.2,218.77,10091042,-0.02821277701983929,-0.017848145981350583
2015-04-30 00:00:00+05:30,218.53,218.93,214.13,214.9,20037666,-0.017848145981350583,0.02404547727677508
2015-05-04 00:00:00+05:30,215.59,220.6,213.4,220.13,7209372,0.02404547727677508,-0.012019430396501118
2015-05-05 00:00:00+05:30,219.07,219.33,215.73,217.5,13458044,-0.012019430396501118,-0.024528258281188976
2015-05-06 00:00:00+05:30,217.33,218.57,210.8,212.23,20211861,-0.024528258281188976,0.013106961029747512
2015-05-07 00:00:00+05:30,212.33,215.8,210.4,215.03,10601880,0.013106961029747512,0.016786190784933996
2015-05-08 00:00:00+05:30,217.03,219.53,215.09,218.67,12156900,0.016786190784933996,-0.00476737093625552
2015-05-11 00:00:00+05:30,220.0,220.5,216.26,217.63,8795975,-0.00476737093625552,-0.00673123795601435
2015-05-12 00:00:00+05:30,218.33,218.67,215.4,216.17,14296277,-0.00673123795601435,0.011041194192134623
2015-05-13 00:00:00+05:30,217.9,219.87,214.0,218.57,10627956,0.011041194192134623,-0.00965435965033196
2015-05-14 00:00:00+05:30,218.0,218.0,214.93,216.47,8038298,-0.00965435965033196,0.005160588331666715
2015-05-15 00:00:00+05:30,216.73,218.6,216.57,217.59,5449191,0.005160588331666715,0.020064823828848714
2015-05-18 00:00:00+05:30,218.2,222.6,217.5,222.0,6909570,0.020064823828848714,-0.0013522652500137608
2015-05-19 00:00:00+05:30,221.17,223.93,220.5,221.7,8570939,-0.0013522652500137608,-0.001805869565261706
2015-05-20 00:00:00+05:30,221.67,222.8,220.33,221.3,5162051,-0.001805869565261706,-0.013832234372060272
2015-05-21 00:00:00+05:30,222.0,222.27,217.33,218.26,7181828,-0.013832234372060272,0.0053462623628344865
2015-05-22 00:00:00+05:30,219.33,222.17,216.97,219.43,12481646,0.0053462623628344865,-0.0382277232156719
2015-05-25 00:00:00+05:30,214.3,216.33,210.93,211.2,23429841,-0.0382277232156719,-0.00889359772567768
2015-05-26 00:00:00+05:30,211.67,211.67,208.5,209.33,11023632,-0.00889359772567768,0.01173047906087748
2015-05-27 00:00:00+05:30,210.0,212.5,209.33,211.8,9133685,0.01173047906087748,0.011734469312225328
2015-05-28 00:00:00+05:30,212.07,214.97,211.0,214.3,19995216,0.011734469312225328,0.017439209685122276
2015-05-29 00:00:00+05:30,214.67,219.97,212.43,218.07,19800852,0.017439209685122276,0.015019397573731335
2015-06-01 00:00:00+05:30,217.0,222.5,217.0,221.37,10060566,0.015019397573731335,-0.04122298740659272
2015-06-02 00:00:00+05:30,219.27,219.53,211.73,212.43,10848668,-0.04122298740659272,-0.0457514303429148
2015-06-03 00:00:00+05:30,209.2,209.23,200.4,202.93,20673920,-0.0457514303429148,-0.009207985851321621
2015-06-04 00:00:00+05:30,203.33,204.43,198.8,201.07,11005214,-0.009207985851321621,0.008912273675682257
2015-06-05 00:00:00+05:30,200.97,205.26,196.67,202.87,16952342,0.008912273675682257,0.00014786701853103116
2015-06-08 00:00:00+05:30,204.67,205.5,201.5,202.9,10292948,0.00014786701853103116,-0.012397877621059273
2015-06-09 00:00:00+05:30,201.26,202.0,199.8,200.4,9910851,-0.012397877621059273,0.0016453522521253827
2015-06-10 00:00:00+05:30,200.4,202.26,199.07,200.73,9495678,0.0016453522521253827,-0.01354218709404604
2015-06-11 00:00:00+05:30,201.33,201.33,196.8,198.03,11093535,-0.01354218709404604,0.0017154393712280466
2015-06-12 00:00:00+05:30,197.87,200.09,196.67,198.37,8332143,0.0017154393712280466,0.003170850984475251
2015-06-15 00:00:00+05:30,198.0,201.83,196.0,199.0,8358516,0.003170850984475251,0.00150640249425679
2015-06-16 00:00:00+05:30,198.67,200.09,196.83,199.3,7925889,0.00150640249425679,0.0071494942440862175
2015-06-17 00:00:00+05:30,199.0,202.07,198.17,200.73,10478310,0.0071494942440862175,0.002636883042351829
2015-06-18 00:00:00+05:30,200.8,202.93,200.13,201.26,10877231,0.002636883042351829,0.010232670417063211
2015-06-19 00:00:00+05:30,201.87,203.63,201.59,203.33,8432328,0.010232670417063211,0.017550296901487066
2015-06-22 00:00:00+05:30,204.13,208.09,203.13,206.93,6930591,0.017550296901487066,0.013297366084136692
2015-06-23 00:00:00+05:30,206.93,210.0,205.07,209.7,7304831,0.013297366084136692,-0.0029131566245425037
2015-06-24 00:00:00+05:30,210.13,212.07,207.37,209.09,7095483,-0.0029131566245425037,-0.0041215432637297855
2015-06-25 00:00:00+05:30,207.07,210.3,206.5,208.23,10481765,-0.0041215432637297855,-0.014170913994714011
2015-06-26 00:00:00+05:30,208.23,208.23,204.7,205.3,5303367,-0.014170913994714011,0.006457430250625358
2015-06-29 00:00:00+05:30,203.47,207.3,202.5,206.63,9358835,0.006457430250625358,0.016606256060022802
2015-06-30 00:00:00+05:30,206.8,211.23,205.37,210.09,11208213,0.016606256060022802,-0.004866886216998983
2015-07-01 00:00:00+05:30,210.17,210.93,208.33,209.07,8522591,-0.004866886216998983,0.0045812535386788025
2015-07-02 00:00:00+05:30,209.4,211.53,209.0,210.03,6318825,0.0045812535386788025,0.0017601032063389826
2015-07-03 00:00:00+05:30,209.53,211.26,208.23,210.4,4932245,0.0017601032063389826,0.008801457470121494
2015-07-06 00:00:00+05:30,208.59,212.43,208.0,212.26,4255448,0.008801457470121494,-0.003256025338450272
2015-07-07 00:00:00+05:30,212.43,212.87,210.73,211.57,7314093,-0.003256025338450272,-0.013993564853443453
2015-07-08 00:00:00+05:30,210.09,210.67,206.26,208.63,11181192,-0.013993564853443453,-0.007505447789849319
2015-07-09 00:00:00+05:30,208.53,209.93,206.57,207.07,6463005,-0.007505447789849319,-0.002320747548395981
2015-07-10 00:00:00+05:30,206.0,207.8,204.37,206.59,7216086,-0.002320747548395981,0.01508483638846604
2015-07-13 00:00:00+05:30,208.67,210.93,205.97,209.73,6378113,0.01508483638846604,-0.007321833011135034
2015-07-14 00:00:00+05:30,209.3,211.0,207.09,208.2,5262650,-0.007321833011135034,0.005412797925560234
2015-07-15 00:00:00+05:30,207.57,210.13,207.57,209.33,5476899,0.005412797925560234,0.012532801118216735
2015-07-16 00:00:00+05:30,209.87,213.26,208.2,211.97,5621997,0.012532801118216735,0.013588438864991441
2015-07-17 00:00:00+05:30,212.37,215.93,211.76,214.87,5906159,0.013588438864991441,-0.005600425334740157
2015-07-20 00:00:00+05:30,214.53,215.63,212.8,213.67,4762983,-0.005600425334740157,-0.022433501120737255
2015-07-21 00:00:00+05:30,213.67,214.97,208.33,208.93,6807573,-0.022433501120737255,0.0035355985229876727
2015-07-22 00:00:00+05:30,208.07,211.97,207.13,209.67,7761359,0.0035355985229876727,0.0019059423504416454
2015-07-23 00:00:00+05:30,210.07,211.63,208.0,210.07,5422179,0.0019059423504416454,-0.0017628705997147554
2015-07-24 00:00:00+05:30,210.0,210.4,208.33,209.7,4043730,-0.0017628705997147554,-0.009294370553381235
2015-07-27 00:00:00+05:30,207.67,208.9,206.53,207.76,5118398,-0.009294370553381235,-0.0013968164494447917
2015-07-28 00:00:00+05:30,207.97,209.26,206.37,207.47,6543582,-0.0013968164494447917,-0.02340771037382632
2015-07-29 00:00:00+05:30,207.33,208.0,200.4,202.67,9357954,-0.02340771037382632,0.03852399916604542
2015-07-30 00:00:00+05:30,202.67,211.9,200.0,210.63,19974737,0.03852399916604542,0.031313896020343734
2015-07-31 00:00:00+05:30,211.97,218.26,210.2,217.33,16320411,0.031313896020343734,0.016881503193739905
2015-08-03 00:00:00+05:30,217.33,222.33,216.73,221.03,14353091,0.016881503193739905,-0.004989125007745857
2015-08-04 00:00:00+05:30,220.97,221.03,216.37,219.93,9935279,-0.004989125007745857,0.005757955744574822
2015-08-05 00:00:00+05:30,219.93,222.03,217.73,221.2,5709989,0.005757955744574822,-0.016868419119440946
2015-08-06 00:00:00+05:30,220.37,220.67,216.0,217.5,8460197,-0.016868419119440946,-0.005532517569725667
2015-08-07 00:00:00+05:30,216.0,217.07,214.67,216.3,4471841,-0.005532517569725667,-0.01083051468015363
2015-08-10 00:00:00+05:30,216.33,218.17,212.9,213.97,5584850,-0.01083051468015363,-0.00266747941120649
2015-08-11 00:00:00+05:30,213.4,214.59,210.9,213.4,5315648,-0.00266747941120649,-0.010504842579503099
2015-08-12 00:00:00+05:30,213.33,213.33,210.67,211.17,11926686,-0.010504842579503099,-0.0012794088034209564
2015-08-13 00:00:00+05:30,211.59,213.13,202.0,210.9,6644727,-0.0012794088034209564,0.0056266254025261475
2015-08-14 00:00:00+05:30,211.67,213.5,209.73,212.09,7597824,0.0056266254025261475,-0.003921110492238972
2015-08-17 00:00:00+05:30,212.87,213.2,210.33,211.26,4328919,-0.003921110492238972,-0.0064583755684288115
2015-08-18 00:00:00+05:30,211.0,212.4,208.4,209.9,9079850,-0.0064583755684288115,0.006458375568428734
2015-08-19 00:00:00+05:30,209.33,212.0,206.0,211.26,7373897,0.006458375568428734,0.03858148588622941
2015-08-20 00:00:00+05:30,212.07,220.23,210.9,219.57,18008402,0.03858148588622941,0.004226606605655294
2015-08-21 00:00:00+05:30,219.3,220.87,215.17,220.5,17768258,0.004226606605655294,-0.03240138731389261
2015-08-24 00:00:00+05:30,214.03,219.67,210.4,213.47,16485140,-0.03240138731389261,-0.0009842289829746333
2015-08-25 00:00:00+05:30,214.7,217.43,208.33,213.26,21275217,-0.0009842289829746333,-0.007058520671187654
2015-08-26 00:00:00+05:30,211.73,213.9,209.07,211.76,16155689,-0.007058520671187654,0.02504269458683473
2015-08-27 00:00:00+05:30,215.67,218.37,210.9,217.13,20038835,0.02504269458683473,0.003998810283408359
2015-08-28 00:00:00+05:30,219.57,219.57,216.47,218.0,9725322,0.003998810283408359,-0.0057043120911756465
2015-08-31 00:00:00+05:30,216.5,219.0,214.4,216.76,9634683,-0.0057043120911756465,-0.030255667989259244
2015-09-01 00:00:00+05:30,215.0,215.93,209.53,210.3,9470865,-0.030255667989259244,0.014633256158998858
2015-09-02 00:00:00+05:30,212.59,215.37,210.09,213.4,13014680,0.014633256158998858,-0.0003280763041167052
2015-09-03 00:00:00+05:30,212.9,216.47,212.73,213.33,10088448,-0.0003280763041167052,-0.009088189127399065
2015-09-04 00:00:00+05:30,213.33,214.33,209.83,211.4,15716597,-0.009088189127399065,-0.01156137244413059
2015-09-07 00:00:00+05:30,210.87,213.0,207.43,208.97,7112327,-0.01156137244413059,-0.001820098212970456
2015-09-08 00:00:00+05:30,208.73,210.4,206.87,208.59,10240566,-0.001820098212970456,0.004782638606032227
2015-09-09 00:00:00+05:30,210.17,210.93,208.57,209.59,6123207,0.004782638606032227,-0.003297572822548235
2015-09-10 00:00:00+05:30,207.33,210.53,206.9,208.9,8968275,-0.003297572822548235,0.001291649903308354
2015-09-11 00:00:00+05:30,209.8,210.76,208.09,209.17,6712322,0.001291649903308354,-0.0003825371824967581
2015-09-14 00:00:00+05:30,209.17,210.13,207.73,209.09,7474416,-0.0003825371824967581,0.01188565860486574
2015-09-15 00:00:00+05:30,208.67,211.93,208.33,211.59,5174855,0.01188565860486574,0.014870685666171064
2015-09-16 00:00:00+05:30,212.43,215.23,211.47,214.76,5589585,0.014870685666171064,-0.012934850882356191
2015-09-18 00:00:00+05:30,216.67,218.67,209.83,212.0,12828255,-0.012934850882356191,-0.011862535309820057
2015-09-21 00:00:00+05:30,210.93,211.53,208.93,209.5,6798498,-0.011862535309820057,-0.006753060937504164
2015-09-22 00:00:00+05:30,210.59,212.17,206.67,208.09,14938508,-0.006753060937504164,0.012607014784433285
2015-09-23 00:00:00+05:30,204.67,212.7,204.67,210.73,11655003,0.012607014784433285,0.020199860068175864
2015-09-24 00:00:00+05:30,209.87,215.57,209.67,215.03,14121254,0.020199860068175864,-0.010283828302584905
2015-09-28 00:00:00+05:30,215.43,216.67,212.26,212.83,6358347,-0.010283828302584905,0.0035645645360008974
2015-09-29 00:00:00+05:30,212.63,216.67,211.33,213.59,8298573,0.0035645645360008974,0.025926265563146998
2015-09-30 00:00:00+05:30,214.67,219.9,213.33,219.2,13463322,0.025926265563146998,-0.00013687068023280786
2015-10-01 00:00:00+05:30,218.03,222.57,218.03,219.17,6206747,-0.00013687068023280786,0.002278735832466772
2015-10-05 00:00:00+05:30,220.0,221.0,217.87,219.67,9321171,0.002278735832466772,0.03971608892693363
2015-10-06 00:00:00+05:30,221.33,229.1,219.2,228.57,10720508,0.03971608892693363,0.012737364373260921
2015-10-07 00:00:00+05:30,229.3,233.33,228.2,231.5,10707506,0.012737364373260921,-0.023735187698560405
2015-10-08 00:00:00+05:30,231.17,231.17,223.6,226.07,9368313,-0.023735187698560405,0.01274630477787754
2015-10-09 00:00:00+05:30,227.27,229.87,226.8,228.97,5534714,0.01274630477787754,-0.007892354730476617
2015-10-12 00:00:00+05:30,228.7,232.27,225.9,227.17,6068418,-0.007892354730476617,0.009637784330995021
2015-10-13 00:00:00+05:30,226.67,230.6,226.43,229.37,7005234,0.009637784330995021,0.0001307844891460359
2015-10-14 00:00:00+05:30,229.47,230.43,228.33,229.4,9082619,0.0001307844891460359,0.01527077454799265
2015-10-15 00:00:00+05:30,229.33,234.93,229.1,232.93,9495548,0.01527077454799265,-0.001718730281733284
2015-10-16 00:00:00+05:30,232.03,233.33,229.0,232.53,9636885,-0.001718730281733284,0.006301866396171691
2015-10-19 00:00:00+05:30,232.0,234.67,230.13,234.0,11187713,0.006301866396171691,-0.006732010931365552
2015-10-20 00:00:00+05:30,233.67,234.17,231.87,232.43,7386677,-0.006732010931365552,-0.00025817556081440335
2015-10-21 00:00:00+05:30,232.73,233.33,231.77,232.37,5465787,-0.00025817556081440335,0.02771412546624242
2015-10-23 00:00:00+05:30,233.4,239.3,233.4,238.9,8724758,0.02771412546624242,-0.005161897438488676
2015-10-26 00:00:00+05:30,239.23,239.87,236.67,237.67,7896530,-0.005161897438488676,-0.0014315791918603651
2015-10-27 00:00:00+05:30,236.47,237.97,235.5,237.33,14940123,-0.0014315791918603651,-0.002235674691564143
2015-10-28 00:00:00+05:30,236.23,239.3,236.0,236.8,9712458,-0.002235674691564143,-0.014762142450883172
2015-10-29 00:00:00+05:30,236.73,237.33,231.4,233.33,7638666,-0.014762142450883172,-0.04483365912048069
2015-10-30 00:00:00+05:30,234.3,234.3,220.6,223.1,27778047,-0.04483365912048069,0.0075910165810492685
2015-11-02 00:00:00+05:30,222.0,226.47,219.97,224.8,10326032,0.0075910165810492685,-0.007008487942256498
2015-11-03 00:00:00+05:30,224.53,225.93,221.87,223.23,3911081,-0.007008487942256498,0.0025501658005453736
2015-11-04 00:00:00+05:30,224.57,225.47,222.67,223.8,4980087,0.0025501658005453736,0.0043248612789109
2015-11-05 00:00:00+05:30,222.67,226.13,222.17,224.77,5388102,0.0043248612789109,0.0016003559761466096
2015-11-06 00:00:00+05:30,223.77,226.3,223.33,225.13,4463298,0.0016003559761466096,0.01573308789585303
2015-11-09 00:00:00+05:30,221.0,229.33,220.23,228.7,11999874,0.01573308789585303,-0.018535393846426437
2015-11-10 00:00:00+05:30,227.2,230.03,223.43,224.5,7228746,-0.018535393846426437,-0.007466558283432083
2015-11-11 00:00:00+05:30,225.93,226.0,222.07,222.83,793040,-0.007466558283432083,-0.013372686293008461
2015-11-13 00:00:00+05:30,220.27,222.53,218.07,219.87,18630920,-0.013372686293008461,0.025416725182148693
2015-11-16 00:00:00+05:30,220.0,226.0,219.73,225.53,8773749,0.025416725182148693,0.0314257955685564
2015-11-17 00:00:00+05:30,228.13,233.5,226.07,232.73,11572887,0.0314257955685564,-0.0035727390950875794
2015-11-18 00:00:00+05:30,234.0,234.1,229.4,231.9,9966221,-0.0035727390950875794,0.012001858595491873
2015-11-19 00:00:00+05:30,233.33,235.33,232.53,234.7,16937771,0.012001858595491873,-0.02183878492619889
2015-11-20 00:00:00+05:30,234.83,234.83,228.73,229.63,9858141,-0.02183878492619889,-0.021124756857867796
2015-11-23 00:00:00+05:30,228.9,229.9,224.17,224.83,8989701,-0.021124756857867796,-0.004011058056171188
2015-11-24 00:00:00+05:30,226.1,226.4,221.53,223.93,13086351,-0.004011058056171188,0.02033398972805299
2015-11-26 00:00:00+05:30,224.1,230.0,223.23,228.53,9415475,0.02033398972805299,0.004540501142686863
2015-11-27 00:00:00+05:30,229.6,230.0,225.9,229.57,5677127,0.004540501142686863,-0.005240873243979394
2015-11-30 00:00:00+05:30,228.8,231.2,227.03,228.37,17255165,-0.005240873243979394,0.010714388212406488
2015-12-01 00:00:00+05:30,230.13,231.33,227.33,230.83,10126925,0.010714388212406488,0.009056470387356259
2015-12-02 00:00:00+05:30,230.67,233.17,228.27,232.93,4635017,0.009056470387356259,-0.017452752284742003
2015-12-03 00:00:00+05:30,230.73,231.93,228.2,228.9,5594216,-0.017452752284742003,-0.02177311264414169
2015-12-04 00:00:00+05:30,227.53,227.83,223.33,223.97,13623824,-0.02177311264414169,-0.06903433198068809
2015-12-07 00:00:00+05:30,223.33,223.93,207.03,209.03,50870427,-0.06903433198068809,0.0038198967329123386
2015-12-08 00:00:00+05:30,207.33,212.13,207.07,209.83,19004238,0.0038198967329123386,0.008352760821593919
2015-12-09 00:00:00+05:30,213.0,213.0,210.17,211.59,15074450,0.008352760821593919,0.012119652294281325
2015-12-10 00:00:00+05:30,211.67,214.5,211.33,214.17,8328300,0.012119652294281325,-0.000794077160627361
2015-12-11 00:00:00+05:30,214.0,214.97,210.26,214.0,9011226,-0.000794077160627361,-0.0028076761541984134
2015-12-14 00:00:00+05:30,213.33,214.93,211.43,213.4,7292186,-0.0028076761541984134,0.008864065502664284
2015-12-15 00:00:00+05:30,213.33,215.93,212.0,215.3,10089569,0.008864065502664284,-0.011538679395604939
2015-12-16 00:00:00+05:30,215.33,216.43,212.07,212.83,7798697,-0.011538679395604939,0.003939043780184238
2015-12-17 00:00:00+05:30,213.13,214.5,210.87,213.67,8683829,0.003939043780184238,-0.010680695318759469
2015-12-18 00:00:00+05:30,213.93,215.33,210.93,211.4,14226303,-0.010680695318759469,0.02936589480436432
2015-12-21 00:00:00+05:30,213.33,218.3,211.37,217.7,8042634,0.02936589480436432,-0.019481135571822426
2015-12-22 00:00:00+05:30,216.7,217.0,213.0,213.5,6092220,-0.019481135571822426,0.0038800506803619576
2015-12-23 00:00:00+05:30,214.67,216.0,213.33,214.33,5272521,0.0038800506803619576,0.006835169474993196
2015-12-24 00:00:00+05:30,215.33,216.5,213.73,215.8,3658226,0.006835169474993196,0.007708857156861771
2015-12-28 00:00:00+05:30,215.13,218.03,214.97,217.47,9082361,0.007708857156861771,-0.004147089161716805
2015-12-29 00:00:00+05:30,217.63,218.67,215.57,216.57,4435326,-0.004147089161716805,0.005204147421322312
2015-12-30 00:00:00+05:30,217.67,218.33,216.17,217.7,4799706,0.005204147421322312,0.0038053366415592995
2015-12-31 00:00:00+05:30,217.0,220.0,215.57,218.53,8033028,0.0038053366415592995,0.0
2015-12-31 09:15:00+05:30,217.0,220.0,215.57,218.53,8033028,0.0,-0.0009156252070357042
2016-01-01 09:15:00+05:30,218.4,219.33,217.1,218.33,1479458,-0.0009156252070357042,-0.0073553404747144805
2016-01-04 09:15:00+05:30,217.0,217.4,214.37,216.73,5906445,-0.0073553404747144805,-0.000738518381131407
2016-01-05 09:15:00+05:30,216.73,217.6,216.03,216.57,5816483,-0.000738518381131407,-0.03047301231159029
2016-01-06 09:15:00+05:30,218.0,218.0,209.7,210.07,15234480,-0.03047301231159029,-0.017624774900181377
2016-01-07 09:15:00+05:30,209.2,209.2,205.77,206.4,11809211,-0.017624774900181377,0.012996572827180137
2016-01-08 09:15:00+05:30,207.47,211.33,206.5,209.1,9840336,0.012996572827180137,0.007622714375555383
2016-01-11 09:15:00+05:30,206.67,211.2,206.5,210.7,6876723,0.007622714375555383,-0.0028517129591886354
2016-01-12 09:15:00+05:30,210.17,211.27,208.33,210.1,6954767,-0.0028517129591886354,0.001902045271481478
2016-01-13 09:15:00+05:30,211.57,213.6,209.77,210.5,6862586,0.001902045271481478,0.004739345363896568
2016-01-14 09:15:00+05:30,209.1,212.5,208.17,211.5,11491224,0.004739345363896568,-0.010599714233754443
2016-01-15 09:15:00+05:30,210.07,211.6,208.2,209.27,7979745,-0.010599714233754443,0.004767134927764871
2016-01-18 09:15:00+05:30,209.27,212.43,208.83,210.27,11830011,0.004767134927764871,-0.004289397483173142
2016-01-19 09:15:00+05:30,210.17,211.67,207.97,209.37,6836111,-0.004289397483173142,-0.01637249458078372
2016-01-20 09:15:00+05:30,206.93,213.33,203.33,205.97,9643707,-0.01637249458078372,-0.008287878953401216
2016-01-21 09:15:00+05:30,207.77,207.77,202.43,204.27,12559260,-0.008287878953401216,0.0076079372079241635
2016-01-22 09:15:00+05:30,206.0,208.5,201.73,205.83,15241478,0.0076079372079241635,0.0021354048395937613
2016-01-25 09:15:00+05:30,203.57,207.9,202.7,206.27,9329444,0.0021354048395937613,0.011376357931279656
2016-01-27 09:15:00+05:30,206.3,209.47,204.63,208.63,8511431,0.011376357931279656,0.01776768831242495
2016-01-28 09:15:00+05:30,208.47,214.57,207.77,212.37,13890530,0.01776768831242495,0.005166271118800411
2016-01-29 09:15:00+05:30,215.23,217.33,211.23,213.47,12496232,0.005166271118800411,0.014094239869536541
2016-02-01 09:15:00+05:30,212.43,216.67,209.9,216.5,7351553,0.014094239869536541,-0.0015254122725831753
2016-02-02 09:15:00+05:30,215.93,217.27,214.3,216.17,7066827,-0.0015254122725831753,-0.007149519776388021
2016-02-03 09:15:00+05:30,214.5,216.17,213.07,214.63,4921793,-0.007149519776388021,-0.0004660266651590665
2016-02-04 09:15:00+05:30,214.93,216.4,214.0,214.53,3186770,-0.0004660266651590665,0.006689920420906876
2016-02-05 09:15:00+05:30,215.33,217.3,214.67,215.97,6504092,0.006689920420906876,-0.027222782110000402
2016-02-08 09:15:00+05:30,216.53,216.6,209.5,210.17,6267885,-0.027222782110000402,-0.009081412188395898
2016-02-09 09:15:00+05:30,208.83,209.17,206.5,208.27,11473299,-0.009081412188395898,-0.010959146061343862
2016-02-10 09:15:00+05:30,208.07,208.63,204.67,206.0,7865657,-0.010959146061343862,-0.034420601658451934
2016-02-11 09:15:00+05:30,207.13,207.13,198.3,199.03,14039940,-0.034420601658451934,0.0052117381811953925
2016-02-12 09:15:00+05:30,199.47,203.43,199.23,200.07,13195535,0.0052117381811953925,0.011924422111100189
2016-02-15 09:15:00+05:30,202.0,204.0,198.93,202.47,12016136,0.011924422111100189,-0.027387998685436295
2016-02-16 09:15:00+05:30,203.0,204.0,195.77,197.0,10581429,-0.027387998685436295,0.014613512768365883
2016-02-17 09:15:00+05:30,197.67,201.2,192.7,199.9,13094396,0.014613512768365883,0.018487380056069078
2016-02-18 09:15:00+05:30,201.0,204.47,200.57,203.63,9389507,0.018487380056069078,-0.002950870188273602
2016-02-19 09:15:00+05:30,203.33,204.07,200.67,203.03,6927288,-0.002950870188273602,-0.015536509867795473
2016-02-22 09:15:00+05:30,201.77,201.77,195.6,199.9,14704284,-0.015536509867795473,-0.020366067639702577
2016-02-23 09:15:00+05:30,198.63,198.63,195.1,195.87,8856930,-0.020366067639702577,-0.02136304153635183
2016-02-24 09:15:00+05:30,195.33,196.93,190.67,191.73,13820903,-0.02136304153635183,-0.00486237331611384
2016-02-25 09:15:00+05:30,189.73,193.53,189.33,190.8,14568018,-0.00486237331611384,0.01647774891601419
2016-02-26 09:15:00+05:30,192.67,194.67,190.1,193.97,12006186,0.01647774891601419,0.01600770622847406
2016-02-29 09:15:00+05:30,193.33,201.1,178.67,197.1,76486230,0.01600770622847406,0.09572520367415427
2016-03-01 09:15:00+05:30,203.33,218.0,203.33,216.9,64902461,0.09572520367415427,-0.018003416970716793
2016-03-02 09:15:00+05:30,218.67,222.6,212.3,213.03,23765316,-0.018003416970716793,-0.004375139291475215
2016-03-03 09:15:00+05:30,215.33,216.67,211.17,212.1,9848283,-0.004375139291475215,-0.00933147476505729
2016-03-04 09:15:00+05:30,213.33,214.5,209.83,210.13,11380187,-0.00933147476505729,0.01591044586309978
2016-03-08 09:15:00+05:30,210.67,216.0,210.67,213.5,12623628,0.01591044586309978,-0.0010778640591778254
2016-03-09 09:15:00+05:30,211.33,213.8,208.47,213.27,20128458,-0.0010778640591778254,-0.011981275400380045
2016-03-10 09:15:00+05:30,213.17,214.53,208.57,210.73,13399833,-0.011981275400380045,0.016332464804526853
2016-03-11 09:15:00+05:30,210.73,214.67,210.0,214.2,11699415,0.016332464804526853,0.011603750528664932
2016-03-14 09:15:00+05:30,215.0,217.33,214.67,216.7,7422849,0.011603750528664932,-0.026655775066246765
2016-03-15 09:15:00+05:30,217.33,217.33,210.0,211.0,15608775,-0.026655775066246765,0.017383571408668863
2016-03-16 09:15:00+05:30,211.03,215.6,210.67,214.7,9367686,0.017383571408668863,0.004971320666558579
2016-03-17 09:15:00+05:30,215.5,216.67,214.33,215.77,12552098,0.004971320666558579,0.003377521891250842
2016-03-18 09:15:00+05:30,216.93,217.87,214.67,216.5,13850510,0.003377521891250842,0.020436398254469055
2016-03-21 09:15:00+05:30,217.83,224.13,217.5,220.97,16159554,0.020436398254469055,-0.02539091490667766
2016-03-22 09:15:00+05:30,219.0,220.53,214.83,215.43,19048382,-0.02539091490667766,0.0034291043796255516
2016-03-23 09:15:00+05:30,216.67,216.73,213.57,216.17,15421409,0.0034291043796255516,-0.0055666516619170105
2016-03-28 09:15:00+05:30,218.0,219.87,213.53,214.97,16439958,-0.0055666516619170105,-0.0076582209445079895
2016-03-29 09:15:00+05:30,214.1,218.03,212.67,213.33,18008063,-0.0076582209445079895,0.022709289927372027
2016-03-30 09:15:00+05:30,213.73,219.5,213.73,218.23,13899990,0.022709289927372027,0.002745620175360257
2016-03-31 09:15:00+05:30,217.2,221.67,216.6,218.83,27471111,0.002745620175360257,0.023484798792569334
2016-04-01 09:15:00+05:30,217.4,224.53,217.0,224.03,14300010,0.023484798792569334,-0.01601834024994843
2016-04-04 09:15:00+05:30,218.0,222.0,217.37,220.47,13682421,-0.01601834024994843,-0.01296525808291387
2016-04-05 09:15:00+05:30,218.73,220.23,216.13,217.63,8631653,-0.01296525808291387,-0.0016555533788259176
2016-04-06 09:15:00+05:30,217.9,219.27,216.67,217.27,6636908,-0.0016555533788259176,-0.019989509027745617
2016-04-07 09:15:00+05:30,218.0,218.0,212.67,212.97,10026689,-0.019989509027745617,0.005431996498721162
2016-04-08 09:15:00+05:30,213.0,214.97,212.67,214.13,4800860,0.005431996498721162,0.018691268185807526
2016-04-11 09:15:00+05:30,214.67,218.87,211.33,218.17,13833053,0.018691268185807526,-0.014962181684748372
2016-04-12 09:15:00+05:30,216.67,217.1,214.0,214.93,5958261,-0.014962181684748372,0.027080781019539812
2016-04-13 09:15:00+05:30,216.67,221.8,216.33,220.83,11937851,0.027080781019539812,0.012465566542219784
2016-04-18 09:15:00+05:30,223.33,225.57,220.7,223.6,14199515,0.012465566542219784,0.00031301004123469536
2016-04-20 09:15:00+05:30,223.57,225.53,221.73,223.67,8999022,0.00031301004123469536,-0.016680577904546842
2016-04-21 09:15:00+05:30,223.73,224.33,218.4,219.97,6944757,-0.016680577904546842,-0.01267258535785165
2016-04-22 09:15:00+05:30,217.3,220.77,216.3,217.2,6273474,-0.01267258535785165,-0.014982769780920857
2016-04-25 09:15:00+05:30,214.2,217.0,213.6,213.97,6089987,-0.014982769780920857,0.019897010272126748
2016-04-26 09:15:00+05:30,208.8,218.9,208.33,218.27,14466173,0.019897010272126748,0.018609832640354422
2016-04-27 09:15:00+05:30,217.37,223.0,217.37,222.37,9318708,0.018609832640354422,-0.03244960698498517
2016-04-28 09:15:00+05:30,220.0,221.33,214.37,215.27,19474997,-0.03244960698498517,0.006297774924844542
2016-04-29 09:15:00+05:30,215.43,217.4,213.4,216.63,10331436,0.006297774924844542,-0.011747633535562857
2016-05-02 09:15:00+05:30,215.5,216.0,212.93,214.1,3262547,-0.011747633535562857,-0.016007874785493776
2016-05-03 09:15:00+05:30,214.4,215.63,209.33,210.7,10711707,-0.016007874785493776,-0.01083206735656396
2016-05-04 09:15:00+05:30,210.0,213.0,206.77,208.43,6165228,-0.01083206735656396,0.015897526621911226
2016-05-05 09:15:00+05:30,208.0,213.53,207.73,211.77,6332543,0.015897526621911226,0.0001416530918156118
2016-05-06 09:15:00+05:30,208.63,212.93,204.0,211.8,15583725,0.0001416530918156118,0.02208667280489231
2016-05-09 09:15:00+05:30,213.33,217.27,213.0,216.53,8528999,0.02208667280489231,-0.0039796443083085125
2016-05-10 09:15:00+05:30,216.67,217.33,214.47,215.67,8246721,-0.0039796443083085125,-0.017163186991877355
2016-05-11 09:15:00+05:30,213.33,214.5,210.73,212.0,10740996,-0.017163186991877355,0.0006130196122467339
2016-05-12 09:15:00+05:30,212.7,214.07,210.07,212.13,5568479,0.0006130196122467339,0.00362327761517476
2016-05-13 09:15:00+05:30,212.0,214.47,210.1,212.9,9440912,0.00362327761517476,0.030985137735941675
2016-05-16 09:15:00+05:30,212.2,220.0,211.4,219.6,12970170,0.030985137735941675,0.00331871284072192
2016-05-17 09:15:00+05:30,220.0,222.3,219.13,220.33,11982807,0.00331871284072192,0.006649652440169205
2016-05-18 09:15:00+05:30,218.4,223.2,217.2,221.8,7615394,0.006649652440169205,-0.023862254097087393
2016-05-19 09:15:00+05:30,222.67,222.67,215.0,216.57,8587776,-0.023862254097087393,0.016758633971620366
2016-05-20 09:15:00+05:30,217.83,225.8,216.53,220.23,20264129,0.016758633971620366,0.048740431375076616
2016-05-23 09:15:00+05:30,233.1,236.33,226.33,231.23,52818605,0.048740431375076616,0.003453787485399269
2016-05-24 09:15:00+05:30,232.0,234.53,231.1,232.03,15668553,0.003453787485399269,0.022753431541585063
2016-05-25 09:15:00+05:30,233.6,238.3,233.23,237.37,9955493,0.022753431541585063,0.017787525344502144
2016-05-26 09:15:00+05:30,237.33,242.67,235.73,241.63,12589418,0.017787525344502144,-0.00872896057055774
2016-05-27 09:15:00+05:30,241.97,242.6,237.47,239.53,10520235,-0.00872896057055774,-0.007795513073529774
2016-05-30 09:15:00+05:30,235.6,239.0,235.2,237.67,7362554,-0.007795513073529774,-0.015433844624943729
2016-05-31 09:15:00+05:30,237.33,239.63,232.83,234.03,14496537,-0.015433844624943729,0.029057122600149195
2016-06-01 09:15:00+05:30,235.33,241.47,235.33,240.93,11949324,0.029057122600149195,-0.009424590193028099
2016-06-02 09:15:00+05:30,239.9,240.33,235.47,238.67,13199892,-0.009424590193028099,-0.011546693816830406
2016-06-03 09:15:00+05:30,239.9,239.9,235.03,235.93,7107488,-0.011546693816830406,0.004820305316518976
2016-06-06 09:15:00+05:30,235.8,237.97,234.23,237.07,7409499,0.004820305316518976,0.01987954378847835
2016-06-07 09:15:00+05:30,238.0,242.5,238.0,241.83,10599804,0.01987954378847835,0.00016539177213624752
2016-06-08 09:15:00+05:30,242.67,243.33,240.47,241.87,7329513,0.00016539177213624752,-0.024272020520753924
2016-06-09 09:15:00+05:30,241.73,241.97,235.07,236.07,11617670,-0.024272020520753924,-0.009662322177033536
2016-06-10 09:15:00+05:30,235.37,239.1,233.37,233.8,10749395,-0.009662322177033536,-0.002269468077503346
2016-06-13 09:15:00+05:30,232.4,235.7,230.43,233.27,11732891,-0.002269468077503346,0.009641712917809199
2016-06-14 09:15:00+05:30,233.93,236.0,231.87,235.53,7558314,0.009641712917809199,0.017549847562064718
2016-06-15 09:15:00+05:30,236.0,240.0,235.83,239.7,9523287,0.017549847562064718,-0.013017189896052245
2016-06-16 09:15:00+05:30,239.6,239.6,234.07,236.6,8721843,-0.013017189896052245,0.013851218301362572
2016-06-17 09:15:00+05:30,236.9,240.47,236.9,239.9,8980355,0.013851218301362572,-0.005014636500864494
2016-06-20 09:15:00+05:30,240.33,240.67,236.73,238.7,8686214,-0.005014636500864494,0.0012560185867263815
2016-06-21 09:15:00+05:30,238.33,239.8,237.0,239.0,6657389,0.0012560185867263815,-0.010642201939943053
2016-06-22 09:15:00+05:30,237.3,239.43,235.03,236.47,8912036,-0.010642201939943053,0.015525655934103886
2016-06-23 09:15:00+05:30,236.67,241.0,236.67,240.17,8657765,0.015525655934103886,-0.01721863471066995
2016-06-24 09:15:00+05:30,235.03,240.07,233.47,236.07,12047384,-0.01721863471066995,0.01358962369932605
2016-06-27 09:15:00+05:30,236.07,240.93,236.07,239.3,10245026,0.01358962369932605,0.026271177035878925
2016-06-28 09:15:00+05:30,240.0,246.1,239.3,245.67,15696560,0.026271177035878925,-0.006001610273602269
2016-06-29 09:15:00+05:30,246.63,246.63,242.67,244.2,11554817,-0.006001610273602269,0.005716634596383195
2016-06-30 09:15:00+05:30,245.33,247.8,244.1,245.6,20901951,0.005716634596383195,0.027112816513284083
2016-07-01 09:15:00+05:30,243.3,259.75,242.6,252.35,27944232,0.027112816513284083,-0.029967048828149285
2016-07-04 09:15:00+05:30,254.0,254.0,244.0,244.9,13996866,-0.029967048828149285,-0.00552770370557039
2016-07-05 09:15:00+05:30,245.85,247.0,242.2,243.55,8989659,-0.00552770370557039,0.01406607637542556
2016-07-07 09:15:00+05:30,244.5,248.65,243.9,247.0,8960871,0.01406607637542556,-0.004666742770028784
2016-07-08 09:15:00+05:30,247.4,247.4,242.5,245.85,6899736,-0.004666742770028784,0.013333530869465168
2016-07-11 09:15:00+05:30,248.3,251.6,246.75,249.15,7268008,0.013333530869465168,-0.0030147746680899068
2016-07-12 09:15:00+05:30,250.95,251.95,247.0,248.4,4143359,-0.0030147746680899068,-0.005247237064759334
2016-07-13 09:15:00+05:30,248.45,249.2,246.0,247.1,4343149,-0.005247237064759334,0.006454237814794613
2016-07-14 09:15:00+05:30,247.0,251.0,245.1,248.7,6091985,0.006454237814794613,0.000602954495204124
2016-07-15 09:15:00+05:30,249.0,252.55,247.55,248.85,9345945,0.000602954495204124,0.00020090406898323477
2016-07-18 09:15:00+05:30,249.05,249.95,247.6,248.9,6825393,0.00020090406898323477,0.0006024701457460999
2016-07-19 09:15:00+05:30,249.0,250.0,245.6,249.05,6721210,0.0006024701457460999,0.00480673867603758
2016-07-20 09:15:00+05:30,249.05,252.0,247.95,250.25,9312596,0.00480673867603758,0.0013976242666379351
2016-07-21 09:15:00+05:30,253.0,253.5,246.5,250.6,11716926,0.0013976242666379351,-0.0029973046717539356
2016-07-22 09:15:00+05:30,253.15,256.2,247.15,249.85,15780372,-0.0029973046717539356,0.007575793808457723
2016-07-25 09:15:00+05:30,249.5,252.0,249.0,251.75,8870687,0.007575793808457723,0.0
2016-07-26 09:15:00+05:30,251.65,253.55,250.5,251.75,6817790,0.0,-0.017430071640284105
2016-07-27 09:15:00+05:30,251.0,253.7,246.3,247.4,8898401,-0.017430071640284105,0.027508212469686537
2016-07-28 09:15:00+05:30,249.4,255.4,248.25,254.3,11350187,0.027508212469686537,-0.007301463123149364
2016-07-29 09:15:00+05:30,254.2,256.5,251.4,252.45,12129756,-0.007301463123149364,-0.007355166842956725
2016-08-01 09:15:00+05:30,252.0,255.2,249.55,250.6,9557988,-0.007355166842956725,0.03989578759053009
2016-08-02 09:15:00+05:30,251.0,262.0,251.0,260.8,16779344,0.03989578759053009,-0.031550815658349475
2016-08-03 09:15:00+05:30,260.0,260.0,251.25,252.7,10985767,-0.031550815658349475,-0.0023771802002743297
2016-08-04 09:15:00+05:30,254.0,254.85,250.2,252.1,8661776,-0.0023771802002743297,0.0017834147201875653
2016-08-05 09:15:00+05:30,252.15,256.5,251.1,252.55,4365077,0.0017834147201875653,-0.010348351054482296
2016-08-08 09:15:00+05:30,253.0,254.75,249.5,249.95,8415212,-0.010348351054482296,-0.009244438825332633
2016-08-09 09:15:00+05:30,250.0,250.0,246.1,247.65,9358418,-0.009244438825332633,-0.004654465551501929
2016-08-10 09:15:00+05:30,248.0,248.4,245.8,246.5,5255295,-0.004654465551501929,0.02067723973962425
2016-08-11 09:15:00+05:30,247.0,252.8,246.55,251.65,10744356,0.02067723973962425,0.009688657103749339
2016-08-12 09:15:00+05:30,250.55,255.5,250.3,254.1,8284563,0.009688657103749339,0.003927734821647318
2016-08-16 09:15:00+05:30,254.25,258.0,253.45,255.1,10293289,0.003927734821647318,-0.0055031585425294885
2016-08-17 09:15:00+05:30,254.55,256.75,252.2,253.7,8328306,-0.0055031585425294885,-0.006128318082501829
2016-08-18 09:15:00+05:30,254.4,255.4,251.5,252.15,6682090,-0.006128318082501829,-0.004770432421791738
2016-08-19 09:15:00+05:30,252.0,252.4,249.75,250.95,5326232,-0.004770432421791738,0.012474174225175818
2016-08-22 09:15:00+05:30,251.65,254.75,251.5,254.1,4184797,0.012474174225175818,-0.010682594169971285
2016-08-23 09:15:00+05:30,254.4,255.0,250.3,251.4,6446460,-0.010682594169971285,-0.004584877960817149
2016-08-24 09:15:00+05:30,251.2,252.0,249.1,250.25,5382879,-0.004584877960817149,0.012706146723028455
2016-08-25 09:15:00+05:30,252.1,255.0,250.25,253.45,9518272,0.012706146723028455,0.0013799903619291132
2016-08-26 09:15:00+05:30,253.35,254.9,252.05,253.8,4753304,0.0013799903619291132,-0.0039478930075849345
2016-08-29 09:15:00+05:30,253.0,253.95,251.05,252.8,4272618,-0.0039478930075849345,0.017644057014996165
2016-08-30 09:15:00+05:30,253.7,257.9,253.05,257.3,7692800,0.017644057014996165,0.010631200931382975
2016-08-31 09:15:00+05:30,258.3,261.5,256.4,260.05,12773632,0.010631200931382975,0.0036464871036119154
2016-09-01 09:15:00+05:30,261.0,263.0,259.1,261.0,8373128,0.0036464871036119154,0.007253324413142046
2016-09-02 09:15:00+05:30,262.0,263.7,260.25,262.9,9154358,0.007253324413142046,-0.0011417698671395914
2016-09-06 09:15:00+05:30,263.0,265.9,261.1,262.6,9166823,-0.0011417698671395914,0.0007613247417596009
2016-09-07 09:15:00+05:30,264.0,264.95,262.0,262.8,6409700,0.0007613247417596009,0.007959109667568423
2016-09-08 09:15:00+05:30,263.5,265.55,262.7,264.9,8324999,0.007959109667568423,-0.0252306961762291
2016-09-09 09:15:00+05:30,263.0,264.45,257.05,258.3,9755948,-0.0252306961762291,-0.02370104086807646
2016-09-12 09:15:00+05:30,255.95,256.7,251.75,252.25,7344276,-0.02370104086807646,-0.0015869870420588087
2016-09-14 09:15:00+05:30,251.0,253.1,249.55,251.85,12537688,-0.0015869870420588087,0.01595307097408369
2016-09-15 09:15:00+05:30,252.5,257.9,252.5,255.9,7778214,0.01595307097408369,0.017240136443165067
2016-09-16 09:15:00+05:30,256.0,262.2,255.4,260.35,14038158,0.017240136443165067,-0.005778136260997757
2016-09-19 09:15:00+05:30,261.5,262.6,258.25,258.85,6474978,-0.005778136260997757,-0.0073672299096719344
2016-09-20 09:15:00+05:30,259.2,259.25,255.25,256.95,6686674,-0.0073672299096719344,-0.012926149425539568
2016-09-21 09:15:00+05:30,256.7,258.8,253.0,253.65,8800312,-0.012926149425539568,0.0062880930320759676
2016-09-22 09:15:00+05:30,255.45,257.2,253.75,255.25,7692200,0.0062880930320759676,-0.0070768921264166475
2016-09-23 09:15:00+05:30,255.0,257.0,251.8,253.45,4952284,-0.0070768921264166475,-0.021536226171300403
2016-09-26 09:15:00+05:30,253.0,253.25,247.5,248.05,9687011,-0.021536226171300403,-0.008908744889109555
2016-09-27 09:15:00+05:30,248.65,249.25,245.0,245.85,6644898,-0.008908744889109555,0.004464293128685528
2016-09-28 09:15:00+05:30,246.3,249.4,245.5,246.95,7362899,0.004464293128685528,-0.005074607459500464
2016-09-29 09:15:00+05:30,248.1,249.3,241.0,245.7,17433461,-0.005074607459500464,-0.01786311742063146
2016-09-30 09:15:00+05:30,245.65,246.95,240.5,241.35,9545123,-0.01786311742063146,0.003928465715978163
2016-10-03 09:15:00+05:30,244.2,244.2,241.55,242.3,6465942,0.003928465715978163,-0.0045501629694497505
2016-10-04 09:15:00+05:30,243.0,243.95,240.35,241.2,7705953,-0.0045501629694497505,-0.004154555207147248
2016-10-05 09:15:00+05:30,241.8,243.25,239.2,240.2,6230512,-0.004154555207147248,-0.011725427470315476
2016-10-06 09:15:00+05:30,242.0,242.0,235.65,237.4,8652862,-0.011725427470315476,0.00650784284859959
2016-10-07 09:15:00+05:30,237.9,240.25,236.75,238.95,4010140,0.00650784284859959,0.00480117820304029
2016-10-10 09:15:00+05:30,242.0,242.6,239.55,240.1,5046890,0.00480117820304029,-0.004801178203040365
2016-10-13 09:15:00+05:30,240.1,241.45,236.95,238.95,10678038,-0.004801178203040365,0.003967844821481782
2016-10-14 09:15:00+05:30,239.0,240.5,238.05,239.9,9223856,0.003967844821481782,0.0029136336949295576
2016-10-17 09:15:00+05:30,239.9,241.75,238.5,240.6,6143393,0.0029136336949295576,0.02199245970077022
2016-10-18 09:15:00+05:30,241.0,246.55,240.3,245.95,11780776,0.02199245970077022,-0.026783636452730502
2016-10-19 09:15:00+05:30,245.65,245.65,238.4,239.45,8410637,-0.026783636452730502,-0.0004177109501003637
2016-10-20 09:15:00+05:30,241.0,241.35,238.1,239.35,4402661,-0.0004177109501003637,0.0033368122723154655
2016-10-21 09:15:00+05:30,239.0,241.15,238.75,240.15,10592011,0.0033368122723154655,0.004984433995668557
2016-10-24 09:15:00+05:30,241.0,242.0,239.7,241.35,9575846,0.004984433995668557,-0.010831182745662239
2016-10-25 09:15:00+05:30,242.9,242.9,238.15,238.75,5948249,-0.010831182745662239,0.0
2016-10-26 09:15:00+05:30,239.85,242.5,233.5,238.75,23931286,0.0,0.01805590196123813
2016-10-27 09:15:00+05:30,241.2,244.8,239.65,243.1,15352545,0.01805590196123813,0.0
2016-10-28 09:15:00+05:30,244.3,244.3,239.5,243.1,9315645,0.0,-0.013042313017823184
2016-11-01 09:15:00+05:30,242.8,242.8,239.15,239.95,5517915,-0.013042313017823184,-0.011105404862536559
2016-11-02 09:15:00+05:30,237.0,238.95,235.1,237.3,4687370,-0.011105404862536559,0.012562979300705398
2016-11-03 09:15:00+05:30,237.05,242.3,236.0,240.3,8868972,0.012562979300705398,0.035765536776869215
2016-11-04 09:15:00+05:30,251.5,256.4,247.05,249.05,35263032,0.035765536776869215,0.02947498509153181
2016-11-07 09:15:00+05:30,253.8,259.65,247.0,256.5,24268097,0.02947498509153181,-0.003514942107444497
2016-11-08 09:15:00+05:30,256.5,257.4,252.2,255.6,9935323,-0.003514942107444497,-0.029580320469929932
2016-11-09 09:15:00+05:30,239.15,255.0,238.55,248.15,23027306,-0.029580320469929932,0.011618720447264613
2016-11-10 09:15:00+05:30,252.85,253.0,245.55,251.05,11567186,0.011618720447264613,-0.03279646162880264
2016-11-11 09:15:00+05:30,248.0,248.95,241.0,242.95,12741988,-0.03279646162880264,-0.022688037377216086
2016-11-15 09:15:00+05:30,241.95,246.9,235.8,237.5,21196400,-0.022688037377216086,-0.028182907114246175
2016-11-16 09:15:00+05:30,237.95,239.1,228.05,230.9,30665889,-0.028182907114246175,0.0025951571658390645
2016-11-17 09:15:00+05:30,228.45,234.0,228.4,231.5,9283059,0.0025951571658390645,-0.01589235581639725
2016-11-18 09:15:00+05:30,230.0,231.4,227.1,227.85,8257422,-0.01589235581639725,-0.0161490070718321
2016-11-21 09:15:00+05:30,228.2,228.6,223.6,224.2,7585897,-0.0161490070718321,0.008438868645864604
2016-11-22 09:15:00+05:30,225.0,228.1,223.5,226.1,9215388,0.008438868645864604,-0.0064337437677552
2016-11-23 09:15:00+05:30,227.25,227.8,223.5,224.65,10322937,-0.0064337437677552,-0.005132221462545426
2016-11-24 09:15:00+05:30,225.0,225.25,222.1,223.5,18004034,-0.005132221462545426,0.0234368454520194
2016-11-25 09:15:00+05:30,224.5,230.45,223.05,228.8,7597501,0.0234368454520194,0.021189982039169265
2016-11-28 09:15:00+05:30,228.4,234.2,227.3,233.7,9120749,0.021189982039169265,-0.01140410422853673
2016-11-29 09:15:00+05:30,233.05,235.65,230.25,231.05,8613611,-0.01140410422853673,0.006256087711135472
2016-11-30 09:15:00+05:30,232.0,234.4,229.15,232.5,11081186,0.006256087711135472,0.004291852081541084
2016-12-01 09:15:00+05:30,232.8,235.0,231.05,233.5,5160029,0.004291852081541084,-0.021645866774692664
2016-12-02 09:15:00+05:30,233.0,233.0,228.0,228.5,8371200,-0.021645866774692664,0.017569045335846717
2016-12-05 09:15:00+05:30,228.9,233.2,227.45,232.55,5123051,0.017569045335846717,-0.010156759382323887
2016-12-06 09:15:00+05:30,233.0,233.0,229.15,230.2,4911337,-0.010156759382323887,-0.013117809440786
2016-12-07 09:15:00+05:30,231.5,231.5,226.5,227.2,8107530,-0.013117809440786,0.026494492180388195
2016-12-08 09:15:00+05:30,229.05,235.3,228.3,233.3,7365288,0.026494492180388195,0.012142017314741727
2016-12-09 09:15:00+05:30,234.05,239.6,232.55,236.15,8328221,0.012142017314741727,-0.01643755656576262
2016-12-12 09:15:00+05:30,234.2,234.7,231.95,232.3,3038619,-0.01643755656576262,0.014318013593376295
2016-12-13 09:15:00+05:30,234.8,236.9,232.2,235.65,7440621,0.014318013593376295,-0.010665630115409951
2016-12-14 09:15:00+05:30,236.0,236.5,232.0,233.15,6313305,-0.010665630115409951,-0.014907913559277407
2016-12-15 09:15:00+05:30,232.0,234.4,228.5,229.7,5332924,-0.014907913559277407,-0.01469163581308493
2016-12-16 09:15:00+05:30,230.8,230.8,226.0,226.35,12925203,-0.01469163581308493,0.0028675435994351527
2016-12-19 09:15:00+05:30,225.35,229.0,225.35,227.0,5455325,0.0028675435994351527,0.012911876504530172
2016-12-20 09:15:00+05:30,228.5,230.8,227.5,229.95,5917510,0.012911876504530172,-0.016000341346441075
2016-12-21 09:15:00+05:30,229.0,229.8,225.5,226.3,12883058,-0.016000341346441075,0.0055084418231593196
2016-12-22 09:15:00+05:30,225.25,228.4,224.25,227.55,6420828,0.0055084418231593196,-0.012603815271367603
2016-12-23 09:15:00+05:30,227.5,227.5,223.8,224.7,10763084,-0.012603815271367603,0.0013342230131366622
2016-12-26 09:15:00+05:30,224.9,225.85,222.0,225.0,8735299,0.0013342230131366622,0.039434365541659605
2016-12-27 09:15:00+05:30,226.0,234.9,224.35,234.05,15605810,0.039434365541659605,0.005963808943483836
2016-12-28 09:15:00+05:30,232.7,236.4,232.7,235.45,14166131,0.005963808943483836,0.0023332283360464378
2016-12-29 09:15:00+05:30,235.3,237.0,232.3,236.0,14052730,0.0023332283360464378,0.023658593265483085
2016-12-30 09:15:00+05:30,237.45,242.4,236.3,241.65,10420088,0.023658593265483085,-0.0029009552047513615
2017-01-02 09:15:00+05:30,242.0,242.25,238.6,240.95,4887504,-0.0029009552047513615,0.009911293193121578
2017-01-03 09:15:00+05:30,240.9,245.7,239.25,243.35,7508925,0.009911293193121578,0.00859252422459818
2017-01-04 09:15:00+05:30,242.85,247.0,240.1,245.45,9310104,0.00859252422459818,0.005282417809529402
2017-01-05 09:15:00+05:30,244.5,247.85,244.1,246.75,9178665,0.005282417809529402,-0.016549565581035274
2017-01-06 09:15:00+05:30,247.0,249.0,242.2,242.7,8093288,-0.016549565581035274,0.012895481125392636
2017-01-09 09:15:00+05:30,242.85,246.6,242.1,245.85,4854672,0.012895481125392636,0.012530479230243419
2017-01-10 09:15:00+05:30,246.0,249.85,245.7,248.95,11977335,0.012530479230243419,-0.005639491280759555
2017-01-11 09:56:00+05:30,249.8,250.5,246.6,247.55,7637281,-0.005639491280759555,-0.011783964072299535
2017-01-12 09:15:00+05:30,247.7,247.7,244.15,244.65,5601066,-0.011783964072299535,0.020231319211485743
2017-01-13 09:15:00+05:30,246.0,251.0,242.5,249.65,4384819,0.020231319211485743,-0.003410576081593894
2017-01-16 09:15:00+05:30,249.25,250.85,247.1,248.8,4635410,-0.003410576081593894,0.012581294261582663
2017-01-17 09:15:00+05:30,248.8,252.3,248.8,251.95,4811618,0.012581294261582663,-0.0043755041963450736
2017-01-18 09:15:00+05:30,251.6,254.3,249.8,250.85,7254738,-0.0043755041963450736,0.013069492962649613
2017-01-19 09:15:00+05:30,249.75,254.75,249.55,254.15,9184429,0.013069492962649613,0.004906299705527309
2017-01-20 09:15:00+05:30,254.25,256.3,253.7,255.4,10843902,0.004906299705527309,0.016503626691888897
2017-01-23 09:15:00+05:30,255.1,260.15,255.05,259.65,10690194,0.016503626691888897,0.0007699711641230783
2017-01-24 09:15:00+05:30,259.6,260.75,257.35,259.85,8031785,0.0007699711641230783,0.021510299227542617
2017-01-25 09:15:00+05:30,259.95,266.4,259.6,265.5,17451497,0.021510299227542617,-0.030983545519967313
2017-01-27 09:15:00+05:30,263.5,266.95,256.1,257.4,24497031,-0.030983545519967313,-0.005063301956546539
2017-01-30 09:15:00+05:30,258.4,261.0,255.5,256.1,8910592,-0.005063301956546539,0.007779113519088714
2017-01-31 09:15:00+05:30,256.2,259.95,254.6,258.1,9995686,0.007779113519088714,0.04396312342111599
2017-02-01 09:15:00+05:30,260.0,270.1,258.5,269.7,33840797,0.04396312342111599,0.016912167797873277
2017-02-02 09:15:00+05:30,271.0,279.9,269.5,274.3,29722686,0.016912167797873277,-0.00456746934539481
2017-02-03 09:15:00+05:30,274.0,275.5,270.5,273.05,9009906,-0.00456746934539481,0.013640295145351783
2017-02-06 09:15:00+05:30,274.9,279.0,274.1,276.8,8221552,0.013640295145351783,0.0010832281254183644
2017-02-07 09:15:00+05:30,278.6,292.15,275.6,277.1,24315156,0.0010832281254183644,-0.008334891520738486
2017-02-08 09:15:00+05:30,275.5,279.0,272.0,274.8,10702679,-0.008334891520738486,0.010317767339421911
2017-02-09 09:15:00+05:30,276.0,278.4,272.65,277.65,4882374,0.010317767339421911,-0.015608302346607778
2017-02-10 09:15:00+05:30,278.7,279.1,271.55,273.35,7680000,-0.015608302346607778,-0.010111309604320566
2017-02-13 09:15:00+05:30,275.4,276.35,268.6,270.6,8967548,-0.010111309604320566,0.0007388253014322572
2017-02-14 09:15:00+05:30,270.0,273.5,269.15,270.8,6655626,0.0007388253014322572,0.009555383251729154
2017-02-15 09:15:00+05:30,271.2,275.5,271.2,273.4,7537315,0.009555383251729154,-0.02499898724323799
2017-02-16 09:15:00+05:30,270.05,271.5,265.7,266.65,10575410,-0.02499898724323799,0.005609588382322919
2017-02-17 09:15:00+05:30,267.35,268.9,264.0,268.15,9341064,0.005609588382322919,-0.007862264386555769
2017-02-20 09:15:00+05:30,266.0,267.45,265.55,266.05,5714329,-0.007862264386555769,-0.010960049242590506
2017-02-21 09:15:00+05:30,266.0,266.25,260.8,263.15,9871075,-0.010960049242590506,0.0011393848555069405
2017-02-22 09:15:00+05:30,264.4,266.25,261.65,263.45,8488101,0.0011393848555069405,0.008316056241657386
2017-02-23 09:15:00+05:30,264.0,268.2,261.6,265.65,12361234,0.008316056241657386,-0.003960401216096794
2017-02-27 09:15:00+05:30,265.55,266.0,257.85,264.6,5075088,-0.003960401216096794,-0.009111680351256002
2017-02-28 09:15:00+05:30,263.0,264.6,260.9,262.2,8240790,-0.009111680351256002,0.023743342619319888
2017-03-01 09:15:00+05:30,262.4,269.7,262.4,268.5,14578413,0.023743342619319888,-0.014064929467403552
2017-03-02 09:15:00+05:30,268.5,270.25,263.5,264.75,10066049,-0.014064929467403552,-0.01216051466489577
2017-03-03 09:15:00+05:30,262.0,263.4,258.15,261.55,9987225,-0.01216051466489577,0.009702349486466482
2017-03-06 09:15:00+05:30,262.7,265.05,261.55,264.1,9559221,0.009702349486466482,0.00056780544726049
2017-03-07 09:15:00+05:30,264.3,265.0,261.15,264.25,6917130,0.00056780544726049,-0.0003785011400222555
2017-03-08 09:15:00+05:30,264.45,265.5,263.5,264.15,5771334,-0.0003785011400222555,0.0030240053284464
2017-03-09 09:15:00+05:30,266.1,266.3,262.3,264.95,9481938,0.0030240053284464,-0.005677532283476262
2017-03-10 09:15:00+05:30,264.95,265.05,262.65,263.45,5662302,-0.005677532283476262,0.013759523460620449
2017-03-14 09:15:00+05:30,266.2,271.65,265.2,267.1,17821655,0.013759523460620449,0.004109850731662854
2017-03-15 09:15:00+05:30,265.2,270.7,265.2,268.2,13938663,0.004109850731662854,0.0009317060210002893
2017-03-16 09:15:00+05:30,270.25,271.25,267.5,268.45,8685534,0.0009317060210002893,0.04657927665005134
2017-03-17 09:15:00+05:30,276.8,288.9,276.8,281.25,52012274,0.04657927665005134,0.0023084446014367973
2017-03-20 09:15:00+05:30,282.9,284.2,277.8,281.9,15897260,0.0023084446014367973,0.021060799498063266
2017-03-21 09:15:00+05:30,283.2,288.6,283.0,287.9,13225065,0.021060799498063266,-0.028359452280761425
2017-03-22 09:15:00+05:30,285.0,287.85,278.6,279.85,12397015,-0.028359452280761425,-0.008072516704719196
2017-03-23 09:15:00+05:30,277.5,282.5,275.1,277.6,16897153,-0.008072516704719196,0.012173440701096267
2017-03-24 09:15:00+05:30,278.85,283.0,278.75,281.0,7123953,0.012173440701096267,0.0021329549501415855
2017-03-27 09:15:00+05:30,280.45,282.9,276.3,281.6,12154973,0.0021329549501415855,-0.0039138993211364406
2017-03-28 09:15:00+05:30,281.6,282.2,280.05,280.5,6289874,-0.0039138993211364406,0.009579636856813595
2017-03-29 09:15:00+05:30,280.2,283.7,280.2,283.2,8500724,0.009579636856813595,-0.0015902468233348279
2017-03-30 09:15:00+05:30,284.0,284.65,280.05,282.75,14394053,-0.0015902468233348279,-0.008702656825487175
2017-03-31 09:15:00+05:30,281.0,283.0,278.75,280.3,9561098,-0.008702656825487175,0.004449593529885031
2017-04-03 09:15:00+05:30,282.8,283.6,278.65,281.55,7228785,0.004449593529885031,-0.009277497409090278
2017-04-05 09:15:00+05:30,283.2,283.5,277.7,278.95,10288783,-0.009277497409090278,-0.017539550982797168
2017-04-06 09:15:00+05:30,278.2,279.15,273.2,274.1,15641571,-0.017539550982797168,-0.005304081936669652
2017-04-07 09:15:00+05:30,273.0,274.15,270.9,272.65,9128592,-0.005304081936669652,0.003295499137764583
2017-04-10 09:15:00+05:30,275.0,275.0,272.1,273.55,5476450,0.003295499137764583,0.030599939676150132
2017-04-11 09:15:00+05:30,273.1,282.6,271.8,282.05,10934606,0.030599939676150132,-0.0005319620659183599
2017-04-12 09:15:00+05:30,281.7,284.8,279.55,281.9,7229006,-0.0005319620659183599,-0.009803126363697364
2017-04-13 09:15:00+05:30,281.9,282.0,277.5,279.15,3934247,-0.009803126363697364,-0.00017913121409282503
2017-04-17 09:15:00+05:30,276.55,282.5,275.55,279.1,4831017,-0.00017913121409282503,-0.00017916330783396812
2017-04-18 09:15:00+05:30,280.2,284.0,278.1,279.05,4330981,-0.00017916330783396812,-0.0012550427465401015
2017-04-19 09:15:00+05:30,281.15,281.5,277.85,278.7,4952956,-0.0012550427465401015,0.002866358107251415
2017-04-20 09:15:00+05:30,279.7,281.5,278.35,279.5,4237611,0.002866358107251415,-0.018597629090169387
2017-04-21 09:15:00+05:30,282.0,282.0,272.7,274.35,8706432,-0.018597629090169387,0.008709908083761686
2017-04-24 09:15:00+05:30,276.4,277.55,271.15,276.75,7118774,0.008709908083761686,0.016307143907065003
2017-04-25 09:15:00+05:30,278.0,282.0,273.9,281.3,12721177,0.016307143907065003,0.033557850005344725
2017-04-26 09:15:00+05:30,283.3,292.9,282.0,290.9,18942043,0.033557850005344725,-0.017687300005388828
2017-04-27 09:15:00+05:30,291.4,291.9,284.5,285.8,13553616,-0.017687300005388828,-0.027671151805129954
2017-04-28 09:15:00+05:30,285.8,286.5,277.35,278.0,12374841,-0.027671151805129954,0.00430725719758027
2017-05-02 09:15:00+05:30,280.5,281.3,276.5,279.2,7028028,0.00430725719758027,-0.007008744657740908
2017-05-03 09:15:00+05:30,279.5,279.5,275.5,277.25,6039290,-0.007008744657740908,0.014146533706033332
2017-05-04 09:15:00+05:30,277.9,282.2,276.15,281.2,7771540,0.014146533706033332,-0.014507284070696172
2017-05-05 09:15:00+05:30,280.95,280.95,276.4,277.15,4036786,-0.014507284070696172,-0.015270247638047036
2017-05-08 09:15:00+05:30,277.55,278.5,272.55,272.95,10629552,-0.015270247638047036,-0.005326488853776403
2017-05-09 09:15:00+05:30,273.5,276.65,271.0,271.5,6748832,-0.005326488853776403,0.008983468610434505
2017-05-10 09:15:00+05:30,272.2,275.7,272.0,273.95,4578228,0.008983468610434505,0.009807561359694064
2017-05-11 09:15:00+05:30,275.5,279.15,274.0,276.65,9415397,0.009807561359694064,-0.0061639063902949815
2017-05-12 09:15:00+05:30,277.3,277.3,274.05,274.95,4499390,-0.0061639063902949815,0.01085197844565485
2017-05-15 09:15:00+05:30,275.9,278.9,275.5,277.95,5462855,0.01085197844565485,0.019594499370834316
2017-05-16 09:15:00+05:30,278.5,284.3,278.0,283.45,11204308,0.019594499370834316,-0.006370575429589803
2017-05-17 09:15:00+05:30,284.1,284.4,279.25,281.65,8297700,-0.006370575429589803,-0.013403828592264891
2017-05-18 09:15:00+05:30,278.0,281.05,277.05,277.9,7924261,-0.013403828592264891,0.029429530373892607
2017-05-19 09:15:00+05:30,282.25,295.65,281.95,286.2,35724128,0.029429530373892607,0.059020178399124386
2017-05-22 09:15:00+05:30,292.45,304.8,291.3,303.6,35939315,0.059020178399124386,-0.011428695823622857
2017-05-23 09:15:00+05:30,301.9,303.9,298.25,300.15,19784738,-0.011428695823622857,-0.0008332639428886569
2017-05-24 09:15:00+05:30,300.0,301.95,297.9,299.9,9457848,-0.0008332639428886569,0.0005000416805585497
2017-05-25 09:15:00+05:30,300.0,304.7,295.35,300.05,22769975,0.0005000416805585497,0.02971572170254871
2017-05-26 09:15:00+05:30,302.0,313.8,299.55,309.1,21742467,0.02971572170254871,0.021602568206638837
2017-05-29 09:15:00+05:30,304.0,319.85,303.5,315.85,19665146,0.021602568206638837,-0.014028605644554987
2017-05-30 09:15:00+05:30,312.9,315.2,310.05,311.45,8547146,-0.014028605644554987,0.0011231449235217864
2017-05-31 09:15:00+05:30,311.45,313.4,307.0,311.8,12308066,0.0011231449235217864,0.007667769197844596
2017-06-01 09:15:00+05:30,312.0,316.75,310.8,314.2,8253042,0.007667769197844596,0.015788139754133027
2017-06-02 09:15:00+05:30,316.1,319.9,315.2,319.2,11073749,0.015788139754133027,-0.005497539959194831
2017-06-05 09:15:00+05:30,315.0,318.25,313.3,317.45,9482413,-0.005497539959194831,-0.02036665465543006
2017-06-06 09:15:00+05:30,317.5,319.0,309.3,311.05,9841205,-0.02036665465543006,0.003850478044658244
2017-06-07 09:15:00+05:30,311.3,314.75,310.35,312.25,11534375,0.003850478044658244,-0.0020838350090937705
2017-06-08 09:15:00+05:30,313.0,313.25,309.4,311.6,7781415,-0.0020838350090937705,-0.018135212044212506
2017-06-09 09:15:00+05:30,310.75,312.6,304.7,306.0,10065468,-0.018135212044212506,-0.005242475964850094
2017-06-12 09:15:00+05:30,307.0,307.5,302.5,304.4,6266299,-0.005242475964850094,0.0027884870032834443
2017-06-13 09:15:00+05:30,305.05,306.0,302.2,305.25,5107002,0.0027884870032834443,-0.017848763376295176
2017-06-14 09:15:00+05:30,304.95,306.0,299.15,299.85,14574048,-0.017848763376295176,0.006813487098274279
2017-06-15 09:15:00+05:30,302.95,302.95,299.5,301.9,7427656,0.006813487098274279,0.01610023278030814
2017-06-16 09:15:00+05:30,302.5,309.6,302.5,306.8,12323676,0.01610023278030814,0.013275247571606903
2017-06-19 09:15:00+05:30,309.0,311.85,308.1,310.9,6982651,0.013275247571606903,-0.007101385556594474
2017-06-20 09:15:00+05:30,312.0,312.2,308.1,308.7,8260929,-0.007101385556594474,0.0008095199988750454
2017-06-21 09:15:00+05:30,309.4,311.0,307.2,308.95,8279767,0.0008095199988750454,0.007577625940574084
2017-06-22 09:15:00+05:30,308.65,314.2,308.2,311.3,8944754,0.007577625940574084,-0.000964165268328418
2017-06-23 09:15:00+05:30,310.0,312.9,308.6,311.0,7176861,-0.000964165268328418,0.004331441760344879
2017-06-27 09:15:00+05:30,311.75,316.5,311.0,312.35,9688675,0.004331441760344879,-0.012888852502077115
2017-06-28 09:15:00+05:30,311.6,311.6,307.1,308.35,7919072,-0.012888852502077115,0.010484812559091413
2017-06-29 09:15:00+05:30,309.1,313.25,308.6,311.6,9929212,0.010484812559091413,0.037942370994925784
2017-06-30 09:15:00+05:30,310.25,324.7,310.25,323.65,23196959,0.037942370994925784,0.05660897271076092
2017-07-03 09:15:00+05:30,346.0,354.8,340.3,342.5,47079622,0.05660897271076092,-0.015447162614414665
2017-07-04 09:15:00+05:30,342.8,343.45,336.25,337.25,11232007,-0.015447162614414665,-0.018555073717010158
2017-07-05 09:15:00+05:30,337.25,337.85,330.25,331.05,11978317,-0.018555073717010158,0.018110200869159987
2017-07-06 09:15:00+05:30,334.3,338.75,331.3,337.1,13429462,0.018110200869159987,-0.008340828813962179
2017-07-07 09:15:00+05:30,338.0,338.2,333.05,334.3,9919790,-0.008340828813962179,-0.0029958081123589416
2017-07-10 09:15:00+05:30,341.0,367.7,331.0,333.3,1397176,-0.0029958081123589416,-0.008738943666871118
2017-07-11 09:15:00+05:30,335.0,335.05,330.0,330.4,8336685,-0.008738943666871118,-0.004702321899462843
2017-07-12 09:15:00+05:30,328.4,333.6,327.4,328.85,10249263,-0.004702321899462843,0.029660652446550494
2017-07-13 09:15:00+05:30,332.0,339.5,331.0,338.75,17491942,0.029660652446550494,-0.004734437013319798
2017-07-14 09:15:00+05:30,339.95,339.95,334.8,337.15,5586611,-0.004734437013319798,-0.03624132086543017
2017-07-17 09:15:00+05:30,335.0,335.0,320.7,325.15,20320210,-0.03624132086543017,-0.13337762926602784
2017-07-18 09:15:00+05:30,292.65,292.65,276.4,284.55,149479681,-0.13337762926602784,0.02395947944242581
2017-07-19 09:15:00+05:30,287.8,292.9,286.2,291.45,39134264,0.02395947944242581,-0.006713167478508801
2017-07-20 09:15:00+05:30,294.0,294.9,288.4,289.5,15306864,-0.006713167478508801,-0.002074689540860467
2017-07-21 09:15:00+05:30,291.5,291.75,286.55,288.9,13174402,-0.002074689540860467,0.01494488006139541
2017-07-24 09:15:00+05:30,290.0,295.35,288.1,293.25,17794337,0.01494488006139541,-0.0063285937724804646
2017-07-25 09:15:00+05:30,295.0,295.15,290.85,291.4,9559657,-0.0063285937724804646,0.007691688207424043
2017-07-26 09:15:00+05:30,292.0,294.25,291.5,293.65,9209593,0.007691688207424043,-0.017520200811552967
2017-07-27 09:15:00+05:30,294.7,295.4,286.75,288.55,18892800,-0.017520200811552967,0.010343136511189602
2017-07-28 09:15:00+05:30,294.3,294.75,287.15,291.55,18494629,0.010343136511189602,-0.02184552892598003
2017-07-31 09:15:00+05:30,289.5,290.3,284.5,285.25,21247233,-0.02184552892598003,0.00907352237963363
2017-08-01 09:15:00+05:30,285.3,288.55,285.0,287.85,13542016,0.00907352237963363,-0.008372628711550593
2017-08-02 09:15:00+05:30,289.8,289.9,284.3,285.45,9867353,-0.008372628711550593,-0.014289737729979598
2017-08-03 09:15:00+05:30,285.0,285.4,280.65,281.4,10199231,-0.014289737729979598,-0.002312551061736002
2017-08-04 09:15:00+05:30,280.4,284.4,279.65,280.75,11283020,-0.002312551061736002,-0.0032108482811838554
2017-08-07 09:15:00+05:30,281.6,283.0,279.45,279.85,8451267,-0.0032108482811838554,-0.020578343487311315
2017-08-08 09:15:00+05:30,280.1,281.4,273.5,274.15,12741118,-0.020578343487311315,-0.0047532082178164
2017-08-09 09:15:00+05:30,274.0,275.4,270.4,272.85,9910187,-0.0047532082178164,0.0009158348474183012
2017-08-10 09:15:00+05:30,272.65,274.65,270.75,273.1,9995867,0.0009158348474183012,-0.005875889105669306
2017-08-11 09:15:00+05:30,271.0,274.45,270.1,271.5,14409594,-0.005875889105669306,-0.0009212345193208752
2017-08-14 09:15:00+05:30,274.4,274.4,270.5,271.25,9693041,-0.0009212345193208752,0.02888746603354806
2017-08-16 09:15:00+05:30,272.0,281.75,271.35,279.2,18692336,0.02888746603354806,0.002861232281032195
2017-08-17 09:15:00+05:30,281.85,282.9,277.9,280.0,13703999,0.002861232281032195,0.00658541135833458
2017-08-18 09:15:00+05:30,279.25,284.0,276.8,281.85,14869905,0.00658541135833458,-0.000887390243696698
2017-08-21 09:15:00+05:30,282.35,285.0,280.95,281.6,13088154,-0.000887390243696698,0.004605854023633966
2017-08-22 09:15:00+05:30,282.0,285.0,280.35,282.9,11956919,0.004605854023633966,-0.001237952231669053
2017-08-23 09:15:00+05:30,283.5,285.6,281.6,282.55,8747634,-0.001237952231669053,-0.0039007141658168203
2017-08-24 09:15:00+05:30,282.0,283.5,281.1,281.45,10819303,-0.0039007141658168203,0.003546731861235419
2017-08-28 09:15:00+05:30,282.1,283.0,279.3,282.45,9974428,0.003546731861235419,-0.007819481819001725
2017-08-29 09:15:00+05:30,282.35,282.9,279.4,280.25,6141239,-0.007819481819001725,0.006225008985844233
2017-08-30 09:15:00+05:30,281.15,282.9,280.6,282.0,6534233,0.006225008985844233,0.0008861320916577982
2017-08-31 09:15:00+05:30,283.0,283.15,280.4,282.25,11221831,0.0008861320916577982,0.004771591628201126
2017-09-01 09:15:00+05:30,282.2,284.35,280.7,283.6,7247857,0.004771591628201126,-0.0017646025401185698
2017-09-04 09:15:00+05:30,283.45,283.85,282.0,283.1,8480587,-0.0017646025401185698,-0.0008834703286891948
2017-09-05 09:15:00+05:30,282.65,283.9,281.6,282.85,7820187,-0.0008834703286891948,-0.025603403759413713
2017-09-06 09:15:00+05:30,280.5,281.0,275.25,275.7,14165258,-0.025603403759413713,-0.01941097386094207
2017-09-07 09:15:00+05:30,277.0,277.55,269.55,270.4,19218142,-0.01941097386094207,0.007185659660874533
2017-09-08 09:15:00+05:30,271.15,273.3,270.0,272.35,9716093,0.007185659660874533,0.004579181918711975
2017-09-11 09:15:00+05:30,272.4,274.4,271.5,273.6,9314031,0.004579181918711975,0.014694141939220565
2017-09-12 09:15:00+05:30,275.5,278.25,274.6,277.65,11464781,0.014694141939220565,-0.02239918831362603
2017-09-13 09:15:00+05:30,277.4,277.5,270.95,271.5,12126147,-0.02239918831362603,0.0018399269220072951
2017-09-14 09:15:00+05:30,272.3,272.5,270.4,272.0,7041114,0.0018399269220072951,-0.009976066478444057
2017-09-15 09:15:00+05:30,272.0,272.75,268.2,269.3,13147594,-0.009976066478444057,-0.008577341417303755
2017-09-18 09:15:00+05:30,271.0,271.7,266.25,267.0,10152294,-0.008577341417303755,0.0031784639267198526
2017-09-19 09:15:00+05:30,268.0,270.0,264.1,267.85,33882424,0.0031784639267198526,0.013719162153884855
2017-09-20 09:15:00+05:30,269.4,272.0,267.75,271.55,9604767,0.013719162153884855,-0.007392382583176555
2017-09-21 09:15:00+05:30,272.0,272.4,267.1,269.55,7759828,-0.007392382583176555,-0.004089225029099286
2017-09-22 09:15:00+05:30,269.5,270.95,267.05,268.45,6877525,-0.004089225029099286,-0.023366429592171917
2017-09-25 09:15:00+05:30,268.5,269.65,260.9,262.25,17583222,-0.023366429592171917,0.0007623404219022412
2017-09-26 09:15:00+05:30,263.3,263.75,261.05,262.45,9581360,0.0007623404219022412,-0.015164893749824947
2017-09-27 09:15:00+05:30,265.1,265.5,256.8,258.5,17533620,-0.015164893749824947,0.011729775868136196
2017-09-28 09:15:00+05:30,260.4,263.4,259.1,261.55,21604711,0.011729775868136196,-0.012503769714825282
2017-09-29 09:15:00+05:30,262.8,262.9,257.45,258.3,12172012,-0.012503769714825282,0.011930101088326595
2017-10-03 09:15:00+05:30,262.5,262.75,258.5,261.4,11497927,0.011930101088326595,0.022693863477721277
2017-10-04 09:15:00+05:30,264.1,268.5,263.15,267.4,10779322,0.022693863477721277,-0.008072887173750234
2017-10-05 09:15:00+05:30,267.4,269.4,264.4,265.25,6937298,-0.008072887173750234,0.003387282124673845
2017-10-06 09:15:00+05:30,265.8,267.5,264.65,266.15,7856190,0.003387282124673845,0.006926920892090444
2017-10-09 09:15:00+05:30,268.0,269.15,266.4,268.0,6088623,0.006926920892090444,-0.006739074549845518
2017-10-10 09:15:00+05:30,267.1,267.9,265.15,266.2,5472538,-0.006739074549845518,-0.0030097840629042037
2017-10-11 09:15:00+05:30,266.5,267.75,264.45,265.4,7664687,-0.0030097840629042037,0.006010536502142543
2017-10-12 09:15:00+05:30,265.55,269.2,264.0,267.0,9165813,0.006010536502142543,-0.0039403372119229405
2017-10-13 09:15:00+05:30,266.25,267.6,264.2,265.95,12040762,-0.0039403372119229405,0.00581124514773464
2017-10-16 09:15:00+05:30,266.0,269.95,265.5,267.5,9152244,0.00581124514773464,-0.000935016430906643
2017-10-17 09:15:00+05:30,268.0,268.7,265.95,267.25,10628854,-0.000935016430906643,0.011532865922859297
2017-10-18 09:15:00+05:30,268.0,270.75,267.1,270.35,7229879,0.011532865922859297,-0.012281509042234615
2017-10-23 09:15:00+05:30,270.0,272.75,265.8,267.05,9768072,-0.012281509042234615,-0.00018724838552987017
2017-10-24 09:15:00+05:30,268.45,268.45,266.1,267.0,8400196,-0.00018724838552987017,0.00839165763624838
2017-10-25 09:15:00+05:30,268.4,271.5,268.2,269.25,5940597,0.00839165763624838,-0.0031619109389712965
2017-10-26 09:15:00+05:30,270.8,270.8,267.15,268.4,9260157,-0.0031619109389712965,0.0035332440290163115
2017-10-27 09:15:00+05:30,270.6,276.0,267.45,269.35,22968176,0.0035332440290163115,-0.01571594554340398
2017-10-30 09:15:00+05:30,269.0,270.6,263.45,265.15,17589111,-0.01571594554340398,0.002072149182628769
2017-10-31 09:15:00+05:30,266.05,266.95,263.9,265.7,8139444,0.002072149182628769,0.015498396298884045
2017-11-01 09:15:00+05:30,267.0,271.2,266.3,269.85,7237682,0.015498396298884045,-0.015686596167699733
2017-11-02 09:15:00+05:30,269.7,269.95,265.3,265.65,9683859,-0.015686596167699733,-0.0009415309988450712
2017-11-03 09:15:00+05:30,267.0,267.9,264.9,265.4,5980143,-0.0009415309988450712,-0.001885725620083105
2017-11-06 09:15:00+05:30,266.25,267.9,264.3,264.9,9020725,-0.001885725620083105,0.0015088648656700488
2017-11-07 09:15:00+05:30,265.7,267.7,263.65,265.3,9506715,0.0015088648656700488,0.0003768607544130919
2017-11-08 09:15:00+05:30,265.35,266.5,264.7,265.4,5957114,0.0003768607544130919,-0.020364201679025515
2017-11-09 09:15:00+05:30,266.4,266.5,259.3,260.05,20246351,-0.020364201679025515,0.006324889317018503
2017-11-10 09:15:00+05:30,260.55,265.2,259.4,261.7,16792035,0.006324889317018503,-0.013077109434305331
2017-11-13 09:15:00+05:30,263.0,263.3,258.0,258.3,7396182,-0.013077109434305331,-0.006798122713820985
2017-11-14 09:15:00+05:30,258.5,260.85,256.0,256.55,8335504,-0.006798122713820985,-0.01274902038034429
2017-11-15 09:15:00+05:30,257.0,257.35,250.4,253.3,17011726,-0.01274902038034429,0.007081068140136111
2017-11-16 09:15:00+05:30,254.7,255.6,252.4,255.1,9959845,0.007081068140136111,0.011303959773851726
2017-11-17 09:15:00+05:30,256.5,259.0,256.0,258.0,9998498,0.011303959773851726,0.00464037955650208
2017-11-20 09:15:00+05:30,258.6,260.7,257.25,259.2,7916268,0.00464037955650208,-0.013204075333377203
2017-11-21 09:15:00+05:30,259.5,259.5,255.2,255.8,16626216,-0.013204075333377203,0.009144922180915576
2017-11-22 09:15:00+05:30,256.0,258.65,255.6,258.15,8609960,0.009144922180915576,0.0
2017-11-23 09:15:00+05:30,258.35,260.7,256.4,258.15,7524346,0.0,0.010021282555223802
2017-11-24 09:15:00+05:30,258.5,261.45,258.05,260.75,7347756,0.010021282555223802,-0.0057692467712450925
2017-11-27 09:15:00+05:30,260.0,260.5,257.3,259.25,4836535,-0.0057692467712450925,-0.008716762214416942
2017-11-28 09:15:00+05:30,259.1,259.2,256.0,257.0,17508901,-0.008716762214416942,0.004077279699516343
2017-11-29 09:15:00+05:30,258.0,258.7,257.0,258.05,8697821,0.004077279699516343,-0.007780626686176832
2017-11-30 09:15:00+05:30,257.9,258.2,254.65,256.05,22116235,-0.007780626686176832,-0.003325186437924545
2017-12-01 09:15:00+05:30,256.95,259.6,254.65,255.2,6593537,-0.003325186437924545,-0.0003919263228690927
2017-12-04 09:15:00+05:30,256.0,256.3,253.55,255.1,6111791,-0.0003919263228690927,-0.0049120837543623385
2017-12-05 09:15:00+05:30,255.0,255.35,252.5,253.85,8991412,-0.0049120837543623385,-0.008903016567117847
2017-12-06 09:15:00+05:30,253.25,253.25,250.85,251.6,8244499,-0.008903016567117847,0.006931407095633258
2017-12-07 09:15:00+05:30,250.0,254.1,250.0,253.35,5426456,0.006931407095633258,0.03433563940768059
2017-12-08 09:15:00+05:30,253.75,263.2,253.4,262.2,13132943,0.03433563940768059,0.015328145694035435
2017-12-11 09:15:00+05:30,264.65,267.5,263.3,266.25,17181015,0.015328145694035435,-0.017810247207014775
2017-12-12 09:15:00+05:30,264.5,265.2,260.5,261.55,9243049,-0.017810247207014775,-0.009797408117082353
2017-12-13 09:15:00+05:30,259.6,262.4,257.6,259.0,8653465,-0.009797408117082353,0.020067563050809173
2017-12-14 09:15:00+05:30,260.9,266.15,257.55,264.25,8043427,0.020067563050809173,0.0013236269305083458
2017-12-15 09:15:00+05:30,266.0,267.05,263.45,264.6,12269517,0.0013236269305083458,-0.005305052229693341
2017-12-18 09:15:00+05:30,265.5,265.5,259.05,263.2,9293059,-0.005305052229693341,0.003981425299184822
2017-12-19 09:15:00+05:30,263.4,265.4,263.1,264.25,5881181,0.003981425299184822,-0.0036015582480832613
2017-12-20 09:15:00+05:30,264.7,264.7,262.7,263.3,7441512,-0.0036015582480832613,-0.0009499383254474926
2017-12-21 09:15:00+05:30,265.9,265.9,261.6,263.05,6771408,-0.0009499383254474926,0.00019005986943085122
2017-12-22 09:15:00+05:30,263.5,264.2,262.15,263.1,6405364,0.00019005986943085122,0.003982935564077633
2017-12-26 09:15:00+05:30,263.25,265.0,262.65,264.15,9549857,0.003982935564077633,-0.007600264591783091
2017-12-27 09:15:00+05:30,264.2,264.3,261.65,262.15,6091016,-0.007600264591783091,-0.001145038293044893
2017-12-28 09:15:00+05:30,263.4,264.05,261.05,261.85,15889965,-0.001145038293044893,0.0053323302885881895
2017-12-29 09:15:00+05:30,262.5,264.0,262.25,263.25,6565616,0.0053323302885881895,-0.00361526414125682
2018-01-01 09:15:00+05:30,263.25,266.3,261.25,262.3,10461011,-0.00361526414125682,-0.0059267929919461625
2018-01-02 09:15:00+05:30,262.6,264.2,260.45,260.75,5688384,-0.0059267929919461625,0.0015328610014257585
2018-01-03 09:15:00+05:30,261.3,262.65,260.6,261.15,11018996,0.0015328610014257585,0.0015305149343124748
2018-01-04 09:15:00+05:30,260.95,262.75,260.6,261.55,9368913,0.0015305149343124748,0.005148261919215308
2018-01-05 09:15:00+05:30,261.9,263.5,261.9,262.9,9211954,0.005148261919215308,0.01021768586644337
2018-01-08 09:15:00+05:30,264.0,266.8,263.25,265.6,14433239,0.01021768586644337,0.018465506486465524
2018-01-09 09:15:00+05:30,265.5,272.0,264.75,270.55,25737663,0.018465506486465524,-0.004259660112480816
2018-01-10 09:15:00+05:30,273.45,274.0,269.05,269.4,16441299,-0.004259660112480816,0.0014836797973919443
2018-01-11 09:15:00+05:30,269.5,271.0,268.1,269.8,11287447,0.0014836797973919443,-0.008374479016341895
2018-01-12 09:15:00+05:30,270.25,271.35,266.15,267.55,8179762,-0.008374479016341895,0.00018686349675987144
2018-01-15 09:15:00+05:30,268.0,271.1,267.0,267.6,10538330,0.00018686349675987144,-0.02229451871797337
2018-01-16 09:15:00+05:30,268.2,268.7,260.8,261.7,12935712,-0.02229451871797337,0.01648545150627811
2018-01-17 09:15:00+05:30,262.0,267.0,259.55,266.05,16375659,0.01648545150627811,0.027251663247470793
2018-01-18 09:15:00+05:30,268.0,275.25,266.65,273.4,26442702,0.027251663247470793,0.0041974694350326485
2018-01-19 09:15:00+05:30,276.0,277.5,271.1,274.55,25710521,0.0041974694350326485,-0.0032834761349546226
2018-01-22 09:15:00+05:30,275.0,275.5,271.7,273.65,8339156,-0.0032834761349546226,0.010722501640730811
2018-01-23 09:15:00+05:30,274.0,277.25,273.55,276.6,18244388,0.010722501640730811,0.017382392679377592
2018-01-24 09:15:00+05:30,276.65,282.0,276.05,281.45,17305234,0.017382392679377592,-0.0007108583914056146
2018-01-25 09:15:00+05:30,281.0,283.2,278.6,281.25,13124518,-0.0007108583914056146,-0.0201120084829374
2018-01-29 09:15:00+05:30,281.15,283.3,275.0,275.65,9569723,-0.0201120084829374,-0.0016338389765039696
2018-01-30 09:15:00+05:30,275.0,276.45,271.95,275.2,13057276,-0.0016338389765039696,-0.013904358658419911
2018-01-31 09:15:00+05:30,273.9,276.0,269.85,271.4,18945945,-0.013904358658419911,0.014267664747793063
2018-02-01 09:15:00+05:30,272.0,290.3,267.4,275.3,59362154,0.014267664747793063,0.00018160355992901455
2018-02-02 09:15:00+05:30,274.4,285.65,270.8,275.35,35008302,0.00018160355992901455,0.01406442224081947
2018-02-05 09:15:00+05:30,273.55,281.7,271.85,279.25,19706340,0.01406442224081947,-0.02080581608727415
2018-02-06 09:15:00+05:30,269.95,277.3,268.15,273.5,15822723,-0.02080581608727415,0.006014781643731731
2018-02-07 09:15:00+05:30,278.0,278.75,274.0,275.15,12956103,0.006014781643731731,-0.0038234001970275018
2018-02-08 09:15:00+05:30,275.7,276.9,272.65,274.1,9779911,-0.0038234001970275018,-0.010083502799326268
2018-02-09 09:15:00+05:30,271.0,272.5,267.8,271.35,14204123,-0.010083502799326268,-0.005543251444762005
2018-02-12 09:15:00+05:30,272.45,273.85,269.3,269.85,6713679,-0.005543251444762005,-0.012492005458752639
2018-02-14 09:15:00+05:30,270.0,271.0,265.1,266.5,11303222,-0.012492005458752639,0.005985801636014505
2018-02-15 09:15:00+05:30,266.5,269.9,264.8,268.1,11736246,0.005985801636014505,-0.0061734364991224335
2018-02-16 09:15:00+05:30,269.85,270.75,265.6,266.45,6164187,-0.0061734364991224335,-0.008858789439704617
2018-02-19 09:15:00+05:30,266.0,267.8,262.5,264.1,6069585,-0.008858789439704617,-0.003223668289001771
2018-02-20 09:15:00+05:30,264.0,265.8,262.15,263.25,9301017,-0.003223668289001771,0.0186288198334932
2018-02-21 09:15:00+05:30,264.0,268.95,263.45,268.2,10555155,0.0186288198334932,-0.004109850731662878
2018-02-22 09:15:00+05:30,267.2,269.0,265.45,267.1,19118686,-0.004109850731662878,0.007274115819513383
2018-02-23 09:15:00+05:30,267.45,270.0,266.1,269.05,6529253,0.007274115819513383,-0.009335392666658612
2018-02-26 09:15:00+05:30,268.55,269.5,266.0,266.55,8378818,-0.009335392666658612,-0.0005629046025360575
2018-02-27 09:15:00+05:30,268.0,268.2,265.5,266.4,7429924,-0.0005629046025360575,-0.00508045123241884
2018-02-28 09:15:00+05:30,265.0,266.3,263.05,265.05,13451146,-0.00508045123241884,-0.003969384287498969
2018-03-01 09:15:00+05:30,264.2,266.1,262.85,264.0,7781553,-0.003969384287498969,-0.014306395651237858
2018-03-05 09:15:00+05:30,263.3,263.3,260.0,260.25,6623613,-0.014306395651237858,-0.01451404288425407
2018-03-06 09:15:00+05:30,261.05,262.4,255.5,256.5,8180373,-0.01451404288425407,0.013168277036620197
2018-03-07 09:15:00+05:30,256.5,260.5,253.55,259.9,15153219,0.013168277036620197,-0.004048198299534062
2018-03-08 09:15:00+05:30,260.3,261.9,257.75,258.85,6027032,-0.004048198299534062,0.001544103761726248
2018-03-09 09:15:00+05:30,259.0,260.9,258.25,259.25,6110339,0.001544103761726248,0.040999413688933194
2018-03-12 09:15:00+05:30,264.0,270.85,262.95,270.1,19900387,0.040999413688933194,-0.0024094164190643637
2018-03-13 09:15:00+05:30,269.65,272.0,267.2,269.45,8326884,-0.0024094164190643637,-0.0052093141059588646
2018-03-14 09:15:00+05:30,268.05,269.05,265.3,268.05,7907101,-0.0052093141059588646,-0.009370383405138584
2018-03-15 09:15:00+05:30,267.0,269.9,265.2,265.55,5557668,-0.009370383405138584,-0.019200285674986613
2018-03-16 09:15:00+05:30,266.4,266.4,258.85,260.5,20680532,-0.019200285674986613,-0.005195816557706152
2018-03-19 09:15:00+05:30,260.55,262.2,258.3,259.15,12926158,-0.005195816557706152,0.0001929198424040349
2018-03-20 09:15:00+05:30,258.15,259.95,257.5,259.2,7481088,0.0001929198424040349,-0.0005788712173222345
2018-03-21 09:15:00+05:30,260.05,261.65,258.7,259.05,12920867,-0.0005788712173222345,-0.0028993931590025014
2018-03-22 09:15:00+05:30,260.0,261.45,257.85,258.3,8011131,-0.0028993931590025014,-0.008944255622232333
2018-03-23 09:15:00+05:30,256.0,258.8,254.75,256.0,11185677,-0.008944255622232333,0.008169662245005795
2018-03-26 09:15:00+05:30,252.9,260.0,252.5,258.1,12499724,0.008169662245005795,0.0030947800329234965
2018-03-27 09:15:00+05:30,258.8,260.5,256.9,258.9,8769415,0.0030947800329234965,-0.013219477113732756
2018-03-28 09:15:00+05:30,258.0,258.95,254.35,255.5,12270479,-0.013219477113732756,0.01070569835598872
2018-04-02 09:15:00+05:30,257.0,258.95,255.45,258.25,7029064,0.01070569835598872,0.0009675859487358161
2018-04-03 09:15:00+05:30,258.0,260.0,257.5,258.5,5098212,0.0009675859487358161,0.0003867723892733139
2018-04-04 09:15:00+05:30,259.5,259.8,257.1,258.6,8392947,0.0003867723892733139,0.004052103952570608
2018-04-05 09:15:00+05:30,255.5,260.0,255.5,259.65,9113610,0.004052103952570608,0.004610959178073887
2018-04-06 09:15:00+05:30,260.5,262.0,260.05,260.85,6098959,0.004610959178073887,0.01879861681074327
2018-04-09 09:15:00+05:30,261.15,266.6,260.9,265.8,9217475,0.01879861681074327,0.00338028490882347
2018-04-10 09:15:00+05:30,266.35,268.7,265.1,266.7,14682547,0.00338028490882347,-0.0058287276048295976
2018-04-11 09:15:00+05:30,266.9,267.55,263.4,265.15,5232228,-0.0058287276048295976,-0.012142057728910229
2018-04-12 09:15:00+05:30,265.1,265.15,261.4,261.95,6125006,-0.012142057728910229,-0.004591551973346907
2018-04-13 09:15:00+05:30,263.0,263.5,260.0,260.75,4991314,-0.004591551973346907,0.014090103631107003
2018-04-16 09:15:00+05:30,260.5,264.9,260.0,264.45,5212182,0.014090103631107003,0.011841130742084694
2018-04-17 09:15:00+05:30,265.4,268.4,262.7,267.6,13207767,0.011841130742084694,0.02854968745441719
2018-04-18 09:15:00+05:30,268.7,278.9,268.0,275.35,23815794,0.02854968745441719,0.007237230792753017
2018-04-19 09:15:00+05:30,277.25,280.0,275.25,277.35,12823460,0.007237230792753017,-0.00415500552605193
2018-04-20 09:15:00+05:30,276.0,279.25,273.5,276.2,10790554,-0.00415500552605193,-0.0025376123822225317
2018-04-23 09:15:00+05:30,276.0,277.2,275.0,275.5,11746220,-0.0025376123822225317,0.0018132371241807218
2018-04-24 09:15:00+05:30,276.0,278.85,274.65,276.0,8449353,0.0018132371241807218,-0.006907862408409835
2018-04-25 09:15:00+05:30,275.5,276.3,272.7,274.1,4928817,-0.006907862408409835,0.015026986846914097
2018-04-26 09:15:00+05:30,274.55,279.1,273.0,278.25,20282977,0.015026986846914097,0.004124456667207103
2018-04-27 09:15:00+05:30,279.6,280.95,278.4,279.4,9732842,0.004124456667207103,0.007310365087174234
2018-04-30 09:15:00+05:30,279.6,283.85,279.6,281.45,5918966,0.007310365087174234,0.020398104818829508
2018-05-02 09:15:00+05:30,282.1,288.7,280.25,287.25,16071685,0.020398104818829508,-0.007863736460214576
2018-05-03 09:15:00+05:30,287.5,289.7,283.05,285.0,9366444,-0.007863736460214576,-0.0279303044028369
2018-05-04 09:15:00+05:30,287.0,287.0,275.85,277.15,10904195,-0.0279303044028369,0.018234327163957793
2018-05-07 09:15:00+05:30,278.3,283.4,276.9,282.25,6475767,0.018234327163957793,0.0015930616697732165
2018-05-08 09:15:00+05:30,283.15,285.95,282.0,282.7,6588906,0.0015930616697732165,-0.0014159294401009201
2018-05-09 09:15:00+05:30,281.5,284.0,281.5,282.3,4214376,-0.0014159294401009201,-0.007645161248150242
2018-05-10 09:15:00+05:30,282.95,283.95,277.3,280.15,5672203,-0.007645161248150242,0.01241590976128266
2018-05-11 09:15:00+05:30,281.9,284.0,279.75,283.65,3892106,0.01241590976128266,0.0040460957652445634
2018-05-14 09:15:00+05:30,283.0,287.3,282.0,284.8,6479302,0.0040460957652445634,-0.010412165010236655
2018-05-15 09:15:00+05:30,284.85,286.0,280.7,281.85,7777542,-0.010412165010236655,0.014092183182396379
2018-05-16 09:15:00+05:30,279.95,288.8,279.55,285.85,18062869,0.014092183182396379,-0.024434643418443057
2018-05-17 09:15:00+05:30,288.0,288.7,278.45,278.95,10755084,-0.024434643418443057,0.0119377809679063
2018-05-18 09:15:00+05:30,278.55,285.55,276.0,282.3,15422138,0.0119377809679063,0.00017710085940212398
2018-05-21 09:15:00+05:30,282.3,284.0,278.5,282.35,8579200,0.00017710085940212398,-0.012832113344517308
2018-05-22 09:15:00+05:30,282.0,283.1,278.05,278.75,4730984,-0.012832113344517308,-0.019196532981546853
2018-05-23 09:15:00+05:30,279.0,279.4,272.95,273.45,7891899,-0.019196532981546853,0.005106704513887674
2018-05-24 09:15:00+05:30,274.0,276.8,271.75,274.85,6282351,0.005106704513887674,-0.009321094626955483
2018-05-25 09:15:00+05:30,272.4,275.0,268.75,272.3,9244273,-0.009321094626955483,0.010957012468847699
2018-05-28 09:15:00+05:30,274.0,277.5,272.4,275.3,6997081,0.010957012468847699,-0.004550840656436174
2018-05-29 09:15:00+05:30,274.8,277.75,272.45,274.05,8830998,-0.004550840656436174,-0.007876219853700536
2018-05-30 09:15:00+05:30,272.5,273.7,270.65,271.9,8005601,-0.007876219853700536,-0.000919878640893003
2018-05-31 09:15:00+05:30,272.2,272.7,269.6,271.65,13212672,-0.000919878640893003,-0.00627771633323609
2018-06-01 09:15:00+05:30,271.15,271.7,269.1,269.95,6607768,-0.00627771633323609,-0.0038971933894770636
2018-06-04 09:15:00+05:30,270.25,271.95,267.5,268.9,7984112,-0.0038971933894770636,-0.005219996938757662
2018-06-05 09:15:00+05:30,269.0,269.85,266.85,267.5,5788321,-0.005219996938757662,0.010782777832747696
2018-06-06 09:15:00+05:30,268.0,271.15,267.8,270.4,7296797,0.010782777832747696,0.002400961537538268
2018-06-07 09:15:00+05:30,270.5,272.3,270.1,271.05,6797792,0.002400961537538268,-0.01168952915578421
2018-06-08 09:15:00+05:30,271.1,271.5,267.0,267.9,6769606,-0.01168952915578421,0.005026539485935053
2018-06-11 09:15:00+05:30,268.5,271.9,268.15,269.25,8572974,0.005026539485935053,0.003707140482819805
2018-06-12 09:15:00+05:30,269.3,274.6,269.25,270.25,8449515,0.003707140482819805,-0.008920334192348204
2018-06-13 09:15:00+05:30,271.5,271.8,267.2,267.85,7817856,-0.008920334192348204,-0.0022425724218148287
2018-06-14 09:15:00+05:30,266.5,268.9,266.0,267.25,9169601,-0.0022425724218148287,-0.010343298606800585
2018-06-15 09:15:00+05:30,267.5,267.75,263.6,264.5,10814596,-0.010343298606800585,0.00018901805178663845
2018-06-18 09:15:00+05:30,264.45,265.5,263.5,264.55,6281093,0.00018901805178663845,0.005653991692237543
2018-06-19 09:15:00+05:30,264.9,267.15,262.65,266.05,7336092,0.005653991692237543,-0.008682576252102066
2018-06-20 09:15:00+05:30,266.45,267.0,263.05,263.75,9540207,-0.008682576252102066,-0.01105615532187439
2018-06-21 09:15:00+05:30,264.4,264.8,260.4,260.85,7137481,-0.01105615532187439,0.01635017411473717
2018-06-22 09:15:00+05:30,260.55,266.8,260.0,265.15,16820667,0.01635017411473717,-0.00966374171444302
2018-06-25 09:15:00+05:30,265.15,265.4,259.75,262.6,13617718,-0.00966374171444302,0.008342862194157188
2018-06-26 09:15:00+05:30,262.45,266.15,262.15,264.8,10087090,0.008342862194157188,-0.007771814305792636
2018-06-27 09:15:00+05:30,264.9,265.0,261.5,262.75,10036967,-0.007771814305792636,-0.008600148563638884
2018-06-28 09:15:00+05:30,262.0,264.0,259.0,260.5,14637010,-0.008600148563638884,0.021645044767589505
2018-06-29 09:15:00+05:30,261.8,267.55,260.3,266.2,10907020,0.021645044767589505,-0.011903777784194918
2018-07-02 09:15:00+05:30,267.0,267.1,260.05,263.05,18097981,-0.011903777784194918,0.009082370852864254
2018-07-03 09:15:00+05:30,263.5,266.75,261.15,265.45,10385004,0.009082370852864254,-0.003963391052149277
2018-07-04 09:15:00+05:30,266.3,266.3,262.2,264.4,7881279,-0.003963391052149277,0.03017550612576762
2018-07-05 09:15:00+05:30,264.6,273.8,263.5,272.5,15473199,0.03017550612576762,0.0005503072687717046
2018-07-06 09:15:00+05:30,272.75,274.75,270.15,272.65,12936762,0.0005503072687717046,0.0063979744796596365
2018-07-09 09:15:00+05:30,275.0,276.0,272.2,274.4,9782072,0.0063979744796596365,0.009611099461628712
2018-07-10 09:15:00+05:30,275.5,277.5,273.1,277.05,11486223,0.009611099461628712,-0.004703337179746824
2018-07-11 09:15:00+05:30,276.85,280.3,273.75,275.75,11362662,-0.004703337179746824,0.00524460918213624
2018-07-12 09:15:00+05:30,275.75,278.15,273.3,277.2,9902834,0.00524460918213624,-0.02483692314693924
2018-07-13 09:15:00+05:30,278.0,278.3,269.2,270.4,18590126,-0.02483692314693924,0.004428051515732225
2018-07-16 09:15:00+05:30,270.3,273.3,269.7,271.6,10281018,0.004428051515732225,-0.006464146619889238
2018-07-17 09:15:00+05:30,271.05,273.0,269.3,269.85,10033333,-0.006464146619889238,-0.004829132713183542
2018-07-18 09:15:00+05:30,271.1,271.3,267.6,268.55,7050253,-0.004829132713183542,0.017532976582553903
2018-07-19 09:15:00+05:30,268.9,274.6,266.25,273.3,8956760,0.017532976582553903,0.002558013454047863
2018-07-20 09:15:00+05:30,273.25,274.8,270.65,274.0,6572535,0.002558013454047863,0.03637416135506023
2018-07-23 09:51:00+05:30,279.5,286.65,277.15,284.15,26056261,0.03637416135506023,0.005265017427340947
2018-07-24 09:15:00+05:30,284.5,287.0,283.55,285.65,12111542,0.005265017427340947,0.0017488636846396904
2018-07-25 09:15:00+05:30,284.25,286.95,283.2,286.15,13301823,0.0017488636846396904,0.00366268831895781
2018-07-26 09:15:00+05:30,287.0,291.15,284.2,287.2,20698478,0.00366268831895781,0.052067715894261485
2018-07-27 09:15:00+05:30,300.0,307.15,295.0,302.55,75862167,0.052067715894261485,-0.004970189157873595
2018-07-30 09:15:00+05:30,302.0,303.6,300.0,301.05,17080727,-0.004970189157873595,-0.011190095888726168
2018-07-31 09:15:00+05:30,300.75,301.35,295.55,297.7,14563274,-0.011190095888726168,0.013015368112070446
2018-08-01 09:15:00+05:30,298.05,302.95,296.1,301.6,14624672,0.013015368112070446,-0.007989390033478976
2018-08-02 09:15:00+05:30,300.5,303.5,297.3,299.2,9847568,-0.007989390033478976,0.015750968094409314
2018-08-03 09:15:00+05:30,300.0,305.4,298.15,303.95,12470372,0.015750968094409314,-0.007098667860982945
2018-08-06 09:15:00+05:30,305.0,306.9,300.0,301.8,7683950,-0.007098667860982945,-0.002322110846060351
2018-08-07 09:15:00+05:30,302.95,304.2,299.75,301.1,7188877,-0.002322110846060351,-0.0004982974939084319
2018-08-08 09:15:00+05:30,300.25,302.4,300.0,300.95,6442258,-0.0004982974939084319,0.005137139477116426
2018-08-09 09:15:00+05:30,301.75,304.6,300.05,302.5,9221385,0.005137139477116426,0.007574546341595004
2018-08-10 09:15:00+05:30,302.0,306.9,301.15,304.8,14777932,0.007574546341595004,0.003765866096058351
2018-08-13 09:15:00+05:30,304.0,307.8,303.15,305.95,9957591,0.003765866096058351,0.006353365021905062
2018-08-14 09:15:00+05:30,307.0,310.2,306.85,307.9,12315926,0.006353365021905062,-0.0014625825309759661
2018-08-16 09:15:00+05:30,307.9,308.5,305.1,307.45,18674289,-0.0014625825309759661,0.020284018046514925
2018-08-17 09:15:00+05:30,307.8,315.3,307.8,313.75,25413745,0.020284018046514925,-0.0014352924878475665
2018-08-20 09:15:00+05:30,314.2,315.0,311.3,313.3,19218118,-0.0014352924878475665,-0.0012775472833097008
2018-08-21 09:15:00+05:30,314.5,317.0,312.0,312.9,13618791,-0.0012775472833097008,-0.00288046286535403
2018-08-23 09:15:00+05:30,314.0,316.4,307.35,312.0,11309613,-0.00288046286535403,-0.005141399500418764
2018-08-24 09:15:00+05:30,311.0,312.0,307.0,310.4,5445848,-0.005141399500418764,0.009618541612856734
2018-08-27 09:15:00+05:30,311.2,314.85,310.5,313.4,5278766,0.009618541612856734,-0.0055995666670608495
2018-08-28 09:15:00+05:30,314.0,315.8,311.0,311.65,6609740,-0.0055995666670608495,0.003683245416296589
2018-08-29 09:15:00+05:30,311.7,315.45,310.0,312.8,10349504,0.003683245416296589,0.02228812722499072
2018-08-30 09:15:00+05:30,313.5,320.6,313.5,319.85,24973007,0.02228812722499072,0.0
2018-08-31 09:15:00+05:30,322.0,322.6,317.2,319.85,18084699,0.0,-0.021010171779498748
2018-09-03 09:15:00+05:30,322.95,322.95,311.05,313.2,9112998,-0.021010171779498748,-0.011560822401075858
2018-09-04 09:15:00+05:30,312.0,312.2,307.0,309.6,11184441,-0.011560822401075858,0.002097282369144507
2018-09-05 09:15:00+05:30,310.4,314.45,309.25,310.25,10139205,0.002097282369144507,0.0017711944087758366
2018-09-06 09:15:00+05:30,311.4,311.75,308.05,310.8,7609714,0.0017711944087758366,-0.0011267606825906176
2018-09-07 09:15:00+05:30,311.6,313.2,308.1,310.45,7188478,-0.0011267606825906176,-0.012641983602204764
2018-09-10 09:15:00+05:30,310.2,310.75,305.55,306.55,9635849,-0.012641983602204764,-0.030975561365092937
2018-09-11 09:15:00+05:30,306.65,306.75,295.55,297.2,26006624,-0.030975561365092937,0.03179075664949712
2018-09-12 09:15:00+05:30,297.75,307.6,295.4,306.8,19423600,0.03179075664949712,0.0011401581168352835
2018-09-14 09:15:00+05:30,307.0,308.65,305.05,307.15,12823479,0.0011401581168352835,-0.016909210235066707
2018-09-17 09:15:00+05:30,305.0,306.1,301.5,302.0,5825628,-0.016909210235066707,0.004130530449289978
2018-09-18 09:15:00+05:30,302.2,304.9,299.3,303.25,8199623,0.004130530449289978,-0.011942420919965342
2018-09-19 09:15:00+05:30,304.5,305.65,298.0,299.65,6150336,-0.011942420919965342,0.014248087290537255
2018-09-21 09:15:00+05:30,300.4,306.6,300.4,303.95,16337218,0.014248087290537255,-0.019937527001743536
2018-09-24 09:15:00+05:30,305.0,306.35,292.5,297.95,14452668,-0.019937527001743536,0.01068279229674207
2018-09-25 09:15:00+05:30,296.9,302.35,292.35,301.15,13273933,0.01068279229674207,-0.026924056079505945
2018-09-26 09:15:00+05:30,303.0,303.0,289.75,293.15,19891787,-0.026924056079505945,0.0005115525731813769
2018-09-27 09:15:00+05:30,293.5,295.1,289.5,293.3,12084852,0.0005115525731813769,0.01505823225200403
2018-09-28 09:15:00+05:30,295.0,300.0,291.8,297.75,24606864,0.01505823225200403,-0.0021854257668474032
2018-10-01 09:15:00+05:30,300.85,302.95,293.4,297.1,9025533,-0.0021854257668474032,-0.006415689742244611
2018-10-03 09:15:00+05:30,297.0,300.0,294.65,295.2,7570160,-0.006415689742244611,-0.027822505599299073
2018-10-04 09:15:00+05:30,293.85,295.7,285.15,287.1,8105763,-0.027822505599299073,-0.03761976616462885
2018-10-05 09:15:00+05:30,285.5,286.0,275.1,276.5,17622969,-0.03761976616462885,-0.012006693265754587
2018-10-08 09:15:00+05:30,279.0,279.4,269.15,273.2,16430487,-0.012006693265754587,-0.017353213747715528
2018-10-09 09:15:00+05:30,275.5,275.5,267.75,268.5,10540674,-0.017353213747715528,0.0059413468496505055
2018-10-10 09:15:00+05:30,269.9,271.15,267.2,270.1,11479650,0.0059413468496505055,-0.01830800248686258
2018-10-11 09:15:00+05:30,265.0,269.3,263.65,265.2,10609934,-0.01830800248686258,0.03701384774748124
2018-10-12 09:15:00+05:30,267.5,277.65,267.3,275.2,13425871,0.03701384774748124,0.026180444527307004
2018-10-15 09:15:00+05:30,278.95,283.6,276.0,282.5,17933322,0.026180444527307004,0.0005308325348039849
2018-10-16 09:15:00+05:30,283.0,283.75,276.35,282.65,11867994,0.0005308325348039849,0.013354617733287144
2018-10-17 09:15:00+05:30,283.9,291.65,281.55,286.45,15307324,0.013354617733287144,0.0104185696704269
2018-10-19 09:15:00+05:30,285.0,291.55,284.75,289.45,8032126,0.0104185696704269,-0.003287484576859299
2018-10-22 09:15:00+05:30,292.0,293.1,287.3,288.5,12484871,-0.003287484576859299,-0.0087032751283017
2018-10-23 09:15:00+05:30,286.0,291.2,283.55,286.0,10843970,-0.0087032751283017,0.0061002367821393535
2018-10-24 09:15:00+05:30,288.7,289.65,286.35,287.75,8690022,0.0061002367821393535,-0.0006952894422287525
2018-10-25 09:15:00+05:30,286.0,289.5,284.5,287.55,9584217,-0.0006952894422287525,-0.0233980240495653
2018-10-26 09:15:00+05:30,289.7,289.8,276.0,280.9,21475541,-0.0233980240495653,0.009213389057608849
2018-10-29 09:15:00+05:30,281.9,285.25,278.95,283.5,11342580,0.009213389057608849,-0.016179568876269416
2018-10-30 09:15:00+05:30,283.25,283.85,278.0,278.95,6847149,-0.016179568876269416,0.004114127974525561
2018-10-31 09:15:00+05:30,279.55,281.0,272.85,280.1,13501859,0.004114127974525561,-0.009686174385331767
2018-11-01 09:15:00+05:30,280.0,281.8,274.8,277.4,9452718,-0.009686174385331767,0.020869392027384467
2018-11-02 09:15:00+05:30,278.3,285.95,278.3,283.25,11644681,0.020869392027384467,-0.012969889548460461
2018-11-05 09:15:00+05:30,285.25,285.25,278.4,279.6,7381232,-0.012969889548460461,-0.008260057737922913
2018-11-06 09:15:00+05:30,281.1,281.85,276.1,277.3,9766345,-0.008260057737922913,-0.00018032639125600066
2018-11-09 09:15:00+05:30,279.0,279.7,275.9,277.25,15034793,-0.00018032639125600066,-0.012339115000746031
2018-11-12 09:15:00+05:30,277.8,278.2,273.25,273.85,7047500,-0.012339115000746031,0.010895332039245795
2018-11-13 09:15:00+05:30,273.95,277.9,273.15,276.85,6700755,0.010895332039245795,-0.0014458704850343733
2018-11-14 09:15:00+05:30,278.1,278.4,274.65,276.45,6915975,-0.0014458704850343733,-0.00707871183435658
2018-11-15 09:15:00+05:30,276.85,279.25,273.5,274.5,12153864,-0.00707871183435658,0.007440375491101807
2018-11-16 09:15:00+05:30,275.8,278.3,275.25,276.55,12635521,0.007440375491101807,0.028341617125698628
2018-11-19 09:15:00+05:30,277.35,285.0,276.5,284.5,16720100,0.028341617125698628,-0.002287323949650262
2018-11-20 09:15:00+05:30,285.0,286.65,281.8,283.85,7796633,-0.002287323949650262,-0.00742577669684965
2018-11-21 09:15:00+05:30,284.5,284.8,280.0,281.75,5650063,-0.00742577669684965,-0.0044464279571347
2018-11-22 09:15:00+05:30,282.0,284.5,279.6,280.5,6680354,-0.0044464279571347,0.01819356020772049
2018-11-26 09:15:00+05:30,281.25,286.35,280.7,285.65,8948042,0.01819356020772049,-0.002804559244066842
2018-11-27 09:15:00+05:30,286.1,286.45,282.8,284.85,6881741,-0.002804559244066842,-0.00934668650769109
2018-11-28 09:15:00+05:30,285.4,287.95,280.8,282.2,8856761,-0.00934668650769109,0.01878071874104972
2018-11-29 09:15:00+05:30,283.65,289.3,283.45,287.55,13657479,0.01878071874104972,-0.006104492663996126
2018-11-30 09:15:00+05:30,289.5,290.0,284.8,285.8,8639876,-0.006104492663996126,-0.01002206190723424
2018-12-03 00:00:00+05:30,287.25,289.5,282.55,282.95,8565591,-0.01002206190723424,-0.003895189060948737
2018-12-04 00:00:00+05:30,281.0,283.3,280.95,281.85,6305882,-0.003895189060948737,-0.023331998819093484
2018-12-05 00:00:00+05:30,281.0,281.8,274.2,275.35,11453283,-0.023331998819093484,-0.008388087110327853
2018-12-06 00:00:00+05:30,274.5,274.9,271.5,273.05,9682118,-0.008388087110327853,0.003655642893962765
2018-12-07 00:00:00+05:30,274.95,276.2,273.3,274.05,8103784,0.003655642893962765,-0.013223333174689541
2018-12-10 00:00:00+05:30,272.0,272.3,269.15,270.45,6683094,-0.013223333174689541,0.015592354783792124
2018-12-11 00:00:00+05:30,268.4,276.05,268.2,274.7,10238800,0.015592354783792124,0.004902415628825581
2018-12-12 00:00:00+05:30,275.7,277.7,272.6,276.05,10084682,0.004902415628825581,-0.002720596581491993
2018-12-13 00:00:00+05:30,279.0,279.4,273.5,275.3,15821425,-0.002720596581491993,0.0016332459850501933
2018-12-14 00:00:00+05:30,274.35,277.25,273.9,275.75,8594764,0.0016332459850501933,0.014759087203756786
2018-12-17 00:00:00+05:30,277.0,281.4,275.9,279.85,12232198,0.014759087203756786,-0.006093208816066527
2018-12-18 00:00:00+05:30,279.05,280.6,277.0,278.15,8832786,-0.006093208816066527,0.018875204249010506
2018-12-19 00:00:00+05:30,279.0,284.0,278.5,283.45,13133469,0.018875204249010506,-0.002826357649012977
2018-12-20 00:00:00+05:30,281.0,284.4,281.0,282.65,4964496,-0.002826357649012977,-0.021094811532553444
2018-12-21 00:00:00+05:30,283.0,284.0,276.05,276.75,6816618,-0.021094811532553444,-0.002713705871596273
2018-12-24 00:00:00+05:30,278.85,280.7,275.25,276.0,8540575,-0.002713705871596273,0.0023523036269686225
2018-12-26 00:00:00+05:30,276.35,278.8,274.8,276.65,8494118,0.0023523036269686225,0.014711424274433952
2018-12-27 00:00:00+05:30,279.0,281.65,277.3,280.75,11441104,0.014711424274433952,0.005328609411218932
2018-12-28 00:00:00+05:30,279.15,284.0,279.15,282.25,13194286,0.005328609411218932,-0.0021280376890485514
2018-12-31 00:00:00+05:30,282.8,283.85,281.1,281.65,5452405,-0.0021280376890485514,0.003721099358821662
2019-01-01 00:00:00+05:30,282.2,283.55,279.8,282.7,2490548,0.003721099358821662,-0.007456097031184006
2019-01-02 00:00:00+05:30,282.25,283.25,277.55,280.6,9934187,-0.007456097031184006,-0.006256164832797831
2019-01-03 00:00:00+05:30,280.6,282.45,277.75,278.85,6114946,-0.006256164832797831,0.007502714722644295
2019-01-04 00:00:00+05:30,279.15,282.95,279.15,280.95,7805148,0.007502714722644295,0.0024884477825157848
2019-01-07 00:00:00+05:30,284.3,285.25,281.0,281.65,9757529,0.0024884477825157848,0.009188967289922528
2019-01-08 00:00:00+05:30,282.0,285.5,281.35,284.25,7480522,0.009188967289922528,0.021405150319995445
2019-01-09 00:00:00+05:30,285.6,291.7,284.6,290.4,12182118,0.021405150319995445,-0.0027586224390795284
2019-01-10 00:00:00+05:30,290.75,293.7,288.9,289.6,10288580,-0.0027586224390795284,0.019660433241683
2019-01-11 00:00:00+05:30,291.9,296.0,291.5,295.35,16773035,0.019660433241683,-0.0035614385138171794
2019-01-14 00:00:00+05:30,294.5,294.8,290.0,294.3,6400147,-0.0035614385138171794,0.007616183045308509
2019-01-15 00:00:00+05:30,295.25,297.4,294.0,296.55,7213165,0.007616183045308509,-0.008466017378770606
2019-01-16 00:00:00+05:30,296.0,296.55,291.7,294.05,7784035,-0.008466017378770606,-0.00034013605770110084
2019-01-17 00:00:00+05:30,294.1,295.6,290.15,293.95,10601100,-0.00034013605770110084,-0.008541220356705142
2019-01-18 00:00:00+05:30,293.25,295.1,290.65,291.45,10994807,-0.008541220356705142,-0.005332428563949058
2019-01-21 00:00:00+05:30,292.85,293.2,288.7,289.9,8203333,-0.005332428563949058,-0.0005175537077486283
2019-01-22 00:00:00+05:30,289.85,291.0,285.15,289.75,10329563,-0.0005175537077486283,-0.043918529598128725
2019-01-23 00:00:00+05:30,291.5,294.4,275.0,277.3,40188183,-0.043918529598128725,0.005753342011710722
2019-01-24 00:00:00+05:30,279.3,283.35,277.85,278.9,28026449,0.005753342011710722,0.001075076254774108
2019-01-25 00:00:00+05:30,280.0,282.7,278.5,279.2,8897906,0.001075076254774108,-0.01606677760448659
2019-01-28 00:00:00+05:30,278.9,279.45,274.2,274.75,8992136,-0.01606677760448659,0.01337691675194674
2019-01-29 00:00:00+05:30,275.3,279.0,274.75,278.45,6998389,0.01337691675194674,-0.010650881442708425
2019-01-30 00:00:00+05:30,280.1,280.2,274.2,275.5,10449713,-0.010650881442708425,0.011368885422576167
2019-01-31 00:00:00+05:30,276.5,279.6,273.6,278.65,15346406,0.011368885422576167,0.007864204962896576
2019-02-01 00:00:00+05:30,280.65,285.2,279.1,280.85,18353829,0.007864204962896576,-0.013442267109509009
2019-02-04 00:00:00+05:30,281.9,281.9,276.05,277.1,6056619,-0.013442267109509009,-0.010703050018875476
2019-02-05 00:00:00+05:30,277.35,277.8,272.5,274.15,9827060,-0.010703050018875476,0.012865992462696494
2019-02-06 00:00:00+05:30,275.0,278.4,274.55,277.7,8097580,0.012865992462696494,0.00931906385798887
2019-02-07 00:00:00+05:30,277.9,281.0,277.0,280.3,5947966,0.00931906385798887,-0.017272829577773492
2019-02-08 00:00:00+05:30,279.5,281.2,274.6,275.5,4405887,-0.017272829577773492,0.005790823275963715
2019-02-11 00:00:00+05:30,275.8,278.2,268.45,277.1,9952322,0.005790823275963715,-0.006517039720371188
2019-02-12 00:00:00+05:30,277.05,280.5,274.6,275.3,7341352,-0.006517039720371188,0.005614431120414605
2019-02-13 00:00:00+05:30,280.05,283.9,275.2,276.85,15344186,0.005614431120414605,0.003785493479481665
2019-02-14 00:00:00+05:30,277.0,280.2,277.0,277.9,9993785,0.003785493479481665,0.007885345517604989
2019-02-15 00:00:00+05:30,279.0,280.95,275.4,280.1,37552143,0.007885345517604989,-0.019467089164834833
2019-02-18 00:00:00+05:30,278.8,282.45,273.9,274.7,40666405,-0.019467089164834833,0.004358888122012228
2019-02-19 00:00:00+05:30,274.0,279.2,274.0,275.9,34451117,0.004358888122012228,-0.0001812415048004865
2019-02-20 00:00:00+05:30,277.25,277.5,274.25,275.85,5977880,-0.0001812415048004865,-0.002904340396972756
2019-02-21 00:00:00+05:30,275.9,276.75,274.2,275.05,6995026,-0.002904340396972756,-0.0027305013779095368
2019-02-22 00:00:00+05:30,275.6,275.95,273.1,274.3,8763445,-0.0027305013779095368,0.008711488849322662
2019-02-25 00:00:00+05:30,274.5,277.15,273.0,276.7,30047503,0.008711488849322662,-0.004346258199911042
2019-02-26 00:00:00+05:30,274.95,277.0,274.05,275.5,11779606,-0.004346258199911042,-0.0014529606624401952
2019-02-27 00:00:00+05:30,276.0,278.9,273.9,275.1,13128412,-0.0014529606624401952,0.003447340799524714
2019-02-28 00:00:00+05:30,277.3,277.3,274.25,276.05,43208896,0.003447340799524714,0.007758270759288731
2019-03-01 00:00:00+05:30,276.45,279.0,276.25,278.2,8830848,0.007758270759288731,0.015515246586509974
2019-03-05 00:00:00+05:30,280.0,284.0,276.05,282.55,13580306,0.015515246586509974,0.011261776599067606
2019-03-06 00:00:00+05:30,285.0,289.2,284.75,285.75,20045621,0.011261776599067606,0.015108388452438474
2019-03-07 00:00:00+05:30,286.7,291.0,285.85,290.1,14287507,0.015108388452438474,0.00652811114092335
2019-03-08 00:00:00+05:30,290.3,293.0,288.4,292.0,12681454,0.00652811114092335,0.003248143722515836
2019-03-11 00:00:00+05:30,293.0,294.9,291.1,292.95,14720968,0.003248143722515836,0.005277057100843819
2019-03-12 00:00:00+05:30,294.0,295.65,293.15,294.5,14142103,0.005277057100843819,0.0013573127295891314
2019-03-13 00:00:00+05:30,295.0,297.0,294.15,294.9,11070294,0.0013573127295891314,0.0020325210249224307
2019-03-14 00:00:00+05:30,295.4,296.0,290.45,295.5,10113962,0.0020325210249224307,-0.016033091186788532
2019-03-15 00:00:00+05:30,295.95,296.55,289.35,290.8,21395473,-0.016033091186788532,0.010093319799004451
2019-03-18 00:00:00+05:30,292.0,294.2,291.3,293.75,9166882,0.010093319799004451,0.01921839325210267
2019-03-19 00:00:00+05:30,294.6,300.0,293.35,299.45,15756420,0.01921839325210267,-0.0018383894205793274
2019-03-20 00:00:00+05:30,300.0,301.95,296.6,298.9,15619922,-0.0018383894205793274,-0.0023446669592541345
2019-03-22 00:00:00+05:30,300.0,300.0,296.55,298.2,8067384,-0.0023446669592541345,-0.010619568827460148
2019-03-25 00:00:00+05:30,297.0,297.0,293.2,295.05,8015871,-0.010619568827460148,-0.0056079677942965514
2019-03-26 00:00:00+05:30,295.0,296.35,291.05,293.4,10763629,-0.0056079677942965514,-0.0010230179920344034
2019-03-27 00:00:00+05:30,294.0,296.7,291.6,293.1,8432517,-0.0010230179920344034,0.02326862693935427
2019-03-28 00:00:00+05:30,294.1,302.0,293.0,300.0,17752380,0.02326862693935427,-0.009208939085309837
2019-03-29 00:00:00+05:30,302.0,303.0,295.45,297.25,11913335,-0.009208939085309837,0.0
2019-04-01 00:00:00+05:30,297.0,299.2,296.55,297.25,6203276,0.0,0.0021843241483453053
2019-04-02 00:00:00+05:30,297.4,300.0,294.65,297.9,9849417,0.0021843241483453053,-0.00589177699626248
2019-04-03 00:00:00+05:30,298.0,299.0,295.15,296.15,9064767,-0.00589177699626248,-0.004568922407792572
2019-04-04 00:00:00+05:30,296.0,297.3,293.75,294.8,6965053,-0.004568922407792572,-0.0008483923474851476
2019-04-05 00:00:00+05:30,295.05,296.4,292.65,294.55,7806991,-0.0008483923474851476,-0.0061297654898696515
2019-04-08 00:00:00+05:30,294.65,295.0,291.7,292.75,5288853,-0.0061297654898696515,0.012053452101692883
2019-04-09 00:00:00+05:30,292.5,296.7,292.25,296.3,6175672,0.012053452101692883,-0.0054145648358705865
2019-04-10 00:00:00+05:30,296.05,296.55,293.5,294.7,5334642,-0.0054145648358705865,0.005752003678282739
2019-04-11 00:00:00+05:30,294.55,297.45,293.0,296.4,10764968,0.005752003678282739,0.031057881145350054
2019-04-12 00:00:00+05:30,296.65,307.4,295.6,305.75,21818291,0.031057881145350054,-0.0008179959556316983
2019-04-15 00:00:00+05:30,307.9,310.0,304.35,305.5,12612414,-0.0008179959556316983,0.0055492226618670025
2019-04-16 00:00:00+05:30,306.8,309.95,306.15,307.2,9746168,0.0055492226618670025,-0.009156375285986368
2019-04-18 00:00:00+05:30,308.25,308.25,303.55,304.4,8838122,-0.009156375285986368,-0.00857807965378218
2019-04-22 00:00:00+05:30,303.85,305.5,301.05,301.8,6672456,-0.00857807965378218,0.005287520580683197
2019-04-23 00:00:00+05:30,302.15,304.8,301.55,303.4,7496038,0.005287520580683197,0.010002543017308884
2019-04-24 00:00:00+05:30,303.4,307.2,298.5,306.45,11447878,0.010002543017308884,-0.007533609165026402
2019-04-25 00:00:00+05:30,307.25,309.8,302.0,304.15,23240675,-0.007533609165026402,0.0013142765157794706
2019-04-26 00:00:00+05:30,304.6,306.4,302.55,304.55,4654775,0.0013142765157794706,-0.010562897353440452
2019-04-30 00:00:00+05:30,304.55,307.55,299.5,301.35,11163210,-0.010562897353440452,0.012039396678358445
2019-05-02 00:00:00+05:30,301.1,306.5,300.6,305.0,7493271,0.012039396678358445,-0.0024620447397750386
2019-05-03 00:00:00+05:30,304.25,307.45,303.3,304.25,5885895,-0.0024620447397750386,0.008998015719560583
2019-05-06 00:00:00+05:30,304.0,307.5,300.75,307.0,6737627,0.008998015719560583,-0.016751910874404065
2019-05-07 00:00:00+05:30,308.25,309.5,300.85,301.9,8655871,-0.016751910874404065,-0.0041490392272154385
2019-05-08 00:00:00+05:30,300.0,303.4,298.65,300.65,7876031,-0.0041490392272154385,-0.002664447871058803
2019-05-09 00:00:00+05:30,299.4,301.3,296.35,299.85,10223616,-0.002664447871058803,-0.007028141379109335
2019-05-10 00:00:00+05:30,300.0,300.45,296.9,297.75,6904657,-0.007028141379109335,-0.028789996253320013
2019-05-13 00:00:00+05:30,295.1,303.5,287.7,289.3,35880558,-0.028789996253320013,0.017305323492180908
2019-05-14 00:00:00+05:30,291.0,298.25,288.85,294.35,21145245,0.017305323492180908,0.009130939327480072
2019-05-15 00:00:00+05:30,297.55,299.3,292.0,297.05,17894032,0.009130939327480072,-0.007772935384270128
2019-05-16 00:00:00+05:30,297.0,297.0,293.25,294.75,7354375,-0.007772935384270128,0.022310746774914594
2019-05-17 00:00:00+05:30,295.1,302.35,295.1,301.4,11194900,0.022310746774914594,0.018409461394802127
2019-05-20 00:00:00+05:30,306.85,307.55,302.1,307.0,11013451,0.018409461394802127,-0.0035894964303394058
2019-05-21 00:00:00+05:30,307.0,310.0,305.3,305.9,10518883,-0.0035894964303394058,-0.020309457249234105
2019-05-22 00:00:00+05:30,302.15,302.8,296.8,299.75,13737694,-0.020309457249234105,-0.039294110342201975
2019-05-23 00:00:00+05:30,305.0,305.6,287.0,288.2,31380501,-0.039294110342201975,0.007776760873119865
2019-05-24 00:00:00+05:30,291.5,291.65,287.3,290.45,10879657,0.007776760873119865,0.001376225918229198
2019-05-27 00:00:00+05:30,291.25,293.55,289.05,290.85,9024193,0.001376225918229198,-0.006727062884581116
2019-05-28 00:00:00+05:30,291.8,292.0,288.1,288.9,15598601,-0.006727062884581116,-0.0027729653817065913
2019-05-29 00:00:00+05:30,288.8,291.7,287.6,288.1,7255516,-0.0027729653817065913,0.0019072394164596225
2019-05-30 00:00:00+05:30,289.0,291.05,288.3,288.65,8656311,0.0019072394164596225,-0.035617305040117966
2019-05-31 00:00:00+05:30,289.35,291.5,277.45,278.55,26281811,-0.035617305040117966,0.0
2019-06-03 00:00:00+05:30,281.4,281.5,275.3,278.55,19569620,0.0,0.0025098614824854513
2019-06-04 00:00:00+05:30,279.25,282.15,278.8,279.25,13850737,0.0025098614824854513,-0.012612779815698248
2019-06-06 00:00:00+05:30,280.4,280.4,275.3,275.75,10660963,-0.012612779815698248,-0.0018148825308225006
2019-06-07 00:00:00+05:30,276.8,276.8,274.2,275.25,7699206,-0.0018148825308225006,0.014964671220071989
2019-06-10 00:00:00+05:30,278.3,280.55,276.9,279.4,8615348,0.014964671220071989,0.0016092985145072813
2019-06-11 00:00:00+05:30,280.9,281.4,279.2,279.85,8461371,0.0016092985145072813,0.0003572704575335867
2019-06-12 00:00:00+05:30,281.4,281.4,278.25,279.95,8247867,0.0003572704575335867,0.002319151873458485
2019-06-13 00:00:00+05:30,278.9,281.35,278.55,280.6,7198584,0.002319151873458485,-0.009129214034787598
2019-06-14 00:00:00+05:30,280.5,280.5,277.15,278.05,7908039,-0.009129214034787598,-0.011029855967001692
2019-06-17 00:00:00+05:30,278.85,278.85,274.45,275.0,10013278,-0.011029855967001692,0.0003635702639575435
2019-06-18 00:00:00+05:30,276.15,277.85,274.0,275.1,13845733,0.0003635702639575435,0.0076045993852192125
2019-06-19 00:00:00+05:30,275.7,278.9,275.6,277.2,9046515,0.0076045993852192125,-0.000721761128409624
2019-06-20 00:00:00+05:30,277.0,277.95,275.35,277.0,10566110,-0.000721761128409624,-0.009977407031998902
2019-06-21 00:00:00+05:30,276.65,276.65,273.25,274.25,18595809,-0.009977407031998902,0.007266153676622977
2019-06-24 00:00:00+05:30,274.25,277.5,274.25,276.25,8935066,0.007266153676622977,0.008111806535376112
2019-06-25 00:00:00+05:30,275.05,280.0,274.25,278.5,12379897,0.008111806535376112,-0.0039575514866075304
2019-06-26 00:00:00+05:30,278.45,278.7,276.35,277.4,7421269,-0.0039575514866075304,-0.014158886018695234
2019-06-27 00:00:00+05:30,277.95,278.2,272.8,273.5,23308215,-0.014158886018695234,0.0012788893676944227
2019-06-28 00:00:00+05:30,274.1,275.45,272.5,273.85,8449727,0.0012788893676944227,0.004008751724093345
2019-07-01 00:00:00+05:30,274.4,276.25,274.15,274.95,5042447,0.004008751724093345,-0.0040087517240932425
2019-07-02 00:00:00+05:30,275.35,275.65,273.2,273.85,9976439,-0.0040087517240932425,0.010353375563149747
2019-07-03 00:00:00+05:30,274.3,277.55,272.15,276.7,18120809,0.010353375563149747,0.0034274408947360213
2019-07-04 00:00:00+05:30,277.45,278.25,275.2,277.65,9697597,0.0034274408947360213,0.006462058028091024
2019-07-05 00:00:00+05:30,277.65,281.85,268.0,279.45,37047327,0.006462058028091024,-0.007182648943796863
2019-07-08 00:00:00+05:30,280.15,282.9,275.8,277.45,12169249,-0.007182648943796863,-0.01580270829225081
2019-07-09 00:00:00+05:30,276.95,277.55,272.15,273.1,7706490,-0.01580270829225081,0.0001830663620672161
2019-07-10 00:00:00+05:30,273.55,275.25,270.75,273.15,8162744,0.0001830663620672161,0.009110850193965835
2019-07-11 00:00:00+05:30,274.0,276.9,273.6,275.65,8403695,0.009110850193965835,-0.0021790457142254315
2019-07-12 00:00:00+05:30,275.4,276.45,273.1,275.05,10468936,-0.0021790457142254315,-0.015018597309343972
2019-07-15 00:00:00+05:30,275.0,275.6,270.55,270.95,8536705,-0.015018597309343972,0.003683923856846587
2019-07-16 00:00:00+05:30,271.0,272.75,270.6,271.95,6357525,0.003683923856846587,0.0034872018453230807
2019-07-17 00:00:00+05:30,272.45,273.15,270.7,272.9,6294203,0.0034872018453230807,0.0003663674706671163
2019-07-18 00:00:00+05:30,272.95,275.1,272.3,273.0,9096757,0.0003663674706671163,-0.017366037753381216
2019-07-19 00:00:00+05:30,274.1,274.25,268.0,268.3,7986847,-0.017366037753381216,-0.014642649454047389
2019-07-22 00:00:00+05:30,268.0,268.2,264.0,264.4,13516960,-0.014642649454047389,0.023363365265455578
2019-07-23 00:00:00+05:30,265.5,271.7,265.0,270.65,14396986,0.023363365265455578,0.000738688860921217
2019-07-24 00:00:00+05:30,270.3,273.35,267.9,270.85,12072603,0.000738688860921217,-0.011138039776938533
2019-07-25 00:00:00+05:30,271.0,272.5,266.9,267.85,17669912,-0.011138039776938533,0.00947522184183953
2019-07-26 00:00:00+05:30,268.75,271.0,266.9,270.4,4788040,0.00947522184183953,-0.009848634840950738
2019-07-29 00:00:00+05:30,270.0,271.15,266.5,267.75,5525308,-0.009848634840950738,0.004285853946960821
2019-07-30 00:00:00+05:30,268.0,270.1,266.55,268.9,13233351,0.004285853946960821,0.004822862251279601
2019-07-31 00:00:00+05:30,268.6,271.1,266.0,270.2,13649764,0.004822862251279601,-0.009855960768784745
2019-08-01 00:00:00+05:30,270.45,270.7,266.5,267.55,5925611,-0.009855960768784745,-0.011465213458959648
2019-08-02 00:00:00+05:30,267.2,267.2,263.1,264.5,8890911,-0.011465213458959648,-0.01792914706185488
2019-08-05 00:00:00+05:30,264.4,264.5,257.65,259.8,11556743,-0.01792914706185488,-0.003470217479007329
2019-08-06 00:00:00+05:30,258.75,261.5,258.15,258.9,9408544,-0.003470217479007329,-0.02048652274479289
2019-08-07 00:00:00+05:30,259.05,259.35,253.1,253.65,8489812,-0.02048652274479289,0.016034758884370337
2019-08-08 00:00:00+05:30,255.0,258.7,253.0,257.75,6370866,0.016034758884370337,-0.013868764141715662
2019-08-09 00:00:00+05:30,258.85,258.85,253.5,254.2,9927337,-0.013868764141715662,-0.03157105362886138
2019-08-13 00:00:00+05:30,253.8,254.0,244.0,246.3,20992894,-0.03157105362886138,0.009898070912209801
2019-08-14 00:00:00+05:30,246.3,253.6,244.05,248.75,13809031,0.009898070912209801,0.01694111268881809
2019-08-16 00:00:00+05:30,248.75,253.4,247.4,253.0,10337358,0.01694111268881809,-0.005747711790192653
2019-08-19 00:00:00+05:30,253.5,257.3,250.95,251.55,12524627,-0.005747711790192653,-0.020279783454582746
2019-08-20 00:00:00+05:30,251.6,251.95,245.45,246.5,15000271,-0.020279783454582746,-0.020699581163193932
2019-08-21 00:00:00+05:30,246.7,246.9,240.85,241.45,14736226,-0.020699581163193932,-0.0058151773426014745
2019-08-22 00:00:00+05:30,242.2,246.0,239.0,240.05,10513066,-0.0058151773426014745,-0.016591790885482217
2019-08-23 00:00:00+05:30,239.0,239.45,234.65,236.1,16440329,-0.016591790885482217,0.026746266286070592
2019-08-26 00:00:00+05:30,240.7,243.45,234.95,242.5,12857092,0.026746266286070592,0.012295236857037338
2019-08-27 00:00:00+05:30,243.95,246.3,242.7,245.5,14529777,0.012295236857037338,0.0018313160067735207
2019-08-28 00:00:00+05:30,246.15,247.65,243.1,245.95,8894489,0.0018313160067735207,-0.01950179838831849
2019-08-29 00:00:00+05:30,243.95,245.45,240.15,241.2,11105245,-0.01950179838831849,0.018281293761627047
2019-08-30 00:00:00+05:30,242.75,247.2,239.05,245.65,11772247,0.018281293761627047,-0.01683126761424159
2019-09-03 00:00:00+05:30,244.45,244.45,240.65,241.55,9546229,-0.01683126761424159,0.007013230065698632
2019-09-04 00:00:00+05:30,241.6,244.55,241.3,243.25,7032392,0.007013230065698632,0.004102569856777684
2019-09-05 00:00:00+05:30,242.0,246.9,242.0,244.25,8451611,0.004102569856777684,-0.0014339857010174822
2019-09-06 00:00:00+05:30,244.3,245.85,243.25,243.9,8704669,-0.0014339857010174822,0.006538642012700582
2019-09-09 00:00:00+05:30,244.65,246.5,243.2,245.5,9085228,0.006538642012700582,-0.007153837356618658
2019-09-11 00:00:00+05:30,244.6,245.45,243.0,243.75,8968683,-0.007153837356618658,-0.012384059199721666
2019-09-12 00:00:00+05:30,244.3,245.0,240.0,240.75,8083759,-0.012384059199721666,-0.003536880832586078
2019-09-13 00:00:00+05:30,241.0,242.45,238.6,239.9,14031943,-0.003536880832586078,-0.002086376721776076
2019-09-16 00:00:00+05:30,239.5,240.85,238.3,239.4,7084644,-0.002086376721776076,-0.009232126000302442
2019-09-17 00:00:00+05:30,239.8,240.1,236.8,237.2,10672279,-0.009232126000302442,0.008605363209493299
2019-09-18 00:00:00+05:30,237.7,242.3,234.05,239.25,19956339,0.008605363209493299,-0.010715513813125405
2019-09-19 00:00:00+05:30,239.95,239.95,236.1,236.7,8483309,-0.010715513813125405,0.005687219120589514
2019-09-20 00:00:00+05:30,237.0,248.5,234.3,238.05,63568127,0.005687219120589514,0.06819440114552282
2019-09-23 00:00:00+05:30,250.0,260.5,249.9,254.85,52040316,0.06819440114552282,0.0045023076935118474
2019-09-24 00:00:00+05:30,255.0,258.0,253.8,256.0,17167257,0.0045023076935118474,-0.03356486267213037
2019-09-25 00:00:00+05:30,255.1,256.25,242.7,247.55,20597095,-0.03356486267213037,0.011447057418511325
2019-09-26 00:00:00+05:30,247.3,251.4,246.25,250.4,17847616,0.011447057418511325,0.010132201512001502
2019-09-27 00:00:00+05:30,250.0,258.0,250.0,252.95,17535666,0.010132201512001502,0.02691270071650598
2019-09-30 00:00:00+05:30,254.75,260.8,249.4,259.85,20588289,0.02691270071650598,-0.01531779828870782
2019-10-01 00:00:00+05:30,259.1,262.45,255.0,255.9,15440899,-0.01531779828870782,0.022220989652473568
2019-10-03 00:00:00+05:30,257.7,262.15,256.05,261.65,12356337,0.022220989652473568,-0.016959358104057746
2019-10-04 00:00:00+05:30,263.0,263.9,255.2,257.25,18085064,-0.016959358104057746,-0.021016191355594446
2019-10-07 00:00:00+05:30,257.5,258.0,250.7,251.9,21263568,-0.021016191355594446,-0.019239070364000195
2019-10-09 00:00:00+05:30,251.3,252.2,246.3,247.1,21503869,-0.019239070364000195,-0.015908962902552424
2019-10-10 00:00:00+05:30,247.0,247.65,242.65,243.2,24294966,-0.015908962902552424,0.0030791361698342306
2019-10-11 00:00:00+05:30,243.2,246.2,241.1,243.95,25072193,0.0030791361698342306,0.0006146911370681059
2019-10-14 00:00:00+05:30,245.45,246.4,243.0,244.1,14713799,0.0006146911370681059,0.014236563411526753
2019-10-15 00:00:00+05:30,245.05,249.2,245.05,247.6,9989191,0.014236563411526753,-0.016081771520925756
2019-10-16 00:00:00+05:30,247.4,247.6,242.15,243.65,16063295,-0.016081771520925756,0.00898882456843306
2019-10-17 00:00:00+05:30,244.0,246.7,243.85,245.85,13649598,0.00898882456843306,0.002640399624796515
2019-10-18 00:00:00+05:30,246.0,247.8,245.1,246.5,12833554,0.002640399624796515,0.009689215890801631
2019-10-22 00:00:00+05:30,245.0,251.1,244.95,248.9,18275636,0.009689215890801631,0.008600913107168132
2019-10-23 00:00:00+05:30,250.4,251.95,249.05,251.05,12831461,0.008600913107168132,-0.007998442961422134
2019-10-24 00:00:00+05:30,252.6,254.0,247.95,249.05,16791340,-0.007998442961422134,-0.005435343023978666
2019-10-25 00:00:00+05:30,256.9,257.2,247.0,247.7,32591192,-0.005435343023978666,0.010841302730629705
2019-10-27 00:00:00+05:30,249.95,251.1,249.7,250.4,3132126,0.010841302730629705,0.011317503902849304
2019-10-29 00:00:00+05:30,250.95,255.1,249.55,253.25,11937562,0.011317503902849304,0.02399412875355065
2019-10-30 00:00:00+05:30,256.0,264.0,254.3,259.4,34291157,0.02399412875355065,-0.00676919710811018
2019-10-31 00:00:00+05:30,260.0,262.85,256.2,257.65,16654994,-0.00676919710811018,0.014067097752333621
2019-11-01 00:00:00+05:30,259.35,263.0,258.75,261.3,12571588,0.014067097752333621,-0.0021070786456850645
2019-11-04 00:00:00+05:30,262.95,264.95,260.05,260.75,7895272,-0.0021070786456850645,0.008211637854953647
2019-11-05 00:00:00+05:30,261.0,264.0,258.6,262.9,10278362,0.008211637854953647,-0.005913226576904504
2019-11-06 00:00:00+05:30,262.95,263.8,260.0,261.35,8857419,-0.005913226576904504,0.017071734791416555
2019-11-07 00:00:00+05:30,262.9,266.3,262.0,265.85,14782434,0.017071734791416555,-0.02032937875692591
2019-11-08 00:00:00+05:30,264.85,265.45,260.0,260.5,11899353,-0.02032937875692591,-0.004038855379673059
2019-11-11 00:00:00+05:30,260.6,262.35,258.8,259.45,7245151,-0.004038855379673059,-0.021820464420345305
2019-11-13 00:00:00+05:30,258.9,259.25,253.15,253.85,10269356,-0.021820464420345305,0.00019694731722943884
2019-11-14 00:00:00+05:30,254.1,255.9,253.25,253.9,8880734,0.00019694731722943884,-0.012882945001120381
2019-11-15 00:00:00+05:30,254.25,255.75,250.0,250.65,16741465,-0.012882945001120381,0.0003988831325324726
2019-11-18 00:00:00+05:30,251.45,252.25,248.75,250.75,7864919,0.0003988831325324726,-0.005799436312532615
2019-11-19 00:00:00+05:30,251.75,251.8,248.8,249.3,12152981,-0.005799436312532615,0.0056000146347354165
2019-11-20 00:00:00+05:30,249.3,251.3,246.7,250.7,9978073,0.0056000146347354165,-0.020145725637114222
2019-11-21 00:00:00+05:30,251.4,251.4,245.05,245.7,10393219,-0.020145725637114222,0.007905179507113247
2019-11-22 00:00:00+05:30,247.15,252.65,246.65,247.65,16370384,0.007905179507113247,0.00040371417585074293
2019-11-25 00:00:00+05:30,247.75,248.4,246.25,247.75,10586688,0.00040371417585074293,0.005634951517316299
2019-11-26 00:00:00+05:30,248.65,250.4,247.7,249.15,19778030,0.005634951517316299,-0.008869237740779773
2019-11-27 00:00:00+05:30,249.75,250.05,246.6,246.95,8841620,-0.008869237740779773,-0.0010128634513228618
2019-11-28 00:00:00+05:30,247.3,247.95,245.65,246.7,10992718,-0.0010128634513228618,-0.0012167918759462676
2019-11-29 00:00:00+05:30,246.75,247.4,245.0,246.4,9807979,-0.0012167918759462676,-0.005902123574780926
2019-12-02 00:00:00+05:30,246.0,246.9,244.55,244.95,9972664,-0.005902123574780926,-0.003680985751427173
2019-12-03 00:00:00+05:30,244.95,245.8,242.65,244.05,8129241,-0.003680985751427173,-0.0036945854833616756
2019-12-04 00:00:00+05:30,243.5,244.05,242.0,243.15,11946661,-0.0036945854833616756,0.01550735013683906
2019-12-05 00:00:00+05:30,243.15,247.5,243.1,246.95,11265857,0.01550735013683906,-0.014685150707170557
2019-12-06 00:00:00+05:30,247.0,247.15,242.5,243.35,10374270,-0.014685150707170557,-0.007838323959912444
2019-12-09 00:00:00+05:30,243.0,243.3,241.0,241.45,6722758,-0.007838323959912444,-0.024526960542119277
2019-12-10 00:00:00+05:30,241.6,241.7,235.0,235.6,15380232,-0.024526960542119277,0.00845313571105819
2019-12-11 00:00:00+05:30,235.6,238.8,235.6,237.6,13799825,0.00845313571105819,0.003990344473626265
2019-12-12 00:00:00+05:30,238.05,240.2,237.6,238.55,10307052,0.003990344473626265,0.012704534098543828
2019-12-13 00:00:00+05:30,240.0,242.5,239.2,241.6,8205457,0.012704534098543828,-0.019645354895920106
2019-12-16 00:00:00+05:30,243.0,243.4,236.35,236.9,12014269,-0.019645354895920106,0.01736626968689163
2019-12-17 00:00:00+05:30,237.5,241.7,237.5,241.05,15921196,0.01736626968689163,0.016865887245610854
2019-12-18 00:00:00+05:30,240.6,247.35,239.75,245.15,17134732,0.016865887245610854,-0.0032686443810784655
2019-12-19 00:00:00+05:30,246.05,247.9,243.25,244.35,9339714,-0.0032686443810784655,-0.013182477201182949
2019-12-20 00:00:00+05:30,244.35,245.1,240.15,241.15,13958336,-0.013182477201182949,-0.009374092183217032
2019-12-23 00:00:00+05:30,242.0,242.8,238.65,238.9,19082124,-0.009374092183217032,-0.0006280749709242845
2019-12-24 00:00:00+05:30,239.0,240.2,238.2,238.75,7896150,-0.0006280749709242845,-0.008201076350988937
2019-12-26 00:00:00+05:30,238.9,239.4,236.35,236.8,14460325,-0.008201076350988937,0.0004222081548892327
2019-12-27 00:00:00+05:30,237.5,238.45,236.45,236.9,8712539,0.0004222081548892327,0.0054725457564599785
2019-12-30 00:00:00+05:30,238.0,240.9,237.5,238.2,13173134,0.0054725457564599785,-0.002101282555051482
2019-12-31 00:00:00+05:30,238.55,238.95,237.4,237.7,7142051,-0.002101282555051482,0.0016813791266687963
2020-01-01 00:00:00+05:30,238.6,238.6,237.1,238.1,4208837,0.0016813791266687963,0.00732297445525578
2020-01-02 00:00:00+05:30,238.2,240.95,238.1,239.85,8402979,0.00732297445525578,-0.005644417619676958
2020-01-03 00:00:00+05:30,241.0,241.0,238.0,238.5,9284478,-0.005644417619676958,-0.014358354782372153
2020-01-06 00:00:00+05:30,237.5,238.3,235.0,235.1,7636617,-0.014358354782372153,0.001062812301127456
2020-01-07 00:00:00+05:30,236.05,237.9,234.6,235.35,8416741,0.001062812301127456,-0.004898316683534354
2020-01-08 00:00:00+05:30,234.0,235.8,233.25,234.2,7043211,-0.004898316683534354,0.006808536939653746
2020-01-09 00:00:00+05:30,235.6,236.6,235.05,235.8,9452653,0.006808536939653746,0.00928668556820417
2020-01-10 00:00:00+05:30,237.6,238.75,236.8,238.0,9973746,0.00928668556820417,0.005238356661588931
2020-01-13 00:00:00+05:30,238.5,240.5,238.25,239.25,12243639,0.005238356661588931,0.01658069073305074
2020-01-14 00:00:00+05:30,240.25,243.8,238.3,243.25,11843444,0.01658069073305074,-0.0035004668709550735
2020-01-15 00:00:00+05:30,242.55,243.0,241.1,242.4,5476729,-0.0035004668709550735,-0.006830203516924511
2020-01-16 00:00:00+05:30,242.5,243.9,240.1,240.75,9369668,-0.006830203516924511,-0.0033284823739804237
2020-01-17 00:00:00+05:30,240.75,242.1,239.4,239.95,7392403,-0.0033284823739804237,0.008093849311727058
2020-01-20 00:00:00+05:30,240.05,243.25,240.05,241.9,8020816,0.008093849311727058,-0.014364772871748272
2020-01-21 00:00:00+05:30,241.45,241.45,238.0,238.45,9571070,-0.014364772871748272,-0.0016789091037054456
2020-01-22 00:00:00+05:30,239.6,239.6,237.1,238.05,7654918,-0.0016789091037054456,-0.0006303183316157478
2020-01-23 00:00:00+05:30,238.1,238.75,236.9,237.9,6120434,-0.0006303183316157478,0.0010503099379573979
2020-01-24 00:00:00+05:30,237.4,239.1,237.0,238.15,6801874,0.0010503099379573979,-0.015018791027494352
2020-01-27 00:00:00+05:30,237.0,237.4,234.3,234.6,6837613,-0.015018791027494352,-0.016547062836413565
2020-01-28 00:00:00+05:30,234.75,235.9,230.5,230.75,14582907,-0.016547062836413565,0.025247382969295486
2020-01-29 00:00:00+05:30,231.5,237.65,231.15,236.65,20469708,0.025247382969295486,-0.011047488606177394
2020-01-30 00:00:00+05:30,236.95,237.0,233.0,234.05,10394149,-0.011047488606177394,0.004688840644977273
2020-01-31 00:00:00+05:30,235.75,238.4,234.05,235.15,18455880,0.004688840644977273,-0.07115187857455624
2020-02-01 00:00:00+05:30,236.9,239.25,215.5,219.0,42268141,-0.07115187857455624,-0.05345857852476726
2020-02-03 00:00:00+05:30,215.0,216.9,205.0,207.6,79764370,-0.05345857852476726,0.038043571802118724
2020-02-04 00:00:00+05:30,210.8,217.6,209.15,215.65,35767812,0.038043571802118724,0.003702850794137387
2020-02-05 00:00:00+05:30,216.3,217.5,211.5,216.45,21253607,0.003702850794137387,-0.013488576600513943
2020-02-06 00:00:00+05:30,218.0,219.9,211.8,213.55,27388582,-0.013488576600513943,-0.0007026584198225624
2020-02-07 00:00:00+05:30,213.8,215.7,212.75,213.4,17133407,-0.0007026584198225624,-0.013445184259716214
2020-02-10 00:00:00+05:30,214.0,214.05,210.05,210.55,9617387,-0.013445184259716214,0.009689311299910741
2020-02-11 00:00:00+05:30,216.5,216.95,211.8,212.6,29803784,0.009689311299910741,0.00211441403807361
2020-02-12 00:00:00+05:30,213.4,214.8,211.8,213.05,9928416,0.00211441403807361,-0.005412414671667669
2020-02-13 00:00:00+05:30,213.05,213.45,211.2,211.9,9153131,-0.005412414671667669,-0.020019734392186902
2020-02-14 00:00:00+05:30,212.25,212.9,206.8,207.7,13731692,-0.020019734392186902,-0.014060837716713813
2020-02-17 00:00:00+05:30,208.0,208.65,204.0,204.8,15561953,-0.014060837716713813,-0.004649463900090422
2020-02-18 00:00:00+05:30,204.55,204.6,200.5,203.85,20934864,-0.004649463900090422,0.013884037422460166
2020-02-19 00:00:00+05:30,205.25,207.15,203.85,206.7,9054560,0.013884037422460166,0.003621880091154355
2020-02-20 00:00:00+05:30,207.0,208.55,205.45,207.45,15592846,0.003621880091154355,-0.021684367737089514
2020-02-24 00:00:00+05:30,207.0,207.45,201.8,203.0,16594046,-0.021684367737089514,-0.005928871122278698
2020-02-25 00:00:00+05:30,203.8,205.4,201.5,201.8,15313516,-0.005928871122278698,-0.015984356308436476
2020-02-26 00:00:00+05:30,200.65,201.95,196.3,198.6,17869240,-0.015984356308436476,-0.005301034753672406
2020-02-27 00:00:00+05:30,198.4,199.15,195.9,197.55,17271066,-0.005301034753672406,0.0
2020-02-28 00:00:00+05:30,195.0,199.9,192.05,197.55,32628444,0.0,-0.011454878974766478
2020-03-02 00:00:00+05:30,199.5,203.45,193.65,195.3,18560049,-0.011454878974766478,-0.007452173765695226
2020-03-03 00:00:00+05:30,197.0,197.45,192.55,193.85,17947416,-0.007452173765695226,-0.033305818706472624
2020-03-04 00:00:00+05:30,194.95,195.55,186.55,187.5,27664076,-0.033305818706472624,0.0029290395058800124
2020-03-05 00:00:00+05:30,187.55,191.2,186.55,188.05,20025924,0.0029290395058800124,-0.03407576850271676
2020-03-06 00:00:00+05:30,184.85,184.85,179.75,181.75,26764504,-0.03407576850271676,-0.025353078242648243
2020-03-09 00:00:00+05:30,179.0,179.0,174.5,177.2,21795899,-0.025353078242648243,-0.008785659459144486
2020-03-11 00:00:00+05:30,174.0,176.75,172.35,175.65,27957737,-0.008785659459144486,-0.11992024527518812
2020-03-12 00:00:00+05:30,169.0,169.15,150.55,155.8,52040944,-0.11992024527518812,0.040565222147551344
2020-03-13 00:00:00+05:30,150.0,164.0,134.6,162.25,61592332,0.040565222147551344,-0.09700653305250324
2020-03-16 00:00:00+05:30,158.0,158.1,145.25,147.25,33255085,-0.09700653305250324,0.012820688429061469
2020-03-17 00:00:00+05:30,148.0,155.8,146.05,149.15,47658462,0.012820688429061469,0.010338594671692226
2020-03-18 00:00:00+05:30,152.1,154.65,147.35,150.7,50248786,0.010338594671692226,0.07137887473980367
2020-03-19 00:00:00+05:30,150.7,163.55,144.75,161.85,89753683,0.07137887473980367,0.08096906253366709
2020-03-20 00:00:00+05:30,165.1,176.5,165.1,175.5,61997991,0.08096906253366709,-0.12874028353680533
2020-03-23 00:00:00+05:30,158.0,162.0,149.2,154.3,51354135,-0.12874028353680533,-0.030265467943532662
2020-03-24 00:00:00+05:30,162.95,163.7,147.4,149.7,52569242,-0.030265467943532662,-0.015822582241878942
2020-03-25 00:00:00+05:30,151.0,152.0,139.0,147.35,62506221,-0.015822582241878942,0.05960611892750705
2020-03-26 00:00:00+05:30,150.0,159.4,143.25,156.4,58443502,0.05960611892750705,0.0425596144187959
2020-03-27 00:00:00+05:30,162.0,166.0,155.0,163.2,32636891,0.0425596144187959,-0.02481516911972402
2020-03-30 00:00:00+05:30,156.05,164.9,156.05,159.2,28120394,-0.02481516911972402,0.07558749449314715
2020-03-31 00:00:00+05:30,164.0,173.85,161.55,171.7,42630922,0.07558749449314715,-0.03135423951632151
2020-04-01 00:00:00+05:30,171.7,172.75,164.55,166.4,18142049,-0.03135423951632151,0.0668270662846812
2020-04-03 00:00:00+05:30,167.9,182.75,167.0,177.9,62868085,0.0668270662846812,0.020309503188555306
2020-04-07 00:00:00+05:30,185.7,185.7,173.65,181.55,36119016,0.020309503188555306,-0.016102513390926044
2020-04-08 00:00:00+05:30,180.85,184.0,176.65,178.65,37561322,-0.016102513390926044,0.036277679706777366
2020-04-09 00:00:00+05:30,184.0,186.25,180.0,185.25,42643743,0.036277679706777366,-0.019899798009003402
2020-04-13 00:00:00+05:30,184.5,186.65,181.05,181.6,17744825,-0.019899798009003402,0.04179068818061087
2020-04-15 00:00:00+05:30,184.05,193.75,182.7,189.35,49092959,0.04179068818061087,-0.015970528422536424
2020-04-16 00:00:00+05:30,189.65,191.2,185.45,186.35,27082646,-0.015970528422536424,0.00934711038171738
2020-04-17 00:00:00+05:30,190.45,191.4,186.95,188.1,26669272,0.00934711038171738,-0.040135538708801904
2020-04-20 00:00:00+05:30,189.95,189.95,179.5,180.7,35767070,-0.040135538708801904,-0.006106041730083535
2020-04-21 00:00:00+05:30,178.0,184.3,176.05,179.6,23334550,-0.006106041730083535,0.014647215020668262
2020-04-22 00:00:00+05:30,179.0,183.55,176.0,182.25,25164099,0.014647215020668262,-0.009371623165300746
2020-04-23 00:00:00+05:30,182.95,184.0,179.65,180.55,32968241,-0.009371623165300746,-0.00277315762858256
2020-04-24 00:00:00+05:30,181.0,182.8,179.3,180.05,18050148,-0.00277315762858256,-0.0011114199532513927
2020-04-27 00:00:00+05:30,180.25,182.3,179.3,179.85,13086773,-0.0011114199532513927,-0.0022265525480167133
2020-04-28 00:00:00+05:30,180.0,180.8,178.05,179.45,17802711,-0.0022265525480167133,0.014933905860956536
2020-04-29 00:00:00+05:30,180.5,182.9,179.65,182.15,21461158,0.014933905860956536,-0.00054914883313035
2020-04-30 00:00:00+05:30,184.9,184.9,180.45,182.05,30169126,-0.00054914883313035,-0.04493876036399457
2020-05-04 00:00:00+05:30,181.75,181.75,170.65,174.05,30298058,-0.04493876036399457,-0.0008621928972105696
2020-05-05 00:00:00+05:30,175.0,177.45,172.0,173.9,17709577,-0.0008621928972105696,-0.05922393561045339
2020-05-06 00:00:00+05:30,171.4,171.4,160.5,163.9,65586753,-0.05922393561045339,-0.01785212076532102
2020-05-07 00:00:00+05:30,164.0,165.85,160.5,161.0,24249898,-0.01785212076532102,-0.017228303960177375
2020-05-08 00:00:00+05:30,163.95,164.15,157.1,158.25,25307551,-0.017228303960177375,0.0012630251126440493
2020-05-11 00:00:00+05:30,160.0,163.5,158.0,158.45,18095693,0.0012630251126440493,0.04080937216227236
2020-05-12 00:00:00+05:30,158.45,165.9,157.5,165.05,21387983,0.04080937216227236,0.0021183242903888106
2020-05-13 00:00:00+05:30,173.4,173.6,164.5,165.4,20018552,0.0021183242903888106,-0.009720611170621814
2020-05-14 00:00:00+05:30,164.5,168.25,161.95,163.8,14949993,-0.009720611170621814,0.0051758374034042215
2020-05-15 00:00:00+05:30,162.2,165.5,161.15,164.65,14950688,0.0051758374034042215,0.0006071645602432227
2020-05-18 00:00:00+05:30,166.0,167.3,163.15,164.75,20802365,0.0006071645602432227,0.0357713250682828
2020-05-19 00:00:00+05:30,166.5,171.65,165.1,170.75,20142194,0.0357713250682828,0.028862032239874734
2020-05-20 00:00:00+05:30,171.95,177.0,171.0,175.75,25320952,0.028862032239874734,0.07241989910472364
2020-05-21 00:00:00+05:30,175.6,190.45,172.65,188.95,58382988,0.07241989910472364,-0.013855803870230544
2020-05-22 00:00:00+05:30,188.0,191.9,184.6,186.35,39013806,-0.013855803870230544,0.028305024126331416
2020-05-26 00:00:00+05:30,190.0,194.95,187.8,191.7,53235758,0.028305024126331416,0.0023446669592542763
2020-05-27 00:00:00+05:30,192.5,193.9,186.9,192.15,24546312,0.0023446669592542763,-0.007837030707280205
2020-05-28 00:00:00+05:30,192.3,192.9,189.0,190.65,24579385,-0.007837030707280205,0.03453951580528338
2020-05-29 00:00:00+05:30,190.45,198.0,189.0,197.35,35836696,0.03453951580528338,0.016084790107205933
2020-06-01 00:00:00+05:30,201.0,205.25,199.0,200.55,28509025,0.016084790107205933,-0.016591632490078303
2020-06-02 00:00:00+05:30,201.9,201.9,196.7,197.25,22631743,-0.016591632490078303,-0.002792234330970276
2020-06-03 00:00:00+05:30,200.0,200.9,195.6,196.7,18979339,-0.002792234330970276,0.017387360043569316
2020-06-04 00:00:00+05:30,197.75,202.5,195.0,200.15,21999875,0.017387360043569316,-0.0007497188905460192
2020-06-05 00:00:00+05:30,201.8,202.0,198.65,200.0,14632889,-0.0007497188905460192,-0.011819576805342086
2020-06-08 00:00:00+05:30,202.9,203.65,197.0,197.65,19555380,-0.011819576805342086,0.004291310384550483
2020-06-09 00:00:00+05:30,198.25,206.2,197.65,198.5,39914936,0.004291310384550483,0.002766949319081168
2020-06-10 00:00:00+05:30,199.45,203.15,198.3,199.05,27204677,0.002766949319081168,-0.02441006019856943
2020-06-11 00:00:00+05:30,200.0,201.25,193.6,194.25,19847762,-0.02441006019856943,-0.0018034269991506827
2020-06-12 00:00:00+05:30,188.95,195.2,187.85,193.9,22562987,-0.0018034269991506827,-0.03516499820511451
2020-06-15 00:00:00+05:30,193.9,193.95,186.3,187.2,24463651,-0.03516499820511451,-0.011821738965166811
2020-06-16 00:00:00+05:30,190.8,190.95,181.9,185.0,27637395,-0.011821738965166811,-0.020754431469445875
2020-06-17 00:00:00+05:30,184.0,185.0,180.7,181.2,24028372,-0.020754431469445875,0.029365894804364537
2020-06-18 00:00:00+05:30,181.2,187.5,180.7,186.6,28887658,0.029365894804364537,-0.013759828588213233
2020-06-19 00:00:00+05:30,187.1,187.95,183.6,184.05,30531484,-0.013759828588213233,0.005148365253294579
2020-06-22 00:00:00+05:30,186.5,187.5,183.15,185.0,31396392,0.005148365253294579,0.00458407166493639
2020-06-23 00:00:00+05:30,185.4,187.5,184.75,185.85,26547403,0.00458407166493639,0.031773919949700136
2020-06-24 00:00:00+05:30,187.4,194.7,186.15,191.85,54653037,0.031773919949700136,0.052048807716613875
2020-06-25 00:00:00+05:30,192.25,203.5,191.65,202.1,75575878,0.052048807716613875,-0.03473795043058326
2020-06-26 00:00:00+05:30,206.0,209.4,193.3,195.2,71957460,-0.03473795043058326,0.010447285746991466
2020-06-29 00:00:00+05:30,202.5,203.0,196.2,197.25,91504651,0.010447285746991466,-0.013268885669518808
2020-06-30 00:00:00+05:30,199.4,199.4,194.0,194.65,41216021,-0.013268885669518808,0.0415101727753044
2020-07-01 00:00:00+05:30,194.65,203.85,194.65,202.9,44298379,0.0415101727753044,0.014434501384144472
2020-07-02 00:00:00+05:30,204.45,206.75,202.55,205.85,39321517,0.014434501384144472,0.008224526283134125
2020-07-03 00:00:00+05:30,208.0,208.5,206.0,207.55,37896333,0.008224526283134125,-0.03805540828459463
2020-07-06 00:00:00+05:30,200.35,201.95,198.95,199.8,34710608,-0.03805540828459463,-0.028170876966696335
2020-07-07 00:00:00+05:30,200.0,200.5,194.0,194.25,31282844,-0.028170876966696335,0.010498112034658641
2020-07-08 00:00:00+05:30,194.25,197.95,194.25,196.3,21276389,0.010498112034658641,-0.004339509043451699
2020-07-09 00:00:00+05:30,196.9,197.0,194.15,195.45,18769881,-0.004339509043451699,-0.005643934940731614
2020-07-10 00:00:00+05:30,195.15,196.5,194.0,194.35,16192017,-0.005643934940731614,0.016331059559167645
2020-07-13 00:00:00+05:30,195.9,198.75,195.1,197.55,20298006,0.016331059559167645,-0.008387391906904736
2020-07-14 00:00:00+05:30,197.4,199.5,192.75,195.9,18476313,-0.008387391906904736,0.01419182460727602
2020-07-15 00:00:00+05:30,196.35,200.0,194.5,198.7,23777901,0.01419182460727602,-0.024711485440832993
2020-07-16 00:00:00+05:30,198.7,198.85,192.0,193.85,22144753,-0.024711485440832993,0.0010311936979772447
2020-07-17 00:00:00+05:30,193.3,195.4,193.0,194.05,14882855,0.0010311936979772447,-0.006981282394594737
2020-07-20 00:00:00+05:30,195.0,195.35,192.35,192.7,18918931,-0.006981282394594737,-0.0023379670345672608
2020-07-21 00:00:00+05:30,192.1,194.2,191.5,192.25,28010738,-0.0023379670345672608,0.022120243482116123
2020-07-22 00:00:00+05:30,193.0,197.9,192.5,196.55,32572721,0.022120243482116123,0.020894403934423014
2020-07-23 00:00:00+05:30,197.65,201.5,196.8,200.7,31488140,0.020894403934423014,-0.005495891924928811
2020-07-24 00:00:00+05:30,201.0,201.7,197.3,199.6,60185503,-0.005495891924928811,-0.01616196795699799
2020-07-27 00:00:00+05:30,200.5,200.5,195.15,196.4,22645709,-0.01616196795699799,-0.005104656311683173
2020-07-28 00:00:00+05:30,197.0,198.65,195.05,195.4,19287262,-0.005104656311683173,0.006630985786330984
2020-07-29 00:00:00+05:30,193.45,198.2,193.4,196.7,14831635,0.006630985786330984,-0.01717770734170732
2020-07-30 00:00:00+05:30,198.4,198.4,192.5,193.35,16315232,-0.01717770734170732,0.00412903812437028
2020-07-31 00:00:00+05:30,193.5,196.95,193.5,194.15,16653836,0.00412903812437028,-0.008015556813651207
2020-08-03 00:00:00+05:30,194.0,194.0,191.9,192.6,13265435,-0.008015556813651207,0.005436906596736044
2020-08-04 00:00:00+05:30,192.6,195.8,192.6,193.65,17189317,0.005436906596736044,-0.004399023784315883
2020-08-05 00:00:00+05:30,194.5,194.6,191.7,192.8,48768468,-0.004399023784315883,0.013139439324634305
2020-08-06 00:00:00+05:30,194.2,195.6,193.1,195.35,17886231,0.013139439324634305,0.00357690723726118
2020-08-07 00:00:00+05:30,195.5,197.0,194.15,196.05,20913956,0.00357690723726118,0.014181042915358889
2020-08-10 00:00:00+05:30,196.4,199.65,196.4,198.85,16474715,0.014181042915358889,0.02090148247860725
2020-08-11 00:00:00+05:30,200.0,207.7,200.0,203.05,55143098,0.02090148247860725,0.005647651598258219
2020-08-12 00:00:00+05:30,202.5,204.9,200.4,204.2,21287300,0.005647651598258219,-0.013558694093208888
2020-08-13 00:00:00+05:30,203.5,204.2,197.1,201.45,22698994,-0.013558694093208888,-0.025387815716990624
2020-08-14 00:00:00+05:30,201.6,203.35,195.5,196.4,28752399,-0.025387815716990624,0.011894357614075694
2020-08-17 00:00:00+05:30,198.05,199.5,196.85,198.75,11741074,0.011894357614075694,-0.0010067959571807437
2020-08-18 00:00:00+05:30,199.9,199.9,197.25,198.55,12488479,-0.0010067959571807437,-0.0005037783481861845
2020-08-19 00:00:00+05:30,198.6,201.7,198.1,198.45,15474846,-0.0005037783481861845,-0.013443449132664285
2020-08-20 00:00:00+05:30,197.0,197.2,194.55,195.8,16910657,-0.013443449132664285,0.0050942545217430935
2020-08-21 00:00:00+05:30,198.0,199.2,196.3,196.8,17234086,0.0050942545217430935,-0.0005082592231397558
2020-08-24 00:00:00+05:30,197.25,199.0,196.35,196.7,14737758,-0.0005082592231397558,-0.006630985786330935
2020-08-25 00:00:00+05:30,197.25,198.3,195.1,195.4,15199285,-0.006630985786330935,-0.002305624180076122
2020-08-26 00:00:00+05:30,196.5,196.55,193.65,194.95,22631585,-0.002305624180076122,-0.0035971261808494803
2020-08-27 00:00:00+05:30,198.5,198.9,193.9,194.25,47213462,-0.0035971261808494803,0.006670111953766393
2020-08-28 00:00:00+05:30,194.6,196.3,194.05,195.55,34645794,0.006670111953766393,-0.02301924995529586
2020-08-31 00:00:00+05:30,199.0,199.0,190.0,191.1,96998374,-0.02301924995529586,-0.0047207011349374535
2020-09-01 00:00:00+05:30,191.1,192.35,188.25,190.2,39779316,-0.0047207011349374535,0.0060280617604213
2020-09-02 00:00:00+05:30,191.3,193.0,189.65,191.35,20585664,0.0060280617604213,0.001305653665048879
2020-09-03 00:00:00+05:30,191.4,193.25,190.0,191.6,15692484,0.001305653665048879,-0.025906814989083257
2020-09-04 00:00:00+05:30,190.0,190.0,185.7,186.7,41389121,-0.025906814989083257,0.012772925116734949
2020-09-07 00:00:00+05:30,187.25,190.5,180.8,189.1,32663990,0.012772925116734949,-0.0050364586249655
2020-09-08 00:00:00+05:30,189.6,190.55,184.6,188.15,25591395,-0.0050364586249655,-0.023391307117859583
2020-09-09 00:00:00+05:30,185.5,186.25,182.3,183.8,27830197,-0.023391307117859583,0.00596692847149235
2020-09-10 00:00:00+05:30,184.1,185.7,183.2,184.9,17785076,0.00596692847149235,-0.005151156842295891
2020-09-11 00:00:00+05:30,184.9,186.5,182.75,183.95,19256801,-0.005151156842295891,-0.0032670870334483206
2020-09-14 00:00:00+05:30,185.8,185.85,183.0,183.35,30993032,-0.0032670870334483206,-0.008489712773956496
2020-09-15 00:00:00+05:30,184.0,184.2,180.8,181.8,30772104,-0.008489712773956496,-0.006345724149729259
2020-09-16 00:00:00+05:30,181.85,183.5,180.05,180.65,50645681,-0.006345724149729259,-0.011412789151250593
2020-09-17 00:00:00+05:30,180.8,181.5,177.8,178.6,33936149,-0.011412789151250593,0.0027956406242674874
2020-09-18 00:00:00+05:30,179.55,179.85,177.0,179.1,29783208,0.0027956406242674874,-0.018881778375891747
2020-09-21 00:00:00+05:30,180.0,180.6,175.05,175.75,23892510,-0.018881778375891747,-0.00885846627237198
2020-09-22 00:00:00+05:30,175.75,176.75,173.75,174.2,18532637,-0.00885846627237198,-0.00980682794698795
2020-09-23 00:00:00+05:30,174.95,177.55,171.7,172.5,61785758,-0.00980682794698795,-0.03510167183172576
2020-09-24 00:00:00+05:30,171.7,171.75,166.15,166.55,31486886,-0.03510167183172576,0.024904933811210766
2020-09-25 00:00:00+05:30,168.9,171.2,167.0,170.75,26627778,0.024904933811210766,0.01482369827066099
2020-09-28 00:00:00+05:30,171.0,174.8,170.5,173.3,23194739,0.01482369827066099,-0.02276141450360643
2020-09-29 00:00:00+05:30,174.75,174.75,169.0,169.4,25617617,-0.02276141450360643,0.013485985685475769
2020-09-30 00:00:00+05:30,170.0,172.1,168.7,171.7,18482053,0.013485985685475769,-0.004962789342129014
2020-10-01 00:00:00+05:30,174.5,174.6,170.1,170.85,19758300,-0.004962789342129014,-0.00940906676891646
2020-10-05 00:00:00+05:30,171.1,172.8,168.75,169.25,24301177,-0.00940906676891646,0.003833116885502056
2020-10-06 00:00:00+05:30,169.5,171.6,168.1,169.9,21886300,0.003833116885502056,-0.0023571018573814236
2020-10-07 00:00:00+05:30,170.0,170.9,169.0,169.5,16286695,-0.0023571018573814236,-0.013961313954397342
2020-10-08 00:00:00+05:30,170.1,170.4,166.9,167.15,25503975,-0.013961313954397342,0.004179110559936339
2020-10-09 00:00:00+05:30,167.5,168.9,166.35,167.85,22373477,0.004179110559936339,0.025585868567586368
2020-10-12 00:00:00+05:30,170.5,175.2,170.0,172.2,66250654,0.025585868567586368,-0.011976191046715537
2020-10-13 00:00:00+05:30,172.85,174.85,169.5,170.15,35685353,-0.011976191046715537,-0.013907606913808856
2020-10-14 00:00:00+05:30,170.55,171.0,167.05,167.8,38219096,-0.013907606913808856,-0.01652433573390374
2020-10-15 00:00:00+05:30,167.7,167.8,164.55,165.05,27116959,-0.01652433573390374,0.003930466133315163
2020-10-16 00:00:00+05:30,165.5,166.8,163.8,165.7,20227113,0.003930466133315163,0.015272044092319954
2020-10-19 00:00:00+05:30,166.8,168.9,166.15,168.25,19016841,0.015272044092319954,-0.004766169284623686
2020-10-20 00:00:00+05:30,168.0,168.3,166.7,167.45,16149041,-0.004766169284623686,0.0011936736720241134
2020-10-21 00:00:00+05:30,168.15,168.9,166.6,167.65,16479194,0.0011936736720241134,0.005353968767832174
2020-10-22 00:00:00+05:30,167.55,169.1,167.0,168.55,22044453,0.005353968767832174,0.012968056770829682
2020-10-23 00:00:00+05:30,168.95,171.0,167.75,170.75,20147370,0.012968056770829682,-0.012968056770829645
2020-10-26 00:00:00+05:30,171.5,171.6,168.25,168.55,16081502,-0.012968056770829645,-0.008041741029468663
2020-10-27 00:00:00+05:30,168.5,169.3,166.75,167.2,45885935,-0.008041741029468663,-0.010219505833483612
2020-10-28 00:00:00+05:30,168.5,168.5,165.0,165.5,16820839,-0.010219505833483612,-0.010019819672294006
2020-10-29 00:00:00+05:30,165.0,165.95,163.45,163.85,21008755,-0.010019819672294006,0.008508103586972009
2020-10-30 00:00:00+05:30,164.0,166.8,163.35,165.25,16347510,0.008508103586972009,0.00903620606393752
2020-11-02 00:00:00+05:30,166.8,167.2,164.45,166.75,14370649,0.00903620606393752,0.019890814606082895
2020-11-03 00:00:00+05:30,167.2,170.75,167.1,170.1,22602903,0.019890814606082895,-0.001765225524569081
2020-11-04 00:00:00+05:30,170.05,171.8,168.2,169.8,18808819,-0.001765225524569081,0.02873510723667268
2020-11-05 00:00:00+05:30,171.25,175.0,170.2,174.75,26997641,0.02873510723667268,-0.004588479515968634
2020-11-06 00:00:00+05:30,176.5,177.2,173.4,173.95,34252005,-0.004588479515968634,-0.006633045227995612
2020-11-09 00:00:00+05:30,173.95,177.3,171.85,172.8,35286484,-0.006633045227995612,0.03161305543494509
2020-11-10 00:00:00+05:30,175.0,179.55,171.85,178.35,57459436,0.03161305543494509,0.0382282214864137
2020-11-11 00:00:00+05:30,179.6,185.9,178.6,185.3,63318644,0.0382282214864137,0.0144658295386351
2020-11-12 00:00:00+05:30,185.2,188.75,183.85,188.0,46367792,0.0144658295386351,-0.004798729549905295
2020-11-13 00:00:00+05:30,187.2,188.8,185.55,187.1,28198725,-0.004798729549905295,0.00798513691931327
2020-11-14 00:00:00+05:30,189.05,190.0,188.05,188.6,7767144,0.00798513691931327,-0.006649844959660782
2020-11-17 00:00:00+05:30,189.0,189.4,186.4,187.35,20950589,-0.006649844959660782,-0.017771065414666096
2020-11-18 00:00:00+05:30,186.8,188.45,182.75,184.05,26595992,-0.017771065414666096,0.0207024465943895
2020-11-19 00:00:00+05:30,182.8,191.8,182.7,187.9,48984610,0.0207024465943895,0.020021743632179196
2020-11-20 00:00:00+05:30,188.8,192.0,186.05,191.7,45307312,0.020021743632179196,-0.004443870860360058
2020-11-23 00:00:00+05:30,192.0,192.5,188.65,190.85,23180456,-0.004443870860360058,0.02432832201028447
2020-11-24 00:00:00+05:30,190.6,196.45,190.6,195.55,45411815,0.02432832201028447,-0.008731437084585115
2020-11-25 00:00:00+05:30,196.0,197.95,192.5,193.85,41659179,-0.008731437084585115,0.004888727091496685
2020-11-26 00:00:00+05:30,195.1,195.85,192.55,194.8,24222956,0.004888727091496685,-0.005920985247673539
2020-11-27 00:00:00+05:30,194.45,195.75,193.2,193.65,31385396,-0.005920985247673539,0.0038654860655774385
2020-12-01 00:00:00+05:30,195.0,196.35,192.4,194.4,15893346,0.0038654860655774385,0.007941632619301598
2020-12-02 00:00:00+05:30,195.0,198.75,193.55,195.95,28425948,0.007941632619301598,0.001275022485622287
2020-12-03 00:00:00+05:30,197.2,197.2,194.55,196.2,28009042,0.001275022485622287,0.010142074764624896
2020-12-04 00:00:00+05:30,196.85,199.35,196.5,198.2,22152332,0.010142074764624896,0.024668000537848307
2020-12-07 00:00:00+05:30,198.2,203.75,197.6,203.15,35693450,0.024668000537848307,-0.0034516799555656666
2020-12-08 00:00:00+05:30,203.9,204.7,199.55,202.45,30853963,-0.0034516799555656666,0.014466355016287884
2020-12-09 00:00:00+05:30,205.0,207.8,204.65,205.4,39684395,0.014466355016287884,0.034923424711733556
2020-12-10 00:00:00+05:30,206.65,213.65,203.15,212.7,65227495,0.034923424711733556,0.016783610752821768
2020-12-11 00:00:00+05:30,214.45,217.95,213.35,216.3,60322445,0.016783610752821768,-0.0018509954382514872
2020-12-14 00:00:00+05:30,217.95,218.6,215.0,215.9,26990063,-0.0018509954382514872,-0.010944340233286174
2020-12-15 00:00:00+05:30,215.25,216.4,211.6,213.55,23255609,-0.010944340233286174,0.002105017734376021
2020-12-16 00:00:00+05:30,213.75,215.55,213.5,214.0,19551630,0.002105017734376021,-0.004449135075930441
2020-12-17 00:00:00+05:30,214.2,215.1,211.25,213.05,22386185,-0.004449135075930441,0.006782858422150487
2020-12-18 00:00:00+05:30,213.1,215.95,209.75,214.5,23775053,0.006782858422150487,-0.055350095083164956
2020-12-21 00:00:00+05:30,214.5,214.7,199.15,202.95,41834797,-0.055350095083164956,0.0022148403295528213
2020-12-22 00:00:00+05:30,203.1,206.25,196.9,203.4,40986353,0.0022148403295528213,0.021160950121098046
2020-12-23 00:00:00+05:30,203.0,208.25,202.0,207.75,23695667,0.021160950121098046,0.004083108831114409
2020-12-24 00:00:00+05:30,210.0,210.65,205.6,208.6,22768284,0.004083108831114409,0.004305196795520415
2020-12-28 00:00:00+05:30,209.0,210.2,207.85,209.5,15741000,0.004305196795520415,0.009737637803884031
2020-12-29 00:00:00+05:30,210.5,213.5,210.1,211.55,26546469,0.009737637803884031,-0.0018925957861238832
2020-12-30 00:00:00+05:30,212.7,213.5,209.55,211.15,18925262,-0.0018925957861238832,-0.010234529415141592
2020-12-31 00:00:00+05:30,210.55,211.3,208.55,209.0,18245270,-0.010234529415141592,0.02294058270810671
2021-01-01 00:00:00+05:30,209.9,214.2,209.3,213.85,19527333,0.02294058270810671,-0.0021064958052645385
2021-01-04 00:00:00+05:30,214.0,216.0,212.1,213.4,26891799,-0.0021064958052645385,-0.009179774949155525
2021-01-05 00:00:00+05:30,212.45,213.25,210.6,211.45,18024083,-0.009179774949155525,-0.029029266424039694
2021-01-06 00:00:00+05:30,211.45,211.5,204.5,205.4,49067837,-0.029029266424039694,-0.012739025777429714
2021-01-07 00:00:00+05:30,206.1,207.6,202.1,202.8,34952401,-0.012739025777429714,-0.006430890330290514
2021-01-08 00:00:00+05:30,204.35,206.0,200.25,201.5,56427360,-0.006430890330290514,0.004950505159856205
2021-01-11 00:00:00+05:30,204.0,206.1,201.25,202.5,42970983,0.004950505159856205,0.019318365785505304
2021-01-12 00:00:00+05:30,203.0,206.9,201.6,206.45,35617404,0.019318365785505304,0.022984013905183974
2021-01-13 00:00:00+05:30,207.45,213.0,205.25,211.25,63925996,0.022984013905183974,0.013634437824096755
2021-01-14 00:00:00+05:30,212.0,216.5,211.6,214.15,48304263,0.013634437824096755,0.017130048502071036
2021-01-15 00:00:00+05:30,214.9,218.5,211.2,217.85,58321158,0.017130048502071036,0.008683784001835254
2021-01-18 00:00:00+05:30,218.4,222.0,214.6,219.75,67607822,0.008683784001835254,-0.004103972928382051
2021-01-19 00:00:00+05:30,221.0,221.7,217.5,218.85,31785089,-0.004103972928382051,-0.005498295638597739
2021-01-20 00:00:00+05:30,218.5,219.0,215.7,217.65,44672447,-0.005498295638597739,-0.018315105673204716
2021-01-21 00:00:00+05:30,219.0,219.5,212.2,213.7,28999164,-0.018315105673204716,-0.014137841514958567
2021-01-22 00:00:00+05:30,214.0,214.75,209.15,210.7,24712182,-0.014137841514958567,-0.013859242145016198
2021-01-25 00:00:00+05:30,212.0,212.5,206.85,207.8,24967899,-0.013859242145016198,0.013621909759898446
2021-01-27 00:00:00+05:30,208.0,212.65,207.1,210.65,48471357,0.013621909759898446,-0.019413431739487425
2021-01-28 00:00:00+05:30,209.25,211.0,205.75,206.6,22131983,-0.019413431739487425,-0.016347808257618175
2021-01-29 00:00:00+05:30,208.55,208.8,202.35,203.25,23764654,-0.016347808257618175,0.06061015097879019
2021-02-01 00:00:00+05:30,204.0,217.95,201.8,215.95,57744414,0.06061015097879019,0.010365173992260278
2021-02-02 00:00:00+05:30,220.0,223.5,217.0,218.2,48457781,0.010365173992260278,-0.006667457738319124
2021-02-03 00:00:00+05:30,221.5,222.0,215.7,216.75,53643263,-0.006667457738319124,0.05911727832528163
2021-02-04 00:00:00+05:30,216.1,231.4,216.0,229.95,105818897,0.05911727832528163,0.018953830382782307
2021-02-05 00:00:00+05:30,232.15,238.85,227.25,234.35,125490301,0.018953830382782307,-0.005348178327003702
2021-02-08 00:00:00+05:30,237.5,238.05,231.5,233.1,41495834,-0.005348178327003702,-0.01774554248747175
2021-02-09 00:00:00+05:30,234.6,239.2,228.2,229.0,70655961,-0.01774554248747175,-0.006352009091588644
2021-02-10 00:00:00+05:30,229.0,231.1,223.1,227.55,47283127,-0.006352009091588644,-0.004845824460428153
2021-02-11 00:00:00+05:30,229.0,229.3,224.5,226.45,43631374,-0.004845824460428153,-0.0405552309585755
2021-02-12 00:00:00+05:30,225.75,225.75,215.8,217.45,110568108,-0.0405552309585755,0.005274636698790776
2021-02-15 00:00:00+05:30,218.45,221.0,217.5,218.6,31776555,0.005274636698790776,-0.0016023810227265348
2021-02-16 00:00:00+05:30,219.05,221.8,217.25,218.25,29148891,-0.0016023810227265348,-0.002293578987099401
2021-02-17 00:00:00+05:30,217.6,218.4,216.55,217.75,19850516,-0.002293578987099401,0.005038947904292202
2021-02-18 00:00:00+05:30,218.2,220.6,217.9,218.85,24070563,0.005038947904292202,-0.013339664230194212
2021-02-19 00:00:00+05:30,218.85,218.9,214.0,215.95,28125203,-0.013339664230194212,-0.04208658941513372
2021-02-22 00:00:00+05:30,212.0,212.0,206.0,207.05,51546288,-0.04208658941513372,0.006978731247279884
2021-02-23 00:00:00+05:30,208.0,210.55,207.0,208.5,26675953,0.006978731247279884,0.001677249704328237
2021-02-24 00:00:00+05:30,209.1,209.8,206.5,208.85,13160617,0.001677249704328237,0.0014354069450231157
2021-02-25 00:00:00+05:30,209.5,211.2,208.8,209.15,25954142,0.0014354069450231157,-0.025667268622945046
2021-02-26 00:00:00+05:30,207.25,208.0,203.0,203.85,43429293,-0.025667268622945046,0.014851155486234988
2021-03-01 00:00:00+05:30,205.45,207.75,204.05,206.9,16225536,0.014851155486234988,0.014395642075089862
2021-03-02 00:00:00+05:30,207.0,210.8,206.5,209.9,25604169,0.014395642075089862,0.00023818030361485402
2021-03-03 00:00:00+05:30,212.0,212.0,208.8,209.95,20846117,0.00023818030361485402,-0.0011914692223280498
2021-03-04 00:00:00+05:30,208.8,211.3,207.6,209.7,24899212,-0.0011914692223280498,-0.00549911726491995
2021-03-05 00:00:00+05:30,208.0,210.0,207.2,208.55,17323590,-0.00549911726491995,-0.002640740941636282
2021-03-08 00:00:00+05:30,209.7,210.8,207.7,208.0,22988740,-0.002640740941636282,-0.0009620010361909521
2021-03-09 00:00:00+05:30,208.7,209.75,204.75,207.8,22593086,-0.0009620010361909521,-0.0062756662640396045
2021-03-10 00:00:00+05:30,209.1,209.2,205.8,206.5,19603214,-0.0062756662640396045,-0.006315299104473021
2021-03-12 00:00:00+05:30,208.0,208.0,203.5,205.2,30787960,-0.006315299104473021,0.0012175820328043255
2021-03-15 00:00:00+05:30,205.85,206.0,201.6,205.45,41115906,0.0012175820328043255,0.011613970369227634
2021-03-16 00:00:00+05:30,206.4,208.9,204.95,207.85,48763187,0.011613970369227634,0.01314393400122876
2021-03-17 00:00:00+05:30,212.2,213.9,208.55,210.6,78578698,0.01314393400122876,0.032927668298431446
2021-03-18 00:00:00+05:30,213.0,219.1,211.9,217.65,91993104,0.032927668298431446,0.024059263075179086
2021-03-19 00:00:00+05:30,219.0,226.15,215.55,222.95,134184994,0.024059263075179086,0.013587468198800355
2021-03-22 00:00:00+05:30,223.3,226.4,221.5,226.0,46050245,0.013587468198800355,-0.016957122066756307
2021-03-23 00:00:00+05:30,225.0,228.1,221.3,222.2,41564683,-0.016957122066756307,-0.02853097779881955
2021-03-24 00:00:00+05:30,221.0,222.8,215.25,215.95,27609243,-0.02853097779881955,-0.020349199422565765
2021-03-25 00:00:00+05:30,215.15,215.95,209.05,211.6,40681282,-0.020349199422565765,-0.0033136124994153806
2021-03-26 00:00:00+05:30,214.25,214.45,210.35,210.9,26079435,-0.0033136124994153806,0.017158723952804752
2021-03-30 00:00:00+05:30,213.25,215.0,210.4,214.55,27792437,0.017158723952804752,0.01824320309811115
2021-03-31 00:00:00+05:30,214.05,219.3,212.7,218.5,36485322,0.01824320309811115,0.007068778721455672
2021-04-01 00:00:00+05:30,220.0,220.6,217.3,220.05,29062762,0.007068778721455672,-0.03467753845230132
2021-04-05 00:00:00+05:30,217.6,220.0,210.5,212.55,31378045,-0.03467753845230132,0.0004703668948434446
2021-04-06 00:00:00+05:30,213.8,214.95,210.15,212.65,25674227,0.0004703668948434446,0.005393376891302324
2021-04-07 00:00:00+05:30,212.7,215.2,212.45,213.8,15204883,0.005393376891302324,-0.0025758122191563916
2021-04-08 00:00:00+05:30,214.85,216.1,212.85,213.25,14116874,-0.0025758122191563916,-0.0007036472672170962
2021-04-09 00:00:00+05:30,213.75,215.95,212.55,213.1,16364247,-0.0007036472672170962,-0.037289215079683545
2021-04-12 00:00:00+05:30,210.0,211.0,205.0,205.3,34511670,-0.037289215079683545,0.016425490058267007
2021-04-13 00:00:00+05:30,207.0,209.7,206.0,208.7,20247639,0.016425490058267007,-0.009629347395432447
2021-04-15 00:00:00+05:30,209.0,210.45,206.0,206.7,17530742,-0.009629347395432447,0.006029199501198141
2021-04-16 00:00:00+05:30,208.0,209.25,206.5,207.95,13311926,0.006029199501198141,-0.011365132607910559
2021-04-19 00:00:00+05:30,205.0,206.1,203.75,205.6,15792299,-0.011365132607910559,-0.010020858632022168
2021-04-20 00:00:00+05:30,206.2,207.0,202.5,203.55,21364882,-0.010020858632022168,0.011478939084755987
2021-04-22 00:00:00+05:30,202.0,206.3,200.55,205.9,23139735,0.011478939084755987,-0.0026747736311761973
2021-04-23 00:00:00+05:30,204.25,207.0,204.25,205.35,19625381,-0.0026747736311761973,-0.00024351637767957985
2021-04-26 00:00:00+05:30,205.8,206.75,204.7,205.3,19886214,-0.00024351637767957985,0.0004869734695699828
2021-04-27 00:00:00+05:30,205.3,206.95,205.05,205.4,11444814,0.0004869734695699828,0.00048673644183132476
2021-04-28 00:00:00+05:30,206.0,206.5,205.3,205.5,12708021,0.00048673644183132476,-0.005856532112712871
2021-04-29 00:00:00+05:30,207.1,207.55,204.05,204.3,13096755,-0.005856532112712871,-0.008355910008993396
2021-04-30 00:00:00+05:30,203.9,205.7,202.0,202.6,16495657,-0.008355910008993396,-0.008177470919372895
2021-05-03 00:00:00+05:30,201.2,201.85,200.0,200.95,20611626,-0.008177470919372895,-0.006740757017846477
2021-05-04 00:00:00+05:30,201.2,202.35,199.1,199.6,18259282,-0.006740757017846477,0.008977616407098384
2021-05-05 00:00:00+05:30,201.45,202.0,199.5,201.4,13862655,0.008977616407098384,0.00668071271106046
2021-05-06 00:00:00+05:30,202.3,205.95,202.1,202.75,14320889,0.00668071271106046,0.012742147407045235
2021-05-07 00:00:00+05:30,202.95,206.45,202.95,205.35,19463495,0.012742147407045235,0.0009734729413200185
2021-05-10 00:00:00+05:30,207.15,207.45,205.0,205.55,16295368,0.0009734729413200185,-0.007569319499671138
2021-05-11 00:00:00+05:30,203.9,206.5,203.75,204.0,13747541,-0.007569319499671138,-0.003683245416296405
2021-05-12 00:00:00+05:30,203.9,205.25,202.85,203.25,16537612,-0.003683245416296405,0.04332807676353679
2021-05-14 00:00:00+05:30,205.0,213.2,204.0,212.25,61647120,0.04332807676353679,0.0016476407163909126
2021-05-17 00:00:00+05:30,216.8,217.0,211.65,212.6,38001828,0.0016476407163909126,-0.012066868292456375
2021-05-18 00:00:00+05:30,214.1,214.6,209.65,210.05,30479551,-0.012066868292456375,-0.011010163879833562
2021-05-19 00:00:00+05:30,210.05,211.4,207.55,207.75,24405319,-0.011010163879833562,-0.0036166404701885504
2021-05-20 00:00:00+05:30,208.45,209.3,206.8,207.0,20884367,-0.0036166404701885504,0.009854664537204901
2021-05-21 00:00:00+05:30,207.6,209.85,207.4,209.05,22638020,0.009854664537204901,0.011651540683758527
2021-05-24 00:00:00+05:30,209.5,212.05,207.75,211.5,28865798,0.011651540683758527,-0.0028409110016037525
2021-05-25 00:00:00+05:30,213.0,213.4,210.25,210.9,25334878,-0.0028409110016037525,-0.0014234877848538462
2021-05-26 00:00:00+05:30,211.8,212.45,210.3,210.6,17576137,-0.0014234877848538462,0.002608181680077568
2021-05-27 00:00:00+05:30,211.0,214.15,210.3,211.15,47554219,0.002608181680077568,0.008253790519481255
2021-05-28 00:00:00+05:30,212.5,213.5,211.55,212.9,25597550,0.008253790519481255,0.01722976266745644
2021-05-31 00:00:00+05:30,215.0,217.9,214.4,216.6,73039531,0.01722976266745644,-0.006252191259050051
2021-06-01 00:00:00+05:30,218.0,219.4,214.25,215.25,38755111,-0.006252191259050051,-0.02946589134302916
2021-06-02 00:00:00+05:30,210.5,212.45,208.6,209.0,96654991,-0.02946589134302916,0.00023920583776306664
2021-06-03 00:00:00+05:30,210.75,210.75,208.7,209.05,46657520,0.00023920583776306664,-0.0014360940716092038
2021-06-04 00:00:00+05:30,209.5,209.7,208.0,208.75,30126021,-0.0014360940716092038,0.01285120018753258
2021-06-07 00:00:00+05:30,210.4,212.4,210.2,211.45,31433280,0.01285120018753258,0.010350598171536496
2021-06-08 00:00:00+05:30,212.2,214.25,211.2,213.65,21261361,0.010350598171536496,-0.005397173725562459
2021-06-09 00:00:00+05:30,214.0,214.75,211.5,212.5,24887924,-0.005397173725562459,-0.015173358912517386
2021-06-10 00:00:00+05:30,208.7,211.4,207.5,209.3,30719587,-0.015173358912517386,-0.006711434587986804
2021-06-11 00:00:00+05:30,210.3,210.45,207.75,207.9,21424291,-0.006711434587986804,-0.0028901754222332744
2021-06-14 00:00:00+05:30,207.95,208.45,205.2,207.3,17677889,-0.0028901754222332744,-0.0012067094501576055
2021-06-15 00:00:00+05:30,207.55,208.4,207.0,207.05,14854294,-0.0012067094501576055,0.0038563557070701903
2021-06-16 00:00:00+05:30,207.05,209.35,207.05,207.85,20104244,0.0038563557070701903,-0.010640971022213291
2021-06-17 00:00:00+05:30,206.95,208.0,205.0,205.65,21476893,-0.010640971022213291,-0.005363250301025534
2021-06-18 00:00:00+05:30,206.0,206.45,202.5,204.55,23567549,-0.005363250301025534,-0.0004889975647563956
2021-06-21 00:00:00+05:30,203.1,206.0,202.4,204.45,19074685,-0.0004889975647563956,0.0031742182676835853
2021-06-22 00:00:00+05:30,206.1,206.25,204.35,205.1,18042675,0.0031742182676835853,-0.00562279931476752
2021-06-23 00:00:00+05:30,205.65,205.85,203.6,203.95,12575210,-0.00562279931476752,-0.0034381173356474665
2021-06-24 00:00:00+05:30,204.45,204.65,202.55,203.25,22435272,-0.0034381173356474665,0.008817103410148387
2021-06-25 00:00:00+05:30,204.0,205.6,203.75,205.05,13877208,0.008817103410148387,-0.007096567161700645
2021-06-28 00:00:00+05:30,205.9,205.9,203.35,203.6,14627153,-0.007096567161700645,-0.0014745640420666547
2021-06-29 00:00:00+05:30,203.6,205.3,203.15,203.3,13326068,-0.0014745640420666547,-0.0029556671763467327
2021-06-30 00:00:00+05:30,204.3,204.4,202.55,202.7,15942408,-0.0029556671763467327,0.0014789255838329929
2021-07-01 00:00:00+05:30,202.9,203.8,202.15,203.0,10191296,0.0014789255838329929,-0.0029600416284768275
2021-07-02 00:00:00+05:30,203.3,203.7,202.25,202.4,12698779,-0.0029600416284768275,0.006156896681111099
2021-07-05 00:00:00+05:30,203.0,204.1,202.7,203.65,10248249,0.006156896681111099,-0.005662947547827769
2021-07-06 00:00:00+05:30,203.25,203.8,202.25,202.5,11088659,-0.005662947547827769,0.006153865574378286
2021-07-07 00:00:00+05:30,202.5,205.2,202.3,203.75,17879443,0.006153865574378286,-0.00862605471976728
2021-07-08 00:00:00+05:30,203.5,204.5,201.8,202.0,20925008,-0.00862605471976728,-0.00322301010374159
2021-07-09 00:00:00+05:30,202.0,202.35,200.9,201.35,11834045,-0.00322301010374159,-0.0012423905188568383
2021-07-12 00:00:00+05:30,202.0,202.55,200.95,201.1,13085323,-0.0012423905188568383,0.0037225505203434335
2021-07-13 00:00:00+05:30,202.0,202.2,201.35,201.85,10830411,0.0037225505203434335,0.01108522251684918
2021-07-14 00:00:00+05:30,201.85,205.15,201.7,204.1,20480406,0.01108522251684918,0.010478955398991296
2021-07-15 00:00:00+05:30,204.4,208.5,202.9,206.25,28852257,0.010478955398991296,0.007968169649176881
2021-07-16 00:00:00+05:30,207.7,209.65,207.2,207.9,29019824,0.007968169649176881,-0.000721761128409735
2021-07-19 00:00:00+05:30,206.8,209.5,206.35,207.75,16464973,-0.000721761128409735,-0.004583291101283498
2021-07-20 00:00:00+05:30,208.2,209.3,206.4,206.8,23656813,-0.004583291101283498,0.000966650631094974
2021-07-22 00:00:00+05:30,207.0,208.25,205.85,207.0,18311537,0.000966650631094974,0.025752496102414764
2021-07-23 00:00:00+05:30,207.0,213.6,206.5,212.4,44526781,0.025752496102414764,-0.005902507987831221
2021-07-26 00:00:00+05:30,214.0,215.35,210.8,211.15,47263771,-0.005902507987831221,-0.011910574342391
2021-07-27 00:00:00+05:30,212.0,213.0,207.95,208.65,24436949,-0.011910574342391,0.002154399397026225
2021-07-28 00:00:00+05:30,208.3,210.0,207.45,209.1,14736840,0.002154399397026225,-0.014693748649761479
2021-07-29 00:00:00+05:30,209.1,210.2,205.65,206.05,15603733,-0.014693748649761479,-0.00535281083447986
2021-07-30 00:00:00+05:30,206.1,207.1,204.6,204.95,14940336,-0.00535281083447986,0.011400972491387367
2021-08-02 00:00:00+05:30,206.45,207.5,205.45,207.3,9674128,0.011400972491387367,0.012464207384853414
2021-08-03 00:00:00+05:30,207.5,210.9,206.45,209.9,18468527,0.012464207384853414,-0.0062126842599153215
2021-08-04 00:00:00+05:30,210.9,211.1,208.1,208.6,10998260,-0.0062126842599153215,0.03138160074116814
2021-08-05 00:00:00+05:30,208.6,216.75,206.9,215.25,47178466,0.03138160074116814,-0.004656585829950973
2021-08-06 00:00:00+05:30,215.4,216.0,212.6,214.25,23581637,-0.004656585829950973,-0.0021025588869442325
2021-08-09 00:00:00+05:30,215.0,217.15,212.7,213.8,20358146,-0.0021025588869442325,-0.018648008811345044
2021-08-10 00:00:00+05:30,214.0,214.45,208.55,209.85,18155926,-0.018648008811345044,-0.005734782742038167
2021-08-11 00:00:00+05:30,209.85,210.6,207.45,208.65,15418634,-0.005734782742038167,0.0011974615249584865
2021-08-12 00:00:00+05:30,210.25,214.2,208.35,208.9,27692208,0.0011974615249584865,0.012132895355977476
2021-08-13 00:00:00+05:30,209.85,212.3,209.2,211.45,18850939,0.012132895355977476,-0.0026044764337685403
2021-08-16 00:00:00+05:30,211.4,213.25,210.5,210.9,11190075,-0.0026044764337685403,-0.008093355293961128
2021-08-17 00:00:00+05:30,210.8,211.5,208.8,209.2,7858486,-0.008093355293961128,-0.0011957432968434266
2021-08-18 00:00:00+05:30,209.6,211.5,208.35,208.95,10735658,-0.0011957432968434266,-0.00023932033140415976
2021-08-20 00:00:00+05:30,207.0,210.7,206.7,208.9,19421004,-0.00023932033140415976,-0.012524248485313886
2021-08-23 00:00:00+05:30,209.5,210.2,206.0,206.3,9936365,-0.012524248485313886,-0.0026695805200270296
2021-08-24 00:00:00+05:30,207.0,207.0,204.7,205.75,12490094,-0.0026695805200270296,0.0031541940502284073
2021-08-25 00:00:00+05:30,206.4,207.9,206.0,206.4,10586894,0.0031541940502284073,-0.008759180089881578
2021-08-26 00:00:00+05:30,206.4,206.85,204.35,204.6,14836173,-0.008759180089881578,0.006333760516217652
2021-08-27 00:00:00+05:30,205.0,206.85,204.9,205.9,10476384,0.006333760516217652,0.010147465667574143
2021-08-30 00:00:00+05:30,206.0,208.2,206.0,208.0,12084844,0.010147465667574143,0.015740844920693095
2021-08-31 00:00:00+05:30,208.05,211.6,207.25,211.3,25808430,0.015740844920693095,-0.008555185259818665
2021-09-01 00:00:00+05:30,211.0,212.3,209.3,209.5,16241960,-0.008555185259818665,0.0011926059851231061
2021-09-02 00:00:00+05:30,209.0,211.5,209.0,209.75,14321164,0.0011926059851231061,0.004044254352559455
2021-09-03 00:00:00+05:30,209.75,211.25,209.75,210.6,10228853,0.004044254352559455,-0.006191970247920995
2021-09-06 00:00:00+05:30,211.0,211.2,209.05,209.3,10632156,-0.006191970247920995,0.011637704080209609
2021-09-07 00:00:00+05:30,210.9,214.35,210.15,211.75,37489544,0.011637704080209609,-0.002364067294880507
2021-09-08 00:00:00+05:30,212.25,213.0,209.7,211.25,17233315,-0.002364067294880507,0.006605355462359321
2021-09-09 00:00:00+05:30,211.05,213.9,210.55,212.65,19051252,0.006605355462359321,0.007029082361737529
2021-09-13 00:00:00+05:30,213.35,215.15,211.8,214.15,16043896,0.007029082361737529,0.009064559451460152
2021-09-14 00:00:00+05:30,214.9,217.25,214.2,216.1,19621849,0.009064559451460152,-0.0004628558286752976
2021-09-15 00:00:00+05:30,217.1,217.2,215.3,216.0,20248758,-0.0004628558286752976,0.06605646569879649
2021-09-16 00:00:00+05:30,216.95,233.65,216.3,230.75,149238901,0.06605646569879649,0.00173197705127301
2021-09-17 00:00:00+05:30,233.0,237.3,229.1,231.15,79501805,0.00173197705127301,0.011185317734561823
2021-09-20 00:00:00+05:30,231.0,239.35,230.25,233.75,70390969,0.011185317734561823,0.03261730492383104
2021-09-21 00:00:00+05:30,234.95,242.45,231.7,241.5,56671832,0.03261730492383104,0.008247469430017045
2021-09-22 00:00:00+05:30,243.5,245.8,240.7,243.5,52621868,0.008247469430017045,-0.004115232145106544
2021-09-23 00:00:00+05:30,245.0,245.6,241.7,242.5,21791090,-0.004115232145106544,-0.01684206563330463
2021-09-24 00:00:00+05:30,244.0,244.0,237.7,238.45,24823291,-0.01684206563330463,0.0010478886005509873
2021-09-27 00:00:00+05:30,239.8,241.85,235.5,238.7,22890540,0.0010478886005509873,-0.003987831919284641
2021-09-28 00:00:00+05:30,239.85,241.6,236.3,237.75,15713947,-0.003987831919284641,0.0014710520673173566
2021-09-29 00:00:00+05:30,236.0,241.4,235.7,238.1,15450046,0.0014710520673173566,-0.008223557150690888
2021-09-30 00:00:00+05:30,239.9,240.4,235.25,236.15,16357902,-0.008223557150690888,-0.003393428494974932
2021-10-01 00:00:00+05:30,235.2,237.0,232.9,235.35,15956143,-0.003393428494974932,0.005297183697135213
2021-10-04 00:00:00+05:30,236.0,238.35,235.4,236.6,10686552,0.005297183697135213,-0.008062848687308631
2021-10-05 00:00:00+05:30,236.4,237.45,234.5,234.7,9223597,-0.008062848687308631,-0.01480872646444317
2021-10-06 00:00:00+05:30,234.8,236.4,230.6,231.25,17505160,-0.01480872646444317,0.007324461870271074
2021-10-07 00:00:00+05:30,233.0,234.95,232.3,232.95,10371535,0.007324461870271074,-0.00538040682447519
2021-10-08 00:00:00+05:30,234.75,234.8,231.2,231.7,9739240,-0.00538040682447519,0.027037304202197326
2021-10-11 00:00:00+05:30,232.0,239.5,231.7,238.05,21184428,0.027037304202197326,0.013560236990458309
2021-10-12 00:00:00+05:30,238.6,243.0,238.0,241.3,29222028,0.013560236990458309,0.03221481428231185
2021-10-13 00:00:00+05:30,242.55,250.9,240.15,249.2,50159625,0.03221481428231185,0.029067790474675823
2021-10-14 00:00:00+05:30,253.25,261.85,250.35,256.55,85406902,0.029067790474675823,0.023117962695894518
2021-10-18 00:00:00+05:30,261.0,265.3,257.35,262.55,60292901,0.023117962695894518,-0.06531327684251956
2021-10-19 00:00:00+05:30,261.4,262.55,245.05,245.95,59061766,-0.06531327684251956,0.002639327488895024
2021-10-20 00:00:00+05:30,245.95,248.5,242.35,246.6,47822165,0.002639327488895024,-0.007734620281617954
2021-10-21 00:00:00+05:30,248.0,248.35,243.1,244.7,22518727,-0.007734620281617954,-0.033662018904339494
2021-10-22 00:00:00+05:30,244.7,245.8,233.7,236.6,35537151,-0.033662018904339494,-0.013617231691830718
2021-10-25 00:00:00+05:30,234.1,236.65,230.5,233.4,22333919,-0.013617231691830718,0.014039796667482615
2021-10-26 00:00:00+05:30,234.1,239.0,232.6,236.7,18934170,0.014039796667482615,0.007366128224295086
2021-10-27 00:00:00+05:30,240.25,241.3,236.2,238.45,25911499,0.007366128224295086,-0.057614896831546795
2021-10-28 00:00:00+05:30,235.1,235.95,224.15,225.1,46282465,-0.057614896831546795,-0.008476517405530739
2021-10-29 00:00:00+05:30,225.0,228.25,222.3,223.2,26642108,-0.008476517405530739,0.01622077560281711
2021-11-01 00:00:00+05:30,224.15,227.55,222.5,226.85,23197539,0.01622077560281711,-0.005525486486069114
2021-11-02 00:00:00+05:30,228.0,229.25,224.5,225.6,14343859,-0.005525486486069114,-0.014061162371853063
2021-11-03 00:00:00+05:30,226.0,226.85,221.7,222.45,17843327,-0.014061162371853063,0.01826331386109647
2021-11-04 00:00:00+05:30,224.85,227.3,224.0,226.55,7024796,0.01826331386109647,0.014243694301508016
2021-11-08 00:00:00+05:30,229.7,230.7,225.7,229.8,20270558,0.014243694301508016,-0.004579661259024606
2021-11-09 00:00:00+05:30,229.85,230.9,227.85,228.75,11520817,-0.004579661259024606,0.009138444797367246
2021-11-10 00:00:00+05:30,227.45,232.85,227.2,230.85,13431108,0.009138444797367246,-0.003688840029802567
2021-11-11 00:00:00+05:30,230.4,231.5,228.55,230.0,8134962,-0.003688840029802567,0.012529867967100062
2021-11-12 00:00:00+05:30,231.2,233.95,229.15,232.9,11855531,0.012529867967100062,0.022081576602521732
2021-11-15 00:00:00+05:30,233.95,239.0,233.1,238.1,38755267,0.022081576602521732,-0.01119217680325358
2021-11-16 00:00:00+05:30,239.05,239.65,235.0,235.45,14675969,-0.01119217680325358,0.01705484016140631
2021-11-17 00:00:00+05:30,236.0,245.25,235.65,239.5,46697822,0.01705484016140631,-0.00838579337627407
2021-11-18 00:00:00+05:30,240.0,243.0,236.3,237.5,20226071,-0.00838579337627407,-0.028182907114246175
2021-11-22 00:00:00+05:30,237.9,240.75,229.55,230.9,22574227,-0.028182907114246175,0.0030270293383903996
2021-11-23 00:00:00+05:30,229.15,232.7,229.15,231.6,13433385,0.0030270293383903996,-0.016982772629146305
2021-11-24 00:00:00+05:30,232.45,232.7,226.95,227.7,14139854,-0.016982772629146305,0.01568659616769969
2021-11-25 00:00:00+05:30,227.0,232.2,225.75,231.3,23904846,0.01568659616769969,-0.03206951738235364
2021-11-26 00:00:00+05:30,228.9,230.05,223.1,224.0,27027022,-0.03206951738235364,-0.01122346236984954
2021-11-29 00:00:00+05:30,222.0,223.65,220.2,221.5,22132952,-0.01122346236984954,-0.0015813851708545172
2021-11-30 00:00:00+05:30,222.0,225.2,220.0,221.15,23503453,-0.0015813851708545172,0.0033856256242123747
2021-12-01 00:00:00+05:30,222.0,223.3,220.6,221.9,12995800,0.0033856256242123747,0.01587157492854495
2021-12-02 00:00:00+05:30,221.9,226.15,221.3,225.45,15904846,0.01587157492854495,-0.016998843676030582
2021-12-03 00:00:00+05:30,225.0,226.2,221.35,221.65,13794647,-0.016998843676030582,-0.01706331924048831
2021-12-06 00:00:00+05:30,221.65,222.2,217.5,217.9,13138355,-0.01706331924048831,0.012541493764982
2021-12-07 00:00:00+05:30,218.9,221.95,218.1,220.65,8903842,0.012541493764982,0.01930041957162501
2021-12-08 00:00:00+05:30,221.0,225.65,221.0,224.95,9861847,0.01930041957162501,0.0454080395389952
2021-12-09 00:00:00+05:30,223.0,236.45,223.0,235.4,38241864,0.0454080395389952,0.002969249265290887
2021-12-10 00:00:00+05:30,236.2,238.95,233.75,236.1,35162889,0.002969249265290887,-0.006373507872092118
2021-12-13 00:00:00+05:30,238.0,238.75,234.15,234.6,22054342,-0.006373507872092118,-0.025908184858664803
2021-12-14 00:00:00+05:30,235.0,237.1,227.55,228.6,37508445,-0.025908184858664803,-0.020104510128558163
2021-12-15 00:00:00+05:30,230.0,232.2,223.4,224.05,34653042,-0.020104510128558163,-0.005146000840328848
2021-12-16 00:00:00+05:30,226.0,226.15,220.8,222.9,24199205,-0.005146000840328848,-0.022457561707421667
2021-12-17 00:00:00+05:30,222.8,222.85,216.75,217.95,29683982,-0.022457561707421667,-0.02579438931661772
2021-12-20 00:00:00+05:30,216.25,216.25,209.8,212.4,37340790,-0.02579438931661772,0.00047069899668770126
2021-12-21 00:00:00+05:30,214.0,215.45,211.05,212.5,19395604,0.00047069899668770126,-0.0023557136924590365
2021-12-22 00:00:00+05:30,214.0,214.2,211.1,212.0,17239484,-0.0023557136924590365,0.02469261259037163
2021-12-23 00:00:00+05:30,213.9,218.45,213.2,217.3,22209720,0.02469261259037163,0.0032161755267049418
2021-12-24 00:00:00+05:30,218.0,220.45,216.45,218.0,16581585,0.0032161755267049418,-0.002066353622399832
2021-12-27 00:00:00+05:30,218.4,218.45,215.65,217.55,8153106,-0.002066353622399832,0.011426084090411372
2021-12-28 00:00:00+05:30,218.0,220.6,218.0,220.05,11568803,0.011426084090411372,-0.015110177596449195
2021-12-29 00:00:00+05:30,220.0,220.3,216.3,216.75,11480954,-0.015110177596449195,-0.003466207976486284
2021-12-30 00:00:00+05:30,216.6,217.9,215.5,216.0,9741198,-0.003466207976486284,0.009445986604610455
2021-12-31 00:00:00+05:30,216.9,218.8,216.15,218.05,7583815,0.009445986604610455,0.004803852312645237
2022-01-03 00:00:00+05:30,218.05,219.85,217.05,219.1,7765495,0.004803852312645237,0.00523501821486797
2022-01-04 00:00:00+05:30,219.5,221.7,219.05,220.25,9050253,0.00523501821486797,0.0013611617346598358
2022-01-05 00:00:00+05:30,219.65,221.5,218.65,220.55,11230588,0.0013611617346598358,-0.008423498868226706
2022-01-06 00:00:00+05:30,219.0,220.4,218.2,218.7,8950589,-0.008423498868226706,-0.0013726838119721356
2022-01-07 00:00:00+05:30,219.8,220.65,217.5,218.4,8855041,-0.0013726838119721356,0.022187914975362138
2022-01-10 00:00:00+05:30,219.9,224.7,218.9,223.3,15841299,0.022187914975362138,-0.006064027566068063
2022-01-11 00:00:00+05:30,223.35,224.25,221.2,221.95,8020695,-0.006064027566068063,0.0035979350708744734
2022-01-12 00:00:00+05:30,222.5,223.65,221.6,222.75,13158894,0.0035979350708744734,0.00537274630239028
2022-01-13 00:00:00+05:30,223.9,225.8,222.75,223.95,11501088,0.00537274630239028,-0.0060463738118645615
2022-01-14 00:00:00+05:30,223.95,224.8,222.3,222.6,10569725,-0.0060463738118645615,0.008944603462898285
2022-01-17 00:00:00+05:30,222.6,225.6,221.35,224.6,12318313,0.008944603462898285,-0.017290202820273413
2022-01-18 00:00:00+05:30,224.6,227.3,220.3,220.75,14394097,-0.017290202820273413,-0.001813648196073469
2022-01-19 00:00:00+05:30,220.75,222.4,218.7,220.35,11473796,-0.001813648196073469,-0.0072876660502721406
2022-01-20 00:00:00+05:30,220.55,222.15,218.0,218.75,17329896,-0.0072876660502721406,-0.007801783492121219
2022-01-21 00:00:00+05:30,218.5,220.5,216.0,217.05,16586264,-0.007801783492121219,-0.02448530857829644
2022-01-24 00:00:00+05:30,217.05,217.75,210.9,211.8,17354942,-0.02448530857829644,0.011734469312225328
2022-01-25 00:00:00+05:30,212.0,214.7,209.55,214.3,18322935,0.011734469312225328,0.0013989277170667624
2022-01-27 00:00:00+05:30,211.25,215.5,211.1,214.6,23149684,0.0013989277170667624,0.013882684785189529
2022-01-28 00:00:00+05:30,215.1,219.25,215.1,217.6,15276991,0.013882684785189529,0.01187770930679204
2022-01-31 00:00:00+05:30,218.5,220.75,217.1,220.2,15039006,0.01187770930679204,0.0337123118514882
2022-02-01 00:00:00+05:30,221.0,228.8,219.15,227.75,43207074,0.0337123118514882,0.01913517832586293
2022-02-02 00:00:00+05:30,230.0,233.3,229.0,232.15,41130638,0.01913517832586293,0.009858631069664598
2022-02-03 00:00:00+05:30,232.15,235.2,231.8,234.45,27845963,0.009858631069664598,-0.0006400000218452414
2022-02-04 00:00:00+05:30,237.25,238.5,231.55,234.3,56705951,-0.0006400000218452414,-0.017653849225967837
2022-02-07 00:00:00+05:30,234.0,234.75,228.5,230.2,24171083,-0.017653849225967837,0.004550880104752383
2022-02-08 00:00:00+05:30,230.3,232.3,229.05,231.25,16201280,0.004550880104752383,-0.00476810612928406
2022-02-09 00:00:00+05:30,232.3,233.0,228.75,230.15,11893807,-0.00476810612928406,0.009083107430697446
2022-02-10 00:00:00+05:30,228.7,233.4,227.75,232.25,19563580,0.009083107430697446,0.0008607704426458069
2022-02-11 00:00:00+05:30,232.0,233.3,229.8,232.45,18096561,0.0008607704426458069,-0.0575507320023507
2022-02-14 00:00:00+05:30,226.0,226.0,218.5,219.45,22745228,-0.0575507320023507,0.016047355325875735
2022-02-15 00:00:00+05:30,221.0,223.5,218.55,223.0,12875311,0.016047355325875735,-0.0011217051092000155
2022-02-16 00:00:00+05:30,223.8,224.7,221.85,222.75,11231596,-0.0011217051092000155,-0.00044903458320725995
2022-02-17 00:00:00+05:30,223.05,224.35,220.85,222.65,14024149,-0.00044903458320725995,-0.003374201829163159
2022-02-18 00:00:00+05:30,222.65,223.45,221.5,221.9,8670947,-0.003374201829163159,-0.01773176714945921
2022-02-21 00:00:00+05:30,220.3,221.3,217.15,218.0,16129017,-0.01773176714945921,-0.014554952568084903
2022-02-22 00:00:00+05:30,215.0,216.9,213.0,214.85,25749340,-0.014554952568084903,0.005106789185706079
2022-02-23 00:00:00+05:30,216.8,217.5,215.05,215.95,11014283,0.005106789185706079,-0.035107858167853896
2022-02-24 00:00:00+05:30,210.0,213.3,207.0,208.5,41341523,-0.035107858167853896,0.025803301623969634
2022-02-25 00:00:00+05:30,211.5,216.5,210.55,213.95,23633656,0.025803301623969634,0.008841379138660618
2022-02-28 00:00:00+05:30,213.2,216.45,210.8,215.85,20034633,0.008841379138660618,-0.0025513176311690445
2022-03-02 00:00:00+05:30,214.4,216.6,212.45,215.3,19295994,-0.0025513176311690445,0.01886414347081254
2022-03-03 00:00:00+05:30,216.05,220.2,216.0,219.4,28532668,0.01886414347081254,0.027423611101603153
2022-03-04 00:00:00+05:30,217.7,227.4,217.0,225.5,66835736,0.027423611101603153,-0.0024420036555517443
2022-03-07 00:00:00+05:30,222.0,227.0,220.1,224.95,45258669,-0.0024420036555517443,0.008631236498614843
2022-03-08 00:00:00+05:30,223.9,228.45,223.75,226.9,36036336,0.008631236498614843,0.010303719350778154
2022-03-09 00:00:00+05:30,227.7,231.4,226.1,229.25,42294906,0.010303719350778154,0.011924260529735792
2022-03-10 00:00:00+05:30,231.0,232.5,227.85,232.0,36132245,0.011924260529735792,0.018576385572935457
2022-03-11 00:00:00+05:30,231.9,237.1,230.15,236.35,41699184,0.018576385572935457,0.011149794692265297
2022-03-14 00:00:00+05:30,236.25,239.45,235.3,239.0,35113638,0.011149794692265297,-0.0048233290532201725
2022-03-15 00:00:00+05:30,239.0,241.4,235.9,237.85,32998305,-0.0048233290532201725,0.01977377363165924
2022-03-16 00:00:00+05:30,240.0,243.0,239.1,242.6,21629521,0.01977377363165924,0.009435967448172294
2022-03-17 00:00:00+05:30,245.25,245.4,242.7,244.9,34223740,0.009435967448172294,-0.001634655043195406
2022-03-21 00:00:00+05:30,245.9,247.75,243.8,244.5,27975134,-0.001634655043195406,0.02124510861373628
2022-03-22 00:00:00+05:30,244.55,250.75,243.55,249.75,36945426,0.02124510861373628,0.008968669982760316
2022-03-23 00:00:00+05:30,251.45,253.7,248.5,252.0,40491633,0.008968669982760316,0.011246049274627376
2022-03-24 00:00:00+05:30,251.95,256.5,251.45,254.85,38239419,0.011246049274627376,-0.005903204864131982
2022-03-25 00:00:00+05:30,255.3,255.75,249.25,253.35,29284643,-0.005903204864131982,0.014498686579595018
2022-03-28 00:00:00+05:30,254.0,258.0,252.55,257.05,24916402,0.014498686579595018,-0.009576932378207548
2022-03-29 00:00:00+05:30,257.05,257.5,253.75,254.6,18122714,-0.009576932378207548,-0.021437899210008094
2022-03-30 00:00:00+05:30,255.1,256.4,248.65,249.2,17603827,-0.021437899210008094,0.005801756796214414
2022-03-31 00:00:00+05:30,249.6,254.35,249.5,250.65,25656796,0.005801756796214414,0.010517013298117158
2022-04-01 00:00:00+05:30,250.0,255.35,248.8,253.3,14305709,0.010517013298117158,0.00845213876917736
2022-04-04 00:00:00+05:30,253.1,257.9,251.1,255.45,15907398,0.00845213876917736,0.015537310036941716
2022-04-05 00:00:00+05:30,256.05,261.85,255.1,259.45,27183142,0.015537310036941716,0.0005779790161864341
2022-04-06 00:00:00+05:30,257.5,263.35,257.3,259.6,19597941,0.0005779790161864341,-0.011428695823622968
2022-04-07 00:00:00+05:30,258.0,262.2,255.8,256.65,16061089,-0.011428695823622968,0.042527144250760165
2022-04-08 00:00:00+05:30,258.0,268.85,256.0,267.8,37826800,0.042527144250760165,-0.0011208669210109189
2022-04-11 00:00:00+05:30,268.75,273.15,266.0,267.5,46147653,-0.0011208669210109189,-0.010144742273208104
2022-04-12 00:00:00+05:30,266.9,268.65,263.1,264.8,23553762,-0.010144742273208104,0.017779077834824658
2022-04-13 00:00:00+05:30,265.3,270.6,263.65,269.55,21414383,0.017779077834824658,0.0020383589008921184
2022-04-18 00:00:00+05:30,268.0,272.5,267.25,270.1,24399444,0.0020383589008921184,-0.03216679098194981
2022-04-19 00:00:00+05:30,272.0,272.5,258.8,261.55,23380138,-0.03216679098194981,-0.007676107543381994
2022-04-20 00:00:00+05:30,262.9,265.45,257.55,259.55,24510612,-0.007676107543381994,0.0032695480611759473
2022-04-21 00:00:00+05:30,259.7,264.45,259.6,260.4,23412279,0.0032695480611759473,0.0026845653706692044
2022-04-22 00:00:00+05:30,260.0,263.0,258.55,261.1,15671273,0.0026845653706692044,-0.022660018660308322
2022-04-25 00:00:00+05:30,258.8,259.0,252.5,255.25,24208645,-0.022660018660308322,0.014391535825125468
2022-04-26 00:00:00+05:30,256.6,260.7,256.25,258.95,20536714,0.014391535825125468,-0.005615272766109611
2022-04-27 00:00:00+05:30,256.2,258.5,255.75,257.5,16580824,-0.005615272766109611,0.013883755601292513
2022-04-28 00:00:00+05:30,259.5,263.7,258.15,261.1,27924384,0.013883755601292513,-0.005954113431845184
2022-04-29 00:00:00+05:30,263.0,263.0,258.5,259.55,20419904,-0.005954113431845184,0.013774849526549884
2022-05-02 00:00:00+05:30,258.0,264.5,257.05,263.15,18965820,0.013774849526549884,-0.013004581820451123
2022-05-04 00:00:00+05:30,264.0,266.05,258.6,259.75,25951999,-0.013004581820451123,0.008815695268838545
2022-05-05 00:00:00+05:30,262.0,265.2,260.4,262.05,17932895,0.008815695268838545,0.017401611798435742
2022-05-06 00:00:00+05:30,259.0,267.35,258.9,266.65,34490123,0.017401611798435742,-0.01397303701125795
2022-05-09 00:00:00+05:30,266.15,266.15,260.55,262.95,21403710,-0.01397303701125795,-0.012244270056016332
2022-05-10 00:00:00+05:30,262.0,266.8,259.1,259.75,18033260,-0.012244270056016332,-0.015910308453328536
2022-05-11 00:00:00+05:30,259.0,262.2,251.75,255.65,17344099,-0.015910308453328536,-0.010815167850088769
2022-05-12 00:00:00+05:30,255.0,256.4,249.15,252.9,20044726,-0.010815167850088769,0.02228831266183768
2022-05-13 00:00:00+05:30,254.95,260.85,254.5,258.6,11921627,0.02228831266183768,-0.017554576011638838
2022-05-16 00:00:00+05:30,259.95,259.95,253.0,254.1,8186859,-0.017554576011638838,0.040869218906937226
2022-05-17 00:00:00+05:30,255.0,265.5,254.8,264.7,17797974,0.040869218906937226,0.007902204808413207
2022-05-18 00:00:00+05:30,266.0,267.8,263.15,266.8,20200332,0.007902204808413207,0.032632630994223887
2022-05-19 00:00:00+05:30,262.6,279.25,262.6,275.65,78287713,0.032632630994223887,0.01565765813355702
2022-05-20 00:00:00+05:30,277.0,282.35,277.0,280.0,32370771,0.01565765813355702,-0.019838342219664327
2022-05-23 00:00:00+05:30,280.0,280.45,273.05,274.5,21700165,-0.019838342219664327,-0.013386098845677343
2022-05-24 00:00:00+05:30,275.0,275.0,270.0,270.85,15547968,-0.013386098845677343,0.006807127747634855
2022-05-25 00:00:00+05:30,272.95,273.9,270.5,272.7,15288648,0.006807127747634855,-0.022247858663574226
2022-05-26 00:00:00+05:30,268.25,268.25,263.85,266.7,18420159,-0.022247858663574226,0.009330166582604242
2022-05-27 00:00:00+05:30,269.0,270.7,265.05,269.2,13468067,0.009330166582604242,-0.0005573618351439748
2022-05-30 00:00:00+05:30,270.5,271.0,267.6,269.05,11819102,-0.0005573618351439748,0.00592923730755804
2022-05-31 00:00:00+05:30,269.05,274.5,266.4,270.65,23208345,0.00592923730755804,0.004423970348942894
2022-06-01 00:00:00+05:30,270.65,274.1,270.2,271.85,14699792,0.004423970348942894,0.006051178270106132
2022-06-02 00:00:00+05:30,270.7,274.45,267.85,273.5,14240994,0.006051178270106132,-0.002929332010493046
2022-06-03 00:00:00+05:30,275.0,275.7,271.6,272.7,12487862,-0.002929332010493046,0.007671270496651489
2022-06-06 00:00:00+05:30,272.4,275.8,269.7,274.8,10925182,0.007671270496651489,-0.0032804840791619467
2022-06-07 00:00:00+05:30,273.2,275.0,272.25,273.9,10828539,-0.0032804840791619467,-0.02214929971846943
2022-06-08 00:00:00+05:30,273.95,274.4,266.2,267.9,14361969,-0.02214929971846943,0.010951385553344942
2022-06-09 00:00:00+05:30,267.8,271.7,265.75,270.85,9860194,0.010951385553344942,-0.002587801813833317
2022-06-10 00:00:00+05:30,269.05,271.0,268.75,270.15,8371061,-0.002587801813833317,-0.020569161986078197
2022-06-13 00:00:00+05:30,266.4,269.1,263.0,264.65,11092690,-0.020569161986078197,0.003018300725684046
2022-06-14 00:00:00+05:30,263.2,267.45,263.05,265.45,7422193,0.003018300725684046,-0.007752709720499907
2022-06-15 00:00:00+05:30,266.0,267.3,263.05,263.4,5059474,-0.007752709720499907,-0.010303468369724554
2022-06-16 00:00:00+05:30,267.0,267.9,259.5,260.7,14293357,-0.010303468369724554,0.009923745562807791
2022-06-17 00:00:00+05:30,259.0,264.15,258.55,263.3,16654660,0.009923745562807791,0.003033752800822751
2022-06-20 00:00:00+05:30,263.3,266.15,261.35,264.1,17081136,0.003033752800822751,0.021723700720872166
2022-06-21 00:00:00+05:30,265.0,270.85,264.1,269.9,13883034,0.021723700720872166,-0.0171902588802649
2022-06-22 00:00:00+05:30,267.0,270.3,264.9,265.3,11320918,-0.0171902588802649,0.0007535795382994072
2022-06-23 00:00:00+05:30,265.5,267.25,262.4,265.5,9067252,0.0007535795382994072,0.001317399268353956
2022-06-24 00:00:00+05:30,266.1,268.35,265.2,265.85,7013132,0.001317399268353956,0.015304516713948375
2022-06-27 00:00:00+05:30,267.0,270.65,266.5,269.95,8172964,0.015304516713948375,0.007013686927633868
2022-06-28 00:00:00+05:30,268.9,272.25,268.55,271.85,11240154,0.007013686927633868,0.008060127900195765
2022-06-29 00:00:00+05:30,269.25,275.0,269.15,274.05,16018449,0.008060127900195765,-0.0020089496300895763
2022-06-30 00:00:00+05:30,273.95,274.7,272.0,273.5,19262054,-0.0020089496300895763,0.03890425189077288
2022-07-01 00:00:00+05:30,273.5,285.0,271.2,284.35,35165665,0.03890425189077288,0.026205404107260306
2022-07-04 00:00:00+05:30,285.65,293.3,284.8,291.9,39881736,0.026205404107260306,-0.017277554872749953
2022-07-05 00:00:00+05:30,293.0,293.0,285.75,286.9,18568655,-0.017277554872749953,0.00833048899477043
2022-07-06 00:00:00+05:30,286.1,290.0,285.3,289.3,18292925,0.00833048899477043,0.009118342747457146
2022-07-07 00:00:00+05:30,291.0,293.15,288.5,291.95,13794991,0.009118342747457146,0.0037606881928917697
2022-07-08 00:00:00+05:30,292.9,294.45,290.4,293.05,11110418,0.0037606881928917697,0.006632113417381481
2022-07-11 00:00:00+05:30,293.0,296.95,292.05,295.0,12352667,0.006632113417381481,-0.007827162641979649
2022-07-12 00:00:00+05:30,293.0,295.35,290.9,292.7,14074628,-0.007827162641979649,0.004601627208124825
2022-07-13 00:00:00+05:30,293.0,294.8,292.7,294.05,9277570,0.004601627208124825,-0.010942150549194452
2022-07-14 00:00:00+05:30,294.3,296.35,289.15,290.85,13414357,-0.010942150549194452,0.009240312153424463
2022-07-15 00:00:00+05:30,292.0,294.0,289.5,293.55,11025420,0.009240312153424463,0.005943806239681957
2022-07-18 00:00:00+05:30,295.0,296.3,293.75,295.3,11315876,0.005943806239681957,-0.0023732847213470206
2022-07-19 00:00:00+05:30,295.0,295.6,292.7,294.6,9188419,-0.0023732847213470206,0.01214589830210812
2022-07-20 00:00:00+05:30,294.9,299.5,293.6,298.2,15789281,0.01214589830210812,0.004516946199296038
2022-07-21 00:00:00+05:30,299.0,302.2,298.0,299.55,16042840,0.004516946199296038,0.0033327809552370674
2022-07-22 00:00:00+05:30,300.0,302.5,298.1,300.55,9967545,0.0033327809552370674,0.0018283060025171616
2022-07-25 00:00:00+05:30,299.0,302.95,298.8,301.1,10640727,0.0018283060025171616,0.004473539065235024
2022-07-26 00:00:00+05:30,301.0,303.75,300.45,302.45,9739177,0.004473539065235024,0.005605026213791053
2022-07-27 00:00:00+05:30,302.85,305.0,300.6,304.15,9346146,0.005605026213791053,-0.0023041484848501884
2022-07-28 00:00:00+05:30,304.9,305.2,302.4,303.45,10839070,-0.0023041484848501884,-0.0013190438845700294
2022-07-29 00:00:00+05:30,305.0,305.9,301.35,303.05,16932743,-0.0013190438845700294,0.014577278849278489
2022-08-01 00:00:00+05:30,304.0,308.8,303.1,307.5,15889556,0.014577278849278489,0.007935906901355703
2022-08-02 00:00:00+05:30,310.0,316.65,308.2,309.95,38982557,0.007935906901355703,-0.0058243167396762685
2022-08-03 00:00:00+05:30,310.9,310.9,303.65,308.15,17695228,-0.0058243167396762685,0.004371414716398619
2022-08-04 00:00:00+05:30,308.0,310.35,307.15,309.5,15901918,0.004371414716398619,0.00435238859069587
2022-08-05 00:00:00+05:30,309.5,311.8,309.1,310.85,10088723,0.00435238859069587,0.007371828256075084
2022-08-08 00:00:00+05:30,310.95,313.95,310.05,313.15,8307140,0.007371828256075084,-0.006246516667185243
2022-08-10 00:00:00+05:30,313.15,314.1,310.75,311.2,8923568,-0.006246516667185243,-0.01603403044529974
2022-08-11 00:00:00+05:30,313.0,313.45,305.3,306.25,10885990,-0.01603403044529974,0.007482142908139083
2022-08-12 00:00:00+05:30,306.25,309.4,304.5,308.55,6422504,0.007482142908139083,0.0064610142382361575
2022-08-16 00:00:00+05:30,308.55,311.5,308.55,310.55,8609864,0.0064610142382361575,0.006419537372509421
2022-08-17 00:00:00+05:30,311.7,313.25,311.0,312.55,7975854,0.006419537372509421,0.009869548435813068
2022-08-18 00:00:00+05:30,313.0,316.0,312.6,315.65,9883851,0.009869548435813068,-0.011630817004152173
2022-08-19 00:00:00+05:30,316.15,316.15,311.2,312.0,10422413,-0.011630817004152173,0.007662872745569097
2022-08-22 00:00:00+05:30,311.2,317.0,311.0,314.4,11355837,0.007662872745569097,0.004759647252988134
2022-08-23 00:00:00+05:30,312.95,316.0,312.1,315.9,9338887,0.004759647252988134,-0.005714301263438552
2022-08-24 00:00:00+05:30,315.75,319.45,313.05,314.1,11346892,-0.005714301263438552,-0.00558705260502195
2022-08-25 00:00:00+05:30,315.45,316.4,311.6,312.35,7759104,-0.00558705260502195,0.0017592967352573303
2022-08-26 00:00:00+05:30,314.75,315.4,312.0,312.9,6956588,0.0017592967352573303,0.0020751863141934106
2022-08-29 00:00:00+05:30,310.0,314.95,308.85,313.55,11361400,0.0020751863141934106,0.02192343937169485
2022-08-30 00:00:00+05:30,314.25,321.4,314.25,320.5,17829428,0.02192343937169485,-0.009089546987744028
2022-09-01 00:00:00+05:30,319.5,321.9,316.0,317.6,13254985,-0.009089546987744028,0.0173238823359237
2022-09-02 00:00:00+05:30,318.7,324.25,318.05,323.15,25758860,0.0173238823359237,0.017485108038455724
2022-09-05 00:00:00+05:30,325.0,329.6,323.75,328.85,17471906,0.017485108038455724,-0.005182938431612404
2022-09-06 00:00:00+05:30,330.0,330.0,326.4,327.15,11970750,-0.005182938431612404,-0.0032146985204741362
2022-09-07 00:00:00+05:30,326.0,328.3,325.25,326.1,8085824,-0.0032146985204741362,0.01158549543926215
2022-09-08 00:00:00+05:30,329.0,330.6,327.5,329.9,10911130,0.01158549543926215,0.0018170810572052584
2022-09-09 00:00:00+05:30,330.6,333.3,330.0,330.5,9408098,0.0018170810572052584,0.0012095556358255133
2022-09-12 00:00:00+05:30,332.0,332.4,330.0,330.9,8712689,0.0012095556358255133,0.010521666282980131
2022-09-13 00:00:00+05:30,331.7,335.0,330.6,334.4,10520207,0.010521666282980131,0.0028368813351997567
2022-09-14 00:00:00+05:30,331.0,339.0,330.95,335.35,12267025,0.0028368813351997567,-0.0037344131830353853
2022-09-15 00:00:00+05:30,336.4,337.05,332.9,334.1,8418672,-0.0037344131830353853,-0.008416040056860755
2022-09-16 00:00:00+05:30,332.35,334.6,329.7,331.3,12492851,-0.008416040056860755,0.012895665287200986
2022-09-19 00:00:00+05:30,329.1,336.9,329.1,335.6,14365461,0.012895665287200986,0.0011911853701530102
2022-09-20 00:00:00+05:30,338.75,339.6,335.0,336.0,9526068,0.0011911853701530102,0.014624679003457562
2022-09-21 00:00:00+05:30,336.0,345.2,335.5,340.95,20992080,0.014624679003457562,0.011953495099948986
2022-09-22 00:00:00+05:30,341.0,348.75,340.9,345.05,24179987,0.011953495099948986,0.0039048426216691237
2022-09-23 00:00:00+05:30,347.5,349.55,343.3,346.4,22838807,0.0039048426216691237,-0.04065360992945264
2022-09-26 00:00:00+05:30,344.85,345.95,331.75,332.6,16205789,-0.04065360992945264,0.006742103597231998
2022-09-27 00:00:00+05:30,335.0,339.55,334.0,334.85,9991052,0.006742103597231998,-0.030011346015701438
2022-09-28 00:00:00+05:30,331.95,333.3,324.3,324.95,15552911,-0.030011346015701438,0.02462130451883058
2022-09-29 00:00:00+05:30,329.0,334.9,327.75,333.05,18281337,0.02462130451883058,-0.002555431679994011
2022-09-30 00:00:00+05:30,333.05,335.75,330.15,332.2,12427919,-0.002555431679994011,-0.02375987493793663
2022-10-03 00:00:00+05:30,332.9,333.0,323.25,324.4,9111289,-0.02375987493793663,0.02571461580545481
2022-10-04 00:00:00+05:30,328.7,334.0,328.0,332.85,8803255,0.02571461580545481,0.011351876944577139
2022-10-06 00:00:00+05:30,335.0,339.3,332.55,336.65,22235092,0.011351876944577139,-0.007603465628578856
2022-10-07 00:00:00+05:30,336.8,336.85,331.3,334.1,10506078,-0.007603465628578856,-0.018884162653082473
2022-10-10 00:00:00+05:30,330.0,331.45,326.05,327.85,9388996,-0.018884162653082473,-0.004738983110353514
2022-10-11 00:00:00+05:30,329.0,330.45,325.1,326.3,10609956,-0.004738983110353514,0.01157843525987243
2022-10-12 00:00:00+05:30,327.95,331.45,324.75,330.1,10337544,0.01157843525987243,-0.004402284149562247
2022-10-13 00:00:00+05:30,329.95,331.3,328.0,328.65,7266724,-0.004402284149562247,0.010442773673115722
2022-10-14 00:00:00+05:30,332.3,333.9,330.85,332.1,6424915,0.010442773673115722,0.0004515692106537352
2022-10-17 00:00:00+05:30,331.1,334.75,329.6,332.25,6929063,0.0004515692106537352,0.02393988391350537
2022-10-18 00:00:00+05:30,333.95,341.0,333.55,340.3,20887417,0.02393988391350537,0.01762224296175407
2022-10-19 00:00:00+05:30,343.1,347.45,339.8,346.35,16296080,0.01762224296175407,0.009625819600715905
2022-10-20 00:00:00+05:30,347.0,350.95,344.8,349.7,18474706,0.009625819600715905,-0.01179360713942951
2022-10-21 00:00:00+05:30,353.2,353.2,344.5,345.6,27372160,-0.01179360713942951,0.006058002083915111
2022-10-24 00:00:00+05:30,348.95,349.7,347.0,347.7,3170564,0.006058002083915111,-0.004034587605439343
2022-10-25 00:00:00+05:30,349.45,349.5,343.65,346.3,17242211,-0.004034587605439343,-0.0014448781591861403
2022-10-27 00:00:00+05:30,346.65,348.35,343.85,345.8,18558597,-0.0014448781591861403,0.0
2022-10-28 00:00:00+05:30,347.55,348.6,345.1,345.8,13069167,0.0,0.008351380432415213
2022-10-31 00:00:00+05:30,348.0,350.5,344.75,348.7,13825970,0.008351380432415213,0.002291607992259519
2022-11-01 00:00:00+05:30,349.25,350.5,347.2,349.5,19665200,0.002291607992259519,0.014627825974230834
2022-11-02 00:00:00+05:30,348.5,356.25,348.5,354.65,16781507,0.014627825974230834,-0.0026822914366608067
2022-11-03 00:00:00+05:30,354.0,358.5,353.0,353.7,10736155,-0.0026822914366608067,-0.00028276544794651135
2022-11-04 00:00:00+05:30,354.0,356.0,352.5,353.6,8386849,-0.00028276544794651135,-0.00028284542686103344
2022-11-07 00:00:00+05:30,355.0,356.35,350.0,353.5,10050303,-0.00028284542686103344,0.020163102572865726
2022-11-09 00:00:00+05:30,353.5,361.45,353.2,360.7,20611075,0.020163102572865726,-0.013115857057462788
2022-11-10 00:00:00+05:30,359.0,359.9,354.1,356.0,19327625,-0.013115857057462788,0.0009826630958494349
2022-11-11 00:00:00+05:30,360.0,360.95,354.65,356.35,10950902,0.0009826630958494349,-0.026012411161684706
2022-11-14 00:00:00+05:30,356.35,356.95,346.6,347.2,17639889,-0.026012411161684706,-0.005632190496793556
2022-11-15 00:00:00+05:30,348.95,348.95,339.15,345.25,15451411,-0.005632190496793556,-0.0033364794859667567
2022-11-16 00:00:00+05:30,345.7,346.85,341.65,344.1,7604924,-0.0033364794859667567,-0.00116312894764659
2022-11-17 00:00:00+05:30,344.1,347.45,342.6,343.7,9994270,-0.00116312894764659,-0.007740089755059815
2022-11-18 00:00:00+05:30,343.7,344.75,339.8,341.05,7838297,-0.007740089755059815,-0.011352867973027965
2022-11-21 00:00:00+05:30,339.1,340.0,334.4,337.2,9198816,-0.011352867973027965,0.009004415403875183
2022-11-22 00:00:00+05:30,337.0,341.0,335.7,340.25,6495845,0.009004415403875183,-0.0013234322937437201
2022-11-23 00:00:00+05:30,342.0,342.0,337.5,339.8,7768291,-0.0013234322937437201,0.00279186133881038
2022-11-24 00:00:00+05:30,339.8,342.5,337.55,340.75,8140857,0.00279186133881038,-0.0013214890697819
2022-11-25 00:00:00+05:30,341.0,341.9,337.8,340.3,6933254,-0.0013214890697819,-0.0007349158852123223
2022-11-28 00:00:00+05:30,340.0,341.75,338.75,340.05,9902739,-0.0007349158852123223,0.006594879914491991
2022-11-29 00:00:00+05:30,340.0,345.0,340.0,342.3,10189855,0.006594879914491991,-0.006741927925932603
2022-11-30 00:00:00+05:30,341.25,344.15,339.0,340.0,22556502,-0.006741927925932603,-0.0013244060504066838
2022-12-01 00:00:00+05:30,341.7,341.7,336.8,339.55,16630417,-0.0013244060504066838,-0.007093276379209589
2022-12-02 00:00:00+05:30,339.35,340.8,336.75,337.15,8388835,-0.007093276379209589,-0.0011871198901175564
2022-12-05 00:00:00+05:30,337.65,338.85,334.15,336.75,9716390,-0.0011871198901175564,0.0016319267771311798
2022-12-06 00:00:00+05:30,334.1,338.2,334.1,337.3,6327430,0.0016319267771311798,0.00826694994554514
2022-12-07 00:00:00+05:30,338.5,341.5,336.65,340.1,9813208,0.00826694994554514,-0.00501106428108168
2022-12-08 00:00:00+05:30,340.2,342.15,337.5,338.4,6200447,-0.00501106428108168,0.008826182628272118
2022-12-09 00:00:00+05:30,339.75,342.5,338.0,341.4,8132228,0.008826182628272118,0.005258557253467051
2022-12-12 00:00:00+05:30,341.0,344.0,340.1,343.2,11214662,0.005258557253467051,0.0069686693160934355
2022-12-13 00:00:00+05:30,344.5,346.0,342.4,345.6,10693426,0.0069686693160934355,-0.0005788712173224567
2022-12-14 00:00:00+05:30,346.0,347.35,343.75,345.4,7379878,-0.0005788712173224567,-0.019145634130456148
2022-12-15 00:00:00+05:30,344.75,346.1,338.0,338.85,8154931,-0.019145634130456148,-0.011128536838857204
2022-12-16 00:00:00+05:30,337.5,338.9,331.3,335.1,12429280,-0.011128536838857204,0.015986130846302245
2022-12-19 00:00:00+05:30,336.8,342.35,335.35,340.5,7812801,0.015986130846302245,-0.0010284287984973497
2022-12-20 00:00:00+05:30,340.05,340.95,336.75,340.15,5482218,-0.0010284287984973497,-0.014808503987103108
2022-12-21 00:00:00+05:30,341.0,341.25,334.5,335.15,7045201,-0.014808503987103108,-0.008088719955502718
2022-12-22 00:00:00+05:30,335.65,337.4,329.9,332.45,6584445,-0.008088719955502718,-0.017447154241439507
2022-12-23 00:00:00+05:30,330.9,331.9,325.35,326.7,10073884,-0.017447154241439507,0.023893469945699297
2022-12-26 00:00:00+05:30,326.5,335.1,325.5,334.6,9566210,0.023893469945699297,-0.004342949544177554
2022-12-27 00:00:00+05:30,335.6,336.4,330.15,333.15,6727343,-0.004342949544177554,0.003745042202000415
2022-12-28 00:00:00+05:30,332.85,335.0,331.5,334.4,7737562,0.003745042202000415,0.0028368813351997567
2022-12-29 00:00:00+05:30,334.35,335.75,331.55,335.35,8105359,0.0028368813351997567,-0.011396134730869582
2022-12-30 00:00:00+05:30,335.4,336.75,330.5,331.55,6960264,-0.011396134730869582,0.003913310231836027
2023-01-02 00:00:00+05:30,330.9,334.0,329.65,332.85,5951893,0.003913310231836027,-0.0052714934935119955
2023-01-03 00:00:00+05:30,331.5,333.35,330.25,331.1,5997051,-0.0052714934935119955,-0.01246027365594726
2023-01-04 00:00:00+05:30,331.85,332.5,326.0,327.0,6689769,-0.01246027365594726,0.019532758181061954
2023-01-05 00:00:00+05:30,328.65,333.9,328.2,333.45,8171437,0.019532758181061954,0.004786845340864568
2023-01-06 00:00:00+05:30,334.7,337.55,333.1,335.05,8284135,0.004786845340864568,0.00891403911750728
2023-01-09 00:00:00+05:30,336.95,341.3,336.15,338.05,10618786,0.00891403911750728,-0.013850843219993322
2023-01-10 00:00:00+05:30,337.9,338.4,332.55,333.4,6949605,-0.013850843219993322,-0.004810592560349438
2023-01-11 00:00:00+05:30,335.1,335.1,331.3,331.8,4584293,-0.004810592560349438,-0.005894372087464202
2023-01-12 00:00:00+05:30,333.4,333.6,328.1,329.85,6638422,-0.005894372087464202,-0.003340422176905615
2023-01-13 00:00:00+05:30,329.85,332.25,326.4,328.75,14412671,-0.003340422176905615,0.004400947994053246
2023-01-16 00:00:00+05:30,330.35,332.2,327.55,330.2,8253942,0.004400947994053246,0.006189166107327014
2023-01-17 00:00:00+05:30,330.2,333.5,329.1,332.25,13712537,0.006189166107327014,0.007197511953296482
2023-01-18 00:00:00+05:30,334.0,336.55,332.4,334.65,12555527,0.007197511953296482,-0.007498535435401056
2023-01-19 00:00:00+05:30,334.0,335.65,331.65,332.15,8346130,-0.007498535435401056,0.007349114441473552
2023-01-20 00:00:00+05:30,332.0,335.2,329.25,334.6,13103664,0.007349114441473552,0.009370188287584541
2023-01-23 00:00:00+05:30,336.0,338.15,333.05,337.75,7124807,0.009370188287584541,0.0035466270366664187
2023-01-24 00:00:00+05:30,337.8,340.75,337.6,338.95,12302874,0.0035466270366664187,0.0008846948380040466
2023-01-25 00:00:00+05:30,338.9,341.0,335.25,339.25,12497542,0.0008846948380040466,0.019701476342745692
2023-01-27 00:00:00+05:30,341.8,348.85,341.5,346.0,21040139,0.019701476342745692,-0.0034742362681861668
2023-01-30 00:00:00+05:30,346.9,351.75,341.85,344.8,14091519,-0.0034742362681861668,0.02166046098349341
2023-01-31 00:00:00+05:30,346.0,355.0,341.05,352.35,17134291,0.02166046098349341,0.0253603783850964
2023-02-01 00:00:00+05:30,353.0,365.7,329.1,361.4,64518967,0.0253603783850964,0.04649486061709453
2023-02-02 00:00:00+05:30,361.6,384.7,360.4,378.6,55745171,0.04649486061709453,0.005400078976998898
2023-02-03 00:00:00+05:30,381.9,382.25,372.0,380.65,22295321,0.005400078976998898,0.007198512859322573
2023-02-06 00:00:00+05:30,382.5,388.2,379.6,383.4,25790153,0.007198512859322573,-0.02683039419224431
2023-02-07 00:00:00+05:30,383.9,383.9,368.45,373.25,20643707,-0.02683039419224431,0.006143181712720994
2023-02-08 00:00:00+05:30,374.75,377.3,371.55,375.55,10420462,0.006143181712720994,-0.003467594832283023
2023-02-09 00:00:00+05:30,374.0,380.0,372.15,374.25,11861196,-0.003467594832283023,-0.007779009184432284
2023-02-10 00:00:00+05:30,372.2,376.95,370.3,371.35,10278597,-0.007779009184432284,0.007645399724683627
2023-02-13 00:00:00+05:30,373.0,375.15,370.0,374.2,9901148,0.007645399724683627,0.032212079712890654
2023-02-14 00:00:00+05:30,375.0,387.65,373.75,386.45,29125052,0.032212079712890654,-0.011058461746707321
2023-02-15 00:00:00+05:30,381.75,382.85,378.55,382.2,12209350,-0.011058461746707321,0.000915331871688206
2023-02-16 00:00:00+05:30,382.0,385.25,381.0,382.55,9775280,0.000915331871688206,0.002219466933683172
2023-02-17 00:00:00+05:30,381.05,384.55,379.25,383.4,7672135,0.002219466933683172,0.0016939218331469398
2023-02-20 00:00:00+05:30,384.7,387.5,381.3,384.05,7804976,0.0016939218331469398,-0.004697907635519238
2023-02-21 00:00:00+05:30,385.0,385.9,381.7,382.25,8259574,-0.004697907635519238,0.004177006464735823
2023-02-22 00:00:00+05:30,382.0,384.9,380.0,383.85,8961077,0.004177006464735823,0.009722028742703689
2023-02-23 00:00:00+05:30,384.45,394.0,383.1,387.6,18830592,0.009722028742703689,-0.00647083919574796
2023-02-24 00:00:00+05:30,389.0,389.0,381.0,385.1,12910220,-0.00647083919574796,-0.0075590090146906656
2023-02-27 00:00:00+05:30,385.1,386.8,378.1,382.2,8142319,-0.0075590090146906656,-0.014494917108177243
2023-02-28 00:00:00+05:30,382.5,384.25,375.0,376.7,16367477,-0.014494917108177243,0.005295220209753677
2023-03-01 00:00:00+05:30,374.25,380.4,373.6,378.7,7766667,0.005295220209753677,-0.008352716775728354
2023-03-02 00:00:00+05:30,379.5,379.75,374.7,375.55,5019603,-0.008352716775728354,0.02472183759203766
2023-03-03 00:00:00+05:30,377.0,385.4,376.1,384.95,8180709,0.02472183759203766,0.008278407127630678
2023-03-06 00:00:00+05:30,385.9,392.5,385.25,388.15,10714339,0.008278407127630678,0.010889864839518724
2023-03-08 00:00:00+05:30,388.0,393.15,385.1,392.4,8917699,0.010889864839518724,-0.01256587889780625
2023-03-09 00:00:00+05:30,392.1,393.6,385.65,387.5,9634283,-0.01256587889780625,0.001289490829871692
2023-03-10 00:00:00+05:30,386.95,390.2,383.5,388.0,8362265,0.001289490829871692,-0.01127466099959927
2023-03-13 00:00:00+05:30,389.2,390.9,382.5,383.65,8791872,-0.01127466099959927,-0.01034921138591759
2023-03-14 00:00:00+05:30,385.7,386.45,377.2,379.7,10229766,-0.01034921138591759,-0.000790409736842851
2023-03-15 00:00:00+05:30,381.0,384.3,378.0,379.4,8423692,-0.000790409736842851,0.005388723035324581
2023-03-16 00:00:00+05:30,380.6,382.35,376.85,381.45,15710094,0.005388723035324581,-0.015588162404217487
2023-03-17 00:00:00+05:30,385.0,385.0,369.65,375.55,48904254,-0.015588162404217487,0.008616743179902341
2023-03-20 00:00:00+05:30,373.3,379.35,372.0,378.8,10122167,0.008616743179902341,-0.004895808654212371
2023-03-21 00:00:00+05:30,378.8,378.8,374.05,376.95,11610832,-0.004895808654212371,0.0021200484951380003
2023-03-22 00:00:00+05:30,376.95,378.85,374.2,377.75,4774867,0.0021200484951380003,0.007647716599372508
2023-03-23 00:00:00+05:30,377.0,382.75,374.4,380.65,9752326,0.007647716599372508,-0.005135982844472413
2023-03-24 00:00:00+05:30,381.5,383.0,378.0,378.7,9934501,-0.005135982844472413,0.003953095146579536
2023-03-27 00:00:00+05:30,377.95,384.4,376.35,380.2,10816352,0.003953095146579536,-0.00118428857844654
2023-03-28 00:00:00+05:30,380.2,382.35,378.15,379.75,9170535,-0.00118428857844654,0.007868893061910864
2023-03-29 00:00:00+05:30,380.2,384.0,377.15,382.75,10160322,0.007868893061910864,0.0019575862695178506
2023-03-31 00:00:00+05:30,382.0,384.5,380.0,383.5,9511189,0.0019575862695178506,-0.012067302782755873
2023-04-03 00:00:00+05:30,384.0,384.0,378.5,378.9,7059200,-0.012067302782755873,0.019600784313807806
2023-04-05 00:00:00+05:30,378.9,387.05,378.9,386.4,11608424,0.019600784313807806,0.002455574739548742
2023-04-06 00:00:00+05:30,386.65,390.3,384.2,387.35,12897667,0.002455574739548742,0.003093184577339595
2023-04-10 00:00:00+05:30,387.35,390.0,384.75,388.55,6783022,0.003093184577339595,0.018992349599229286
2023-04-11 00:00:00+05:30,388.55,398.1,388.0,396.0,18237451,0.018992349599229286,-0.0062060866660213826
2023-04-12 00:00:00+05:30,397.75,397.8,392.1,393.55,9747526,-0.0062060866660213826,0.005195475160097808
2023-04-13 00:00:00+05:30,395.5,396.6,393.7,395.6,6059044,0.005195475160097808,0.011435877064498036
2023-04-17 00:00:00+05:30,392.9,402.0,392.9,400.15,11041243,0.011435877064498036,-0.004131978582785432
2023-04-18 00:00:00+05:30,400.0,402.0,397.0,398.5,9494641,-0.004131978582785432,0.0006271558687846854
2023-04-19 00:00:00+05:30,396.05,401.35,396.0,398.75,9744202,0.0006271558687846854,0.0038796118994735775
2023-04-20 00:00:00+05:30,400.0,402.65,397.7,400.3,6667781,0.0038796118994735775,0.019665465852046506
2023-04-21 00:00:00+05:30,400.3,409.0,399.05,408.25,14252204,0.019665465852046506,0.0011016587196571778
2023-04-24 00:00:00+05:30,410.0,410.0,404.2,408.7,5981760,0.0011016587196571778,0.006949128848421353
2023-04-25 00:00:00+05:30,408.7,413.55,407.4,411.55,8840188,0.006949128848421353,0.0016994420210553207
2023-04-26 00:00:00+05:30,412.0,413.0,409.05,412.25,7620723,0.0016994420210553207,0.009055298821554968
2023-04-27 00:00:00+05:30,412.2,417.4,411.0,416.0,12614263,0.009055298821554968,0.022697189661706873
2023-04-28 00:00:00+05:30,418.0,428.25,413.7,425.55,12718721,0.022697189661706873,-0.00258823673899329
2023-05-02 00:00:00+05:30,426.0,427.0,421.2,424.45,10253527,-0.00258823673899329,0.006341026413650815
2023-05-03 00:00:00+05:30,424.0,428.5,422.05,427.15,7325483,0.006341026413650815,-0.0059876903284717935
2023-05-04 00:00:00+05:30,425.3,427.0,424.0,424.6,7984933,-0.0059876903284717935,0.009726449210993884
2023-05-05 00:00:00+05:30,425.95,431.9,424.35,428.75,12412416,0.009726449210993884,0.006277630474166887
2023-05-08 00:00:00+05:30,431.0,433.45,429.35,431.45,7243636,0.006277630474166887,-0.01788998312011778
2023-05-09 00:00:00+05:30,432.8,433.15,421.5,423.8,9992962,-0.01788998312011778,0.0036507135876947174
2023-05-10 00:00:00+05:30,423.95,426.35,422.2,425.35,9754485,0.0036507135876947174,-0.01170572041909743
2023-05-11 00:00:00+05:30,427.25,427.4,418.9,420.4,15982423,-0.01170572041909743,0.00011892727611087468
2023-05-12 00:00:00+05:30,420.4,422.7,416.05,420.45,11135894,0.00011892727611087468,0.017330230369398417
2023-05-15 00:00:00+05:30,420.0,428.7,419.05,427.8,9151102,0.017330230369398417,-0.009040272898293253
2023-05-16 00:00:00+05:30,430.0,430.0,423.5,423.95,7994197,-0.009040272898293253,0.008572655400878282
2023-05-17 00:00:00+05:30,424.15,428.95,422.6,427.6,9479691,0.008572655400878282,-0.018648008811345044
2023-05-18 00:00:00+05:30,430.0,432.45,418.1,419.7,23995166,-0.018648008811345044,0.00035733429002705376
2023-05-19 00:00:00+05:30,420.95,423.1,411.35,419.85,25767521,0.00035733429002705376,0.011603255922469042
2023-05-22 00:00:00+05:30,421.95,425.75,419.1,424.75,15421680,0.011603255922469042,0.010305747612187572
2023-05-23 00:00:00+05:30,426.0,431.2,424.2,429.15,8732608,0.010305747612187572,0.010085288056367728
2023-05-24 00:00:00+05:30,428.3,434.75,427.0,433.5,11479706,0.010085288056367728,0.01749315744751712
2023-05-25 00:00:00+05:30,436.95,442.45,434.8,441.15,18204464,0.01749315744751712,0.005538301808098386
2023-05-26 00:00:00+05:30,443.4,444.75,439.5,443.6,12995706,0.005538301808098386,0.012322324617480377
2023-05-29 00:00:00+05:30,445.0,451.8,444.1,449.1,19826254,0.012322324617480377,0.0017797557534341203
2023-05-30 00:00:00+05:30,441.0,451.45,441.0,449.9,18900002,0.0017797557534341203,-0.009828088936262538
2023-05-31 00:00:00+05:30,449.3,452.0,442.45,445.5,14272292,-0.009828088936262538,-0.01310457072409955
2023-06-01 00:00:00+05:30,447.0,447.0,439.0,439.7,8803137,-0.01310457072409955,0.00837962099544671
2023-06-02 00:00:00+05:30,440.0,444.9,439.8,443.4,9203842,0.00837962099544671,-0.006221387636541584
2023-06-05 00:00:00+05:30,445.0,446.85,440.1,440.65,7152179,-0.006221387636541584,0.0048672912888123275
2023-06-06 00:00:00+05:30,440.8,443.6,440.4,442.8,6454486,0.0048672912888123275,0.002593742643853975
2023-06-07 00:00:00+05:30,444.0,445.65,442.75,443.95,7543432,0.002593742643853975,-0.0023679325491833578
2023-06-08 00:00:00+05:30,445.7,445.75,441.9,442.9,7024424,-0.0023679325491833578,-0.010098230703787814
2023-06-09 00:00:00+05:30,435.15,444.7,435.15,438.45,7057843,-0.010098230703787814,-0.003427008151811291
2023-06-12 00:00:00+05:30,440.0,440.95,433.85,436.95,8719176,-0.003427008151811291,0.019153982749713944
2023-06-13 00:00:00+05:30,441.0,446.4,438.3,445.4,16111860,0.019153982749713944,-0.002022699869307883
2023-06-14 00:00:00+05:30,446.25,447.75,443.75,444.5,8704178,-0.002022699869307883,0.008066366838138097
2023-06-15 00:00:00+05:30,445.0,448.75,444.75,448.1,7498727,0.008066366838138097,0.011096429880995221
2023-06-16 00:00:00+05:30,449.0,455.6,447.9,453.1,11729681,0.011096429880995221,0.0011029007404498288
2023-06-19 00:00:00+05:30,454.75,455.9,452.25,453.6,4189180,0.0011029007404498288,-0.001654807592584846
2023-06-20 00:00:00+05:30,454.8,454.8,450.15,452.85,4472119,-0.001654807592584846,-0.012890499639630404
2023-06-21 00:00:00+05:30,452.0,454.2,445.05,447.05,6059504,-0.012890499639630404,0.0013412318988378885
2023-06-22 00:00:00+05:30,448.0,449.65,445.85,447.65,6637099,0.0013412318988378885,-0.006499350534220456
2023-06-23 00:00:00+05:30,447.5,447.65,442.7,444.75,6090901,-0.006499350534220456,0.0021337534065654852
2023-06-26 00:00:00+05:30,446.9,451.4,444.0,445.7,5477339,0.0021337534065654852,-0.0013471039307013707
2023-06-27 00:00:00+05:30,446.1,447.2,443.15,445.1,4865596,-0.0013471039307013707,0.009503118082573708
2023-06-28 00:00:00+05:30,445.0,450.6,444.5,449.35,12082753,0.009503118082573708,0.004994738171124423
2023-06-30 00:00:00+05:30,450.0,451.95,446.6,451.6,9106074,0.004994738171124423,0.02547003288996221
2023-07-03 00:00:00+05:30,451.6,465.95,450.05,463.25,10699143,0.02547003288996221,0.0066695600074032895
2023-07-04 00:00:00+05:30,465.0,468.0,459.8,466.35,7725081,0.0066695600074032895,0.018588883020003208
2023-07-05 00:00:00+05:30,466.35,480.65,464.3,475.1,16252992,0.018588883020003208,-0.0025289792193331326
2023-07-06 00:00:00+05:30,477.35,477.4,470.5,473.9,9471054,-0.0025289792193331326,-0.01167369724998034
2023-07-07 00:00:00+05:30,473.0,475.5,467.6,468.4,7323451,-0.01167369724998034,-0.005458937827128271
2023-07-10 00:00:00+05:30,470.0,470.9,463.7,465.85,6521300,-0.005458937827128271,0.015548769057807615
2023-07-11 00:00:00+05:30,466.0,474.55,466.0,473.15,8457557,0.015548769057807615,-0.001798086052170149
2023-07-12 00:00:00+05:30,477.75,477.75,470.45,472.3,12340934,-0.001798086052170149,-0.0006353913165160485
2023-07-13 00:00:00+05:30,473.9,476.75,471.0,472.0,7909757,-0.0006353913165160485,0.0019049640642745899
2023-07-14 00:00:00+05:30,473.0,475.0,471.35,472.9,5081391,0.0019049640642745899,-0.0011637134346866285
2023-07-17 00:00:00+05:30,474.5,475.8,470.6,472.35,6090738,-0.0011637134346866285,0.00031751071865398285
2023-07-18 00:00:00+05:30,472.55,474.2,471.0,472.5,5352283,0.00031751071865398285,0.01334964903383101
2023-07-19 00:00:00+05:30,472.75,480.45,468.1,478.85,13867323,0.01334964903383101,0.027396152107591828
2023-07-20 00:00:00+05:30,479.9,493.7,476.3,492.15,20250206,0.027396152107591828,-0.0034602110648956196
2023-07-21 00:00:00+05:30,491.8,497.7,487.0,490.45,13971982,-0.0034602110648956196,-0.039722419168165234
2023-07-24 00:00:00+05:30,493.45,499.7,468.15,471.35,38976815,-0.039722419168165234,-0.01938688684797963
2023-07-25 00:00:00+05:30,467.9,468.5,455.4,462.3,43534718,-0.01938688684797963,0.02129447538743917
2023-07-26 00:00:00+05:30,464.9,473.0,462.05,472.25,18143422,0.02129447538743917,-0.015363579693142943
2023-07-27 00:00:00+05:30,474.4,475.15,461.1,465.05,13989457,-0.015363579693142943,0.007284445708721332
2023-07-28 00:00:00+05:30,467.7,469.45,463.4,468.45,9978231,0.007284445708721332,-0.005887722408865693
2023-07-31 00:00:00+05:30,469.0,469.7,463.5,465.7,8194797,-0.005887722408865693,-0.0019344444506300368
2023-08-01 00:00:00+05:30,466.0,468.85,463.8,464.8,6438221,-0.0019344444506300368,-0.01016334837627856
2023-08-02 00:00:00+05:30,464.6,464.8,458.0,460.1,10318220,-0.01016334837627856,-0.008841404535255512
2023-08-03 00:00:00+05:30,460.1,463.75,454.3,456.05,10617897,-0.008841404535255512,-0.002414929823467706
2023-08-04 00:00:00+05:30,456.3,461.4,454.25,454.95,6834401,-0.002414929823467706,-0.00010990822674141462
2023-08-07 00:00:00+05:30,454.1,456.55,450.95,454.9,9161131,-0.00010990822674141462,-0.005621398104207726
2023-08-08 00:00:00+05:30,457.0,457.0,451.05,452.35,6392488,-0.005621398104207726,0.013831175483913858
2023-08-09 00:00:00+05:30,452.35,459.9,446.9,458.65,9758343,0.013831175483913858,-0.015158462483326633
2023-08-10 00:00:00+05:30,458.9,459.3,449.0,451.75,13194170,-0.015158462483326633,-0.006662989669849255
2023-08-11 00:00:00+05:30,453.9,453.9,444.75,448.75,11582326,-0.006662989669849255,0.0010022830617994448
2023-08-14 00:00:00+05:30,448.75,451.25,445.05,449.2,7562808,0.0010022830617994448,0.0023347611917772892
2023-08-16 00:00:00+05:30,451.0,457.4,448.2,450.25,14920272,0.0023347611917772892,-0.020758108609219447
2023-08-17 00:00:00+05:30,450.0,450.0,440.0,441.0,16269569,-0.020758108609219447,0.0014728377442951622
2023-08-18 00:00:00+05:30,441.0,443.35,438.5,441.65,19324262,0.0014728377442951622,0.013828990973513203
2023-08-21 00:00:00+05:30,442.0,448.5,441.35,447.8,9572041,0.013828990973513203,0.014301003111626017
2023-08-22 00:00:00+05:30,449.0,455.15,447.0,454.25,9854945,0.014301003111626017,-0.008400624178831568
2023-08-23 00:00:00+05:30,455.6,455.65,448.6,450.45,8445029,-0.008400624178831568,0.0009985023295896
2023-08-24 00:00:00+05:30,450.6,453.5,449.3,450.9,6088274,0.0009985023295896,-0.016886059601022324
2023-08-25 00:00:00+05:30,450.9,451.0,442.05,443.35,9270988,-0.016886059601022324,-0.004408032003380051
2023-08-28 00:00:00+05:30,445.0,446.85,441.0,441.4,6910750,-0.004408032003380051,-0.0029495200055902034
2023-08-29 00:00:00+05:30,442.95,444.0,439.2,440.1,9480003,-0.0029495200055902034,0.006116227017436054
2023-08-30 00:00:00+05:30,441.0,444.0,440.5,442.8,7364924,0.006116227017436054,-0.007025524647717425
2023-08-31 00:00:00+05:30,443.0,444.9,436.1,439.7,19900312,-0.007025524647717425,0.0030655715180115018
2023-09-01 00:00:00+05:30,440.0,445.0,438.3,441.05,11438624,0.0030655715180115018,-0.008081541907106799
2023-09-04 00:00:00+05:30,443.35,443.35,436.65,437.5,13604608,-0.008081541907106799,0.012718772407774831
2023-09-05 00:00:00+05:30,438.9,444.5,438.5,443.1,8378915,0.012718772407774831,0.009769321423423296
2023-09-06 00:00:00+05:30,443.95,448.5,442.0,447.45,12863039,0.009769321423423296,-0.0034700879954362765
2023-09-07 00:00:00+05:30,448.8,449.0,444.6,445.9,8090369,-0.0034700879954362765,-0.007315321576372882
2023-09-08 00:00:00+05:30,447.9,447.9,441.85,442.65,9939517,-0.007315321576372882,0.010226531783831374
2023-09-11 00:00:00+05:30,446.0,448.1,442.65,447.2,9320577,0.010226531783831374,0.008793956599620166
2023-09-12 00:00:00+05:30,448.9,454.3,445.6,451.15,14406441,0.008793956599620166,0.005195391114681538
2023-09-13 00:00:00+05:30,452.2,457.0,451.1,453.5,11813170,0.005195391114681538,-0.007858804075233733
2023-09-14 00:00:00+05:30,455.9,455.9,447.15,449.95,14430930,-0.007858804075233733,-0.0035622880819009316
2023-09-15 00:00:00+05:30,448.05,452.1,447.0,448.35,15077136,-0.0035622880819009316,0.008218615785318892
2023-09-18 00:00:00+05:30,448.35,454.0,446.2,452.05,8197425,0.008218615785318892,0.0019889509319213298
2023-09-20 00:00:00+05:30,451.7,455.1,449.55,452.95,9959649,0.0019889509319213298,-0.012105206400386726
2023-09-21 00:00:00+05:30,452.8,453.55,444.5,447.5,10719470,-0.012105206400386726,-0.009881059509466153
2023-09-22 00:00:00+05:30,447.5,448.4,442.25,443.1,7506309,-0.009881059509466153,-0.0011290505884945627
2023-09-25 00:00:00+05:30,443.1,444.8,438.35,442.6,5782955,-0.0011290505884945627,-0.00033896390359022414
2023-09-26 00:00:00+05:30,443.6,444.5,439.7,442.45,5327833,-0.00033896390359022414,0.015029443961856393
2023-09-27 00:00:00+05:30,442.45,449.8,438.8,449.15,10490786,0.015029443961856393,-0.018879086397236032
2023-09-28 00:00:00+05:30,449.95,449.95,439.6,440.75,10216736,-0.018879086397236032,0.008247236487495268
2023-09-29 00:00:00+05:30,442.0,445.6,439.2,444.4,8160058,0.008247236487495268,-0.010518674147807338
2023-10-03 00:00:00+05:30,441.0,442.9,439.25,439.75,7481883,-0.010518674147807338,-0.008334808768946702
2023-10-04 00:00:00+05:30,439.75,441.7,433.3,436.1,13396709,-0.008334808768946702,-0.0001146591757261823
2023-10-05 00:00:00+05:30,440.0,440.5,435.05,436.05,10030257,-0.0001146591757261823,0.013892275348749348
2023-10-06 00:00:00+05:30,437.85,443.6,436.65,442.15,8418580,0.013892275348749348,-0.0038522594659394136
2023-10-09 00:00:00+05:30,440.95,443.2,437.25,440.45,5611154,-0.0038522594659394136,0.008928126209670234
2023-10-10 00:00:00+05:30,440.45,444.85,440.45,444.4,5014758,0.008928126209670234,0.008626054719767448
2023-10-11 00:00:00+05:30,447.2,449.45,444.8,448.25,7651513,0.008626054719767448,0.0054508172113603
2023-10-12 00:00:00+05:30,449.65,452.5,446.15,450.7,11774487,0.0054508172113603,-0.005227752298545931
2023-10-13 00:00:00+05:30,449.85,451.8,447.0,448.35,7632483,-0.005227752298545931,0.0013373455687610755
2023-10-16 00:00:00+05:30,448.0,451.0,446.2,448.95,4214958,0.0013373455687610755,0.009973486926759116
2023-10-17 00:00:00+05:30,449.8,454.5,449.0,453.45,6936218,0.009973486926759116,-0.003977466297724207
2023-10-18 00:00:00+05:30,454.25,458.2,451.0,451.65,6894947,-0.003977466297724207,-0.0027714667703719526
2023-10-19 00:00:00+05:30,449.75,454.9,446.85,450.4,9465463,-0.0027714667703719526,-0.027232469400717097
2023-10-20 00:00:00+05:30,445.0,449.0,437.35,438.3,13020371,-0.027232469400717097,-0.005490748180416623
2023-10-23 00:00:00+05:30,438.0,439.95,433.1,435.9,7275471,-0.005490748180416623,-0.007368212013507785
2023-10-25 00:00:00+05:30,436.9,438.0,427.05,432.7,10889221,-0.007368212013507785,0.003806013475090549
2023-10-26 00:00:00+05:30,429.55,436.6,429.55,434.35,18801214,0.003806013475090549,-0.001382329444860658
2023-10-27 00:00:00+05:30,434.35,436.8,432.2,433.75,13132487,-0.001382329444860658,-0.007637158157105334
2023-10-30 00:00:00+05:30,434.55,437.15,428.35,430.45,7618033,-0.007637158157105334,-0.004773834530369907
2023-10-31 00:00:00+05:30,430.0,433.35,427.9,428.4,8620154,-0.004773834530369907,-0.0007005254226931651
2023-11-01 00:00:00+05:30,430.0,431.1,425.5,428.1,7990245,-0.0007005254226931651,0.0070992442474329615
2023-11-02 00:00:00+05:30,430.05,432.7,428.65,431.15,8152031,0.0070992442474329615,0.004858871197382065
2023-11-03 00:00:00+05:30,432.8,434.4,431.1,433.25,13802600,0.004858871197382065,0.004835376678909143
2023-11-06 00:00:00+05:30,433.5,436.8,432.55,435.35,7308229,0.004835376678909143,-0.006105658043785561
2023-11-07 00:00:00+05:30,434.9,434.9,432.15,432.7,5124012,-0.006105658043785561,0.009774124842714288
2023-11-08 00:00:00+05:30,433.15,437.5,432.3,436.95,6979849,0.009774124842714288,-0.00585300345382765
2023-11-09 00:00:00+05:30,437.8,438.0,433.9,434.4,7785767,-0.00585300345382765,0.0049371476370909835
2023-11-10 00:00:00+05:30,434.4,438.0,432.5,436.55,4079205,0.0049371476370909835,0.004342863968547862
2023-11-12 00:00:00+05:30,438.85,439.2,438.0,438.45,1181310,0.004342863968547862,-0.00560353687633027
2023-11-13 00:00:00+05:30,438.4,438.4,435.0,436.0,3744754,-0.00560353687633027,0.013554510157922566
2023-11-15 00:00:00+05:30,438.1,442.5,437.5,441.95,7436428,0.013554510157922566,-0.0074949249325640815
2023-11-16 00:00:00+05:30,441.95,444.5,437.6,438.65,10857863,-0.0074949249325640815,0.0013668984928138196
2023-11-17 00:00:00+05:30,439.25,441.5,438.3,439.25,6655278,0.0013668984928138196,-0.005593302636511214
2023-11-20 00:00:00+05:30,439.85,440.3,434.5,436.8,4335388,-0.005593302636511214,-0.0012599509140583628
2023-11-21 00:00:00+05:30,437.15,439.3,435.5,436.25,5997810,-0.0012599509140583628,0.007877202670127528
2023-11-22 00:00:00+05:30,437.0,440.4,434.8,439.7,4886687,0.007877202670127528,0.001477189064704189
2023-11-23 00:00:00+05:30,440.95,442.25,438.25,440.35,6366606,0.001477189064704189,-0.005807680162705915
2023-11-24 00:00:00+05:30,441.0,442.25,436.85,437.8,6821878,-0.005807680162705915,-0.0058416064404641695
2023-11-28 00:00:00+05:30,438.0,439.0,434.9,435.25,8745691,-0.0058416064404641695,0.004470177654085106
2023-11-29 00:00:00+05:30,436.0,438.5,434.15,437.2,13785216,0.004470177654085106,-0.0032073337918639756
2023-11-30 00:00:00+05:30,436.7,438.45,434.5,435.8,15127505,-0.0032073337918639756,0.03161961701469591
2023-12-01 00:00:00+05:30,437.9,450.95,437.4,449.8,19336856,0.03161961701469591,0.009404284610622017
2023-12-04 00:00:00+05:30,455.0,456.4,451.0,454.05,12800220,0.009404284610622017,-0.005078394663499517
2023-12-05 00:00:00+05:30,455.0,457.8,450.1,451.75,12136292,-0.005078394663499517,0.025137935693131216
2023-12-06 00:00:00+05:30,453.9,464.5,452.1,463.25,20417559,0.025137935693131216,-0.011179364272772618
2023-12-07 00:00:00+05:30,464.75,464.8,457.4,458.1,11310918,-0.011179364272772618,-0.019730593217480937
2023-12-08 00:00:00+05:30,459.95,461.6,448.5,449.15,18667895,-0.019730593217480937,0.007320352121926629
2023-12-11 00:00:00+05:30,451.5,453.6,449.3,452.45,6599973,0.007320352121926629,0.0014355918759503144
2023-12-12 00:00:00+05:30,454.2,460.0,452.35,453.1,10158101,0.0014355918759503144,0.005612119269043238
2023-12-13 00:00:00+05:30,456.3,458.85,453.1,455.65,11283868,0.005612119269043238,0.00971888621928708
2023-12-14 00:00:00+05:30,460.0,461.0,449.45,460.1,14370803,0.00971888621928708,-0.004138087142027849
2023-12-15 00:00:00+05:30,461.9,462.95,455.0,458.2,15789845,-0.004138087142027849,-0.014398226423542602
2023-12-18 00:00:00+05:30,455.0,456.0,450.35,451.65,12027620,-0.014398226423542602,0.009804540121802319
2023-12-19 00:00:00+05:30,453.35,458.0,452.05,456.1,10268755,0.009804540121802319,-0.011244744214976463
2023-12-20 00:00:00+05:30,459.0,459.25,449.3,451.0,10367665,-0.011244744214976463,0.0009972852508098196
2023-12-21 00:00:00+05:30,449.0,453.75,444.45,451.45,11154625,0.0009972852508098196,0.00827225805863297
2023-12-22 00:00:00+05:30,453.0,455.9,450.55,455.2,11026317,0.00827225805863297,0.0027422821989685963
2023-12-26 00:00:00+05:30,456.05,458.9,454.7,456.45,5871301,0.0027422821989685963,0.0014230203266090207
2023-12-27 00:00:00+05:30,457.0,458.5,453.75,457.1,7543383,0.0014230203266090207,0.015197860909431522
2023-12-28 00:00:00+05:30,457.2,464.7,456.1,464.1,20696101,0.015197860909431522,-0.004318728370909415
2023-12-29 00:00:00+05:30,464.1,467.9,461.35,462.1,12888266,-0.004318728370909415,0.012793809941532952
2024-01-01 00:00:00+05:30,463.5,469.95,462.65,468.05,9346277,0.012793809941532952,0.004901970600206688
2024-01-02 00:00:00+05:30,470.0,471.35,463.6,470.35,10519771,0.004901970600206688,0.01456336418789651
2024-01-03 00:00:00+05:30,470.25,480.7,469.35,477.25,24036012,0.01456336418789651,-0.0017826251247120208
2024-01-04 00:00:00+05:30,480.0,481.45,474.2,476.4,11786959,-0.0017826251247120208,-0.0051560065820943565
2024-01-05 00:00:00+05:30,479.4,479.4,472.0,473.95,9209405,-0.0051560065820943565,-0.01798973418192881
2024-01-08 00:00:00+05:30,475.0,475.5,464.55,465.5,8003177,-0.01798973418192881,-0.0020429016298002933
2024-01-09 00:00:00+05:30,467.5,469.95,463.65,464.55,5696780,-0.0020429016298002933,-0.002694402664718856
2024-01-10 00:00:00+05:30,464.55,466.75,460.05,463.3,5896123,-0.002694402664718856,-0.001403963727563455
2024-01-11 00:00:00+05:30,464.1,466.55,461.1,462.65,6534775,-0.001403963727563455,0.00871582426073062
2024-01-12 00:00:00+05:30,463.25,467.7,460.35,466.7,9354326,0.00871582426073062,0.001926576642143393
2024-01-15 00:00:00+05:30,470.0,470.5,466.1,467.6,6902156,0.001926576642143393,0.01000114730415804
2024-01-16 00:00:00+05:30,467.8,475.0,464.25,472.3,12066347,0.01000114730415804,-0.012142017314741804
2024-01-17 00:00:00+05:30,471.4,477.0,465.2,466.6,11108698,-0.012142017314741804,-0.002360262870207859
2024-01-18 00:00:00+05:30,465.25,467.85,454.55,465.5,9143784,-0.002360262870207859,0.012807005356390393
2024-01-19 00:00:00+05:30,468.55,473.0,466.4,471.5,12203322,0.012807005356390393,-0.006596470349949963
2024-01-20 00:00:00+05:30,473.4,475.0,468.0,468.4,3296407,-0.006596470349949963,
