,date,open,high,low,close,volume
0,2003-01-01 00:00:00+05:30,14.74,14.74,14.52,14.57,4132777
1,2003-01-02 00:00:00+05:30,14.7,14.81,14.52,14.6,8012655
2,2003-01-03 00:00:00+05:30,14.69,15.05,14.61,14.94,24049577
3,2003-01-06 00:00:00+05:30,14.98,15.12,14.79,14.85,24429465
4,2003-01-07 00:00:00+05:30,14.91,15.08,14.86,14.98,20986669
5,2003-01-08 00:00:00+05:30,14.98,15.14,14.98,15.06,10794720
6,2003-01-09 00:00:00+05:30,15.07,15.18,14.92,14.96,11441952
7,2003-01-10 00:00:00+05:30,15.07,15.13,14.83,15.08,10283658
8,2003-01-13 00:00:00+05:30,15.09,15.14,14.98,15.07,8275769
9,2003-01-14 00:00:00+05:30,14.74,15.0,14.74,14.81,14881598
10,2003-01-15 00:00:00+05:30,14.89,15.08,14.89,15.06,8736251
11,2003-01-16 00:00:00+05:30,15.1,15.13,14.94,15.06,9454942
12,2003-01-17 00:00:00+05:30,15.23,15.3,14.94,14.99,25831432
13,2003-01-20 00:00:00+05:30,15.02,15.07,14.96,15.0,9101514
14,2003-01-21 00:00:00+05:30,14.98,15.0,14.54,14.58,16235460
15,2003-01-22 00:00:00+05:30,14.48,14.69,14.41,14.47,8880926
16,2003-01-23 00:00:00+05:30,14.47,14.61,14.4,14.45,6063626
17,2003-01-24 00:00:00+05:30,14.56,14.59,14.33,14.43,9104079
18,2003-01-27 00:00:00+05:30,14.43,14.47,14.13,14.2,24485490
19,2003-01-28 00:00:00+05:30,14.14,14.39,14.12,14.28,12757204
20,2003-01-29 00:00:00+05:30,14.32,14.32,13.9,13.96,7158875
21,2003-01-30 00:00:00+05:30,14.12,14.14,13.81,13.89,10739910
22,2003-01-31 00:00:00+05:30,13.92,14.17,13.84,14.12,25901722
23,2003-02-03 00:00:00+05:30,14.21,14.56,14.12,14.4,10716556
24,2003-02-04 00:00:00+05:30,14.25,14.47,12.38,14.33,3168747
25,2003-02-05 00:00:00+05:30,14.03,14.36,14.03,14.14,7641497
26,2003-02-06 00:00:00+05:30,14.21,14.24,13.85,14.19,10842285
27,2003-02-07 00:00:00+05:30,14.16,14.17,14.05,14.09,5917107
28,2003-02-10 00:00:00+05:30,13.99,14.08,13.89,13.94,8484253
29,2003-02-11 00:00:00+05:30,13.79,14.07,13.79,13.97,6195115
30,2003-02-12 00:00:00+05:30,13.84,14.02,13.7,13.92,2839754
31,2003-02-14 00:00:00+05:30,13.88,13.97,13.8,13.91,3619195
32,2003-02-17 00:00:00+05:30,14.08,14.1,13.95,14.05,2517691
33,2003-02-18 00:00:00+05:30,14.05,14.17,14.05,14.14,3257532
34,2003-02-19 00:00:00+05:30,14.2,14.28,14.1,14.2,9132699
35,2003-02-20 00:00:00+05:30,14.05,14.1,13.9,14.06,4107397
36,2003-02-21 00:00:00+05:30,14.07,14.2,13.99,14.14,3110157
37,2003-02-24 00:00:00+05:30,14.31,14.31,13.94,14.0,6993861
38,2003-02-25 00:00:00+05:30,13.97,14.01,13.88,13.94,11506301
39,2003-02-26 00:00:00+05:30,13.96,14.17,13.96,14.12,7817537
40,2003-02-27 00:00:00+05:30,14.1,14.25,14.07,14.16,9049765
41,2003-02-28 00:00:00+05:30,14.21,14.53,14.12,14.38,29894010
42,2003-03-03 00:00:00+05:30,14.48,14.57,14.28,14.34,9146334
43,2003-03-04 00:00:00+05:30,14.2,14.34,14.12,14.22,4511135
44,2003-03-05 00:00:00+05:30,14.18,14.18,14.04,14.14,8215019
45,2003-03-06 00:00:00+05:30,14.1,14.14,13.94,14.03,4148032
46,2003-03-07 00:00:00+05:30,13.99,14.23,13.97,14.17,10010104
47,2003-03-10 00:00:00+05:30,14.1,14.25,14.09,14.16,9307478
48,2003-03-11 00:00:00+05:30,14.08,14.23,14.05,14.2,4056772
49,2003-03-12 00:00:00+05:30,14.12,14.23,14.1,14.16,4512170
50,2003-03-13 00:00:00+05:30,14.36,14.36,13.93,14.03,3122712
51,2003-03-17 00:00:00+05:30,14.01,14.01,13.76,13.79,6787042
52,2003-03-19 00:00:00+05:30,13.92,13.99,13.79,13.86,8766761
53,2003-03-20 00:00:00+05:30,13.92,13.96,13.82,13.83,5872467
54,2003-03-21 00:00:00+05:30,13.83,13.88,13.58,13.6,9716841
55,2003-03-24 00:00:00+05:30,13.71,13.81,13.44,13.51,5882547
56,2003-03-25 00:00:00+05:30,13.51,13.61,13.35,13.58,8418643
57,2003-03-26 00:00:00+05:30,13.66,13.89,13.51,13.85,9111054
58,2003-03-27 00:00:00+05:30,13.83,13.98,13.75,13.85,9595027
59,2003-03-28 00:00:00+05:30,13.88,14.02,13.71,13.94,4330281
60,2003-03-31 00:00:00+05:30,13.9,13.92,13.75,13.88,4979537
61,2003-04-01 00:00:00+05:30,13.9,13.92,13.78,13.83,3206322
62,2003-04-02 00:00:00+05:30,13.79,13.92,13.68,13.83,2619975
63,2003-04-03 00:00:00+05:30,13.81,14.09,13.81,13.97,7213820
64,2003-04-04 00:00:00+05:30,14.01,14.14,13.95,14.08,13260257
65,2003-04-07 00:00:00+05:30,14.19,14.74,14.14,14.53,23298306
66,2003-04-08 00:00:00+05:30,14.54,14.75,14.36,14.62,14957602
67,2003-04-09 00:00:00+05:30,14.58,14.64,14.46,14.55,7298284
68,2003-04-10 00:00:00+05:30,14.41,14.96,14.41,14.88,19621107
69,2003-04-11 00:00:00+05:30,14.81,15.27,14.67,14.91,14564439
71,2003-04-15 00:00:00+05:30,14.92,15.14,14.82,14.9,11782645
72,2003-04-16 00:00:00+05:30,14.92,15.25,14.92,15.16,11487851
73,2003-04-17 00:00:00+05:30,15.05,15.16,14.94,15.1,8567952
74,2003-04-21 00:00:00+05:30,15.14,15.14,14.85,14.92,3730164
75,2003-04-22 00:00:00+05:30,14.92,15.03,14.67,14.7,4066312
76,2003-04-23 00:00:00+05:30,14.81,14.81,14.56,14.69,6082301
77,2003-04-24 00:00:00+05:30,14.7,14.74,14.59,14.65,11001224
78,2003-04-25 00:00:00+05:30,14.59,14.81,14.5,14.7,7441789
79,2003-04-28 00:00:00+05:30,14.8,15.07,14.72,15.02,8782241
80,2003-04-29 00:00:00+05:30,15.03,15.23,15.03,15.1,10245543
81,2003-04-30 00:00:00+05:30,15.03,15.14,14.92,15.09,10441742
82,2003-05-02 00:00:00+05:30,15.08,15.12,14.81,15.04,12593495
83,2003-05-05 00:00:00+05:30,15.09,15.1,14.94,15.02,5852217
84,2003-05-06 00:00:00+05:30,14.98,15.14,14.91,15.05,8808656
85,2003-05-07 00:00:00+05:30,15.03,15.21,14.84,14.94,17074706
86,2003-05-08 00:00:00+05:30,12.84,14.96,12.82,14.63,12505071
87,2003-05-09 00:00:00+05:30,14.7,14.8,14.61,14.67,4333206
88,2003-05-12 00:00:00+05:30,14.63,15.02,14.63,14.95,6761977
89,2003-05-13 00:00:00+05:30,14.98,15.04,14.77,14.82,3632245
90,2003-05-14 00:00:00+05:30,14.82,14.89,14.72,14.77,9297173
91,2003-05-15 00:00:00+05:30,14.76,14.92,14.76,14.86,5682478
92,2003-05-16 00:00:00+05:30,14.89,15.58,14.87,15.47,23543645
93,2003-05-19 00:00:00+05:30,15.58,15.93,15.35,15.54,31711505
94,2003-05-20 00:00:00+05:30,15.68,15.8,15.4,15.49,16886112
95,2003-05-21 00:00:00+05:30,15.56,15.83,15.54,15.61,15521674
96,2003-05-22 00:00:00+05:30,15.69,16.02,15.27,15.33,11097928
97,2003-05-23 00:00:00+05:30,15.47,15.6,14.92,15.02,42300352
98,2003-05-26 00:00:00+05:30,14.85,15.24,14.85,15.21,19019550
99,2003-05-27 00:00:00+05:30,15.23,15.53,15.05,15.37,21739560
100,2003-05-28 00:00:00+05:30,15.41,15.49,15.16,15.28,15020647
101,2003-05-29 00:00:00+05:30,15.29,15.36,15.12,15.21,28051855
102,2003-05-30 00:00:00+05:30,15.19,15.47,15.18,15.34,18908716
103,2003-06-02 00:00:00+05:30,15.28,15.97,15.28,15.53,35043422
104,2003-06-03 00:00:00+05:30,15.56,15.65,15.06,15.11,20128839
105,2003-06-04 00:00:00+05:30,14.92,15.22,14.85,15.02,20944504
106,2003-06-05 00:00:00+05:30,15.2,15.33,15.1,15.26,18324259
107,2003-06-06 00:00:00+05:30,15.36,15.69,15.29,15.61,28057570
108,2003-06-09 00:00:00+05:30,15.69,16.02,15.69,15.77,25225331
109,2003-06-10 00:00:00+05:30,15.71,16.02,15.5,15.6,25362985
110,2003-06-11 00:00:00+05:30,15.68,15.78,15.36,15.48,14880068
111,2003-06-12 00:00:00+05:30,15.6,15.82,15.58,15.77,17239720
112,2003-06-13 00:00:00+05:30,15.83,16.0,15.62,15.71,21601996
113,2003-06-16 00:00:00+05:30,15.8,15.83,15.47,15.62,9292628
114,2003-06-17 00:00:00+05:30,15.69,15.83,15.69,15.79,16903617
115,2003-06-18 00:00:00+05:30,15.91,16.28,15.85,16.11,36876217
116,2003-06-19 00:00:00+05:30,16.24,16.38,16.05,16.22,22442726
117,2003-06-20 00:00:00+05:30,16.22,16.53,16.15,16.44,33316871
118,2003-06-23 00:00:00+05:30,16.57,16.68,16.42,16.5,26377324
119,2003-06-24 00:00:00+05:30,16.13,16.46,15.91,16.19,16416359
120,2003-06-25 00:00:00+05:30,16.29,16.48,16.29,16.42,20743130
121,2003-06-26 00:00:00+05:30,16.46,17.1,16.46,16.97,50564421
122,2003-06-27 00:00:00+05:30,17.02,17.1,16.71,16.82,19180964
123,2003-06-30 00:00:00+05:30,16.86,17.17,16.84,16.96,23666044
124,2003-07-01 00:00:00+05:30,16.99,17.01,16.6,16.65,9922940
125,2003-07-02 00:00:00+05:30,16.67,16.88,16.67,16.79,12462096
126,2003-07-03 00:00:00+05:30,16.69,17.08,16.66,16.73,22665880
127,2003-07-04 00:00:00+05:30,16.79,17.28,16.79,17.03,25184246
128,2003-07-07 00:00:00+05:30,17.17,17.19,16.83,16.93,7181150
129,2003-07-08 00:00:00+05:30,16.91,17.33,16.91,17.13,27426224
130,2003-07-09 00:00:00+05:30,17.19,17.19,16.91,17.05,12157313
131,2003-07-10 00:00:00+05:30,16.91,17.15,16.73,16.88,19738916
132,2003-07-11 00:00:00+05:30,16.93,17.02,16.62,16.74,15768228
133,2003-07-14 00:00:00+05:30,16.64,16.79,16.54,16.7,10214133
134,2003-07-15 00:00:00+05:30,16.75,16.84,16.2,16.29,17440014
135,2003-07-16 00:00:00+05:30,16.46,16.75,16.29,16.68,11133433
136,2003-07-17 00:00:00+05:30,16.79,16.79,16.47,16.64,16243695
137,2003-07-18 00:00:00+05:30,16.44,16.66,16.24,16.46,10485707
138,2003-07-21 00:00:00+05:30,16.13,16.57,15.94,16.06,6744472
139,2003-07-22 00:00:00+05:30,16.02,16.35,15.8,15.97,11837229
140,2003-07-23 00:00:00+05:30,16.33,16.33,15.98,16.05,5883672
142,2003-07-24 00:00:00+05:30,16.04,16.56,15.98,16.42,14379715
143,2003-07-25 00:00:00+05:30,15.25,17.46,15.25,16.26,19952260
144,2003-07-28 00:00:00+05:30,16.55,16.55,16.29,16.36,15620269
145,2003-07-29 00:00:00+05:30,16.4,16.4,16.1,16.33,14352176
146,2003-07-30 00:00:00+05:30,16.35,16.42,15.92,16.05,15493099
147,2003-07-31 00:00:00+05:30,16.07,16.13,15.78,15.86,30079904
148,2003-08-01 00:00:00+05:30,15.94,16.08,15.89,15.92,20737550
149,2003-08-04 00:00:00+05:30,16.02,16.29,15.98,16.12,12329212
150,2003-08-05 00:00:00+05:30,16.31,16.57,16.09,16.17,34699624
151,2003-08-06 00:00:00+05:30,16.24,16.36,16.07,16.17,15844187
152,2003-08-07 00:00:00+05:30,16.29,16.51,16.11,16.32,28237794
153,2003-08-08 00:00:00+05:30,16.46,16.93,16.4,16.83,31735220
154,2003-08-11 00:00:00+05:30,16.84,17.27,16.79,16.98,23936718
155,2003-08-12 00:00:00+05:30,17.05,17.19,16.89,17.06,16406369
156,2003-08-13 00:00:00+05:30,17.02,17.17,16.76,17.03,15000352
157,2003-08-14 00:00:00+05:30,17.12,17.21,16.78,16.86,14700294
158,2003-08-18 00:00:00+05:30,16.94,17.06,16.72,17.03,12611270
159,2003-08-19 00:00:00+05:30,17.17,17.17,16.84,16.98,14169702
160,2003-08-20 00:00:00+05:30,17.08,17.08,16.77,16.88,13346431
161,2003-08-21 00:00:00+05:30,16.97,17.47,16.91,17.34,25259981
162,2003-08-22 00:00:00+05:30,17.5,18.08,17.46,17.86,41288352
163,2003-08-25 00:00:00+05:30,18.12,18.17,16.87,17.1,29887035
164,2003-08-26 00:00:00+05:30,17.32,17.85,17.24,17.53,22296387
165,2003-08-27 00:00:00+05:30,17.78,17.93,17.58,17.89,17173300
166,2003-08-28 00:00:00+05:30,17.9,18.17,17.66,18.05,25475934
167,2003-08-29 00:00:00+05:30,18.21,18.5,18.08,18.39,22141273
168,2003-09-01 00:00:00+05:30,18.56,19.03,18.56,18.91,19784411
169,2003-09-02 00:00:00+05:30,18.96,19.03,18.6,18.78,13254902
170,2003-09-03 00:00:00+05:30,18.83,18.96,18.3,18.41,11976819
171,2003-09-04 00:00:00+05:30,18.56,18.56,17.79,17.9,18684797
172,2003-09-05 00:00:00+05:30,18.08,18.65,18.03,18.48,17573888
173,2003-09-08 00:00:00+05:30,18.45,18.87,18.45,18.81,15604969
174,2003-09-09 00:00:00+05:30,18.89,18.92,18.12,18.27,12746854
175,2003-09-10 00:00:00+05:30,18.34,18.67,18.19,18.58,8793446
176,2003-09-11 00:00:00+05:30,18.56,18.76,18.01,18.12,14024397
177,2003-09-12 00:00:00+05:30,18.22,18.45,17.68,17.78,12579140
178,2003-09-15 00:00:00+05:30,17.66,17.9,17.41,17.53,10350078
179,2003-09-16 00:00:00+05:30,17.44,17.93,17.24,17.61,29554262
180,2003-09-17 00:00:00+05:30,17.81,17.81,17.24,17.32,17950941
181,2003-09-18 00:00:00+05:30,17.29,17.45,17.02,17.11,9429608
182,2003-09-19 00:00:00+05:30,17.35,17.79,17.15,17.57,15644703
183,2003-09-22 00:00:00+05:30,17.75,17.77,17.23,17.24,10926704
184,2003-09-23 00:00:00+05:30,17.13,17.52,17.08,17.46,8997745
185,2003-09-24 00:00:00+05:30,17.63,18.23,17.4,18.13,20077989
186,2003-09-25 00:00:00+05:30,17.7,18.3,17.7,17.93,15838832
187,2003-09-26 00:00:00+05:30,18.05,18.21,17.86,18.14,10734015
188,2003-09-29 00:00:00+05:30,18.08,18.24,17.9,17.98,5704303
189,2003-09-30 00:00:00+05:30,18.09,18.14,17.57,17.7,14359421
190,2003-10-01 00:00:00+05:30,17.83,18.01,17.68,17.91,8083035
191,2003-10-03 00:00:00+05:30,17.92,18.16,17.79,17.89,14087937
192,2003-10-06 00:00:00+05:30,18.03,18.65,17.97,18.54,24632009
193,2003-10-07 00:00:00+05:30,18.62,18.93,18.43,18.53,23548190
194,2003-10-08 00:00:00+05:30,18.74,18.76,18.46,18.63,12682550
195,2003-10-09 00:00:00+05:30,18.78,19.54,18.67,19.42,23149267
196,2003-10-10 00:00:00+05:30,19.45,19.84,19.43,19.65,13701119
197,2003-10-13 00:00:00+05:30,19.58,20.11,19.49,19.98,16321050
198,2003-10-14 00:00:00+05:30,20.11,20.15,19.14,19.38,15633319
199,2003-10-15 00:00:00+05:30,19.52,19.78,18.95,19.52,14108232
200,2003-10-16 00:00:00+05:30,19.67,19.96,19.48,19.8,13351876
201,2003-10-17 00:00:00+05:30,19.71,19.89,19.34,19.57,11281617
202,2003-10-20 00:00:00+05:30,19.56,19.67,19.31,19.36,11068499
203,2003-10-21 00:00:00+05:30,19.23,19.45,18.98,19.28,14747768
204,2003-10-22 00:00:00+05:30,19.25,19.45,19.12,19.36,11785795
205,2003-10-23 00:00:00+05:30,19.36,19.36,18.57,18.74,11102113
206,2003-10-24 00:00:00+05:30,18.75,19.05,18.57,18.96,8446858
207,2003-10-27 00:00:00+05:30,19.31,19.44,19.0,19.12,11965614
208,2003-10-28 00:00:00+05:30,19.07,19.34,19.03,19.19,11257543
209,2003-10-29 00:00:00+05:30,19.4,19.4,18.67,19.07,32704695
210,2003-10-30 00:00:00+05:30,19.05,19.12,18.94,19.01,12217477
211,2003-10-31 00:00:00+05:30,19.0,19.36,19.0,19.15,11310642
212,2003-11-03 00:00:00+05:30,19.34,19.69,19.12,19.59,17924346
213,2003-11-04 00:00:00+05:30,19.67,20.02,19.67,19.89,18856786
214,2003-11-05 00:00:00+05:30,19.78,20.1,19.5,19.64,23321346
215,2003-11-06 00:00:00+05:30,19.6,19.71,19.34,19.38,12835729
216,2003-11-07 00:00:00+05:30,19.38,19.42,18.92,19.09,14013822
217,2003-11-10 00:00:00+05:30,19.12,19.23,18.68,19.05,8620647
218,2003-11-11 00:00:00+05:30,19.27,19.27,19.05,19.12,15254196
219,2003-11-12 00:00:00+05:30,19.27,19.31,18.65,18.8,10532912
220,2003-11-13 00:00:00+05:30,19.0,19.0,18.74,18.87,12760219
221,2003-11-14 00:00:00+05:30,18.83,18.97,18.78,18.89,14852393
222,2003-11-17 00:00:00+05:30,18.9,19.15,18.85,18.99,5614394
223,2003-11-18 00:00:00+05:30,19.14,19.23,18.96,19.09,8096715
224,2003-11-19 00:00:00+05:30,19.23,19.31,18.83,19.22,7716602
225,2003-11-20 00:00:00+05:30,19.32,19.6,18.83,19.03,13357501
226,2003-11-21 00:00:00+05:30,19.06,19.4,18.78,19.3,11710240
227,2003-11-24 00:00:00+05:30,19.38,19.45,18.95,19.0,7109465
228,2003-11-25 00:00:00+05:30,19.11,19.16,18.82,18.9,8741201
229,2003-11-27 00:00:00+05:30,18.9,19.09,18.7,18.9,19232489
230,2003-11-28 00:00:00+05:30,18.78,19.18,18.78,18.95,11492891
231,2003-12-01 00:00:00+05:30,19.2,19.34,18.94,19.27,18404178
232,2003-12-02 00:00:00+05:30,19.34,19.58,19.18,19.38,14490865
233,2003-12-03 00:00:00+05:30,19.4,19.73,19.25,19.34,16524899
234,2003-12-04 00:00:00+05:30,19.38,20.11,19.33,19.89,25942672
235,2003-12-05 00:00:00+05:30,20.0,20.6,20.0,20.13,34447760
236,2003-12-08 00:00:00+05:30,20.05,20.4,20.04,20.18,17136625
237,2003-12-09 00:00:00+05:30,20.22,21.1,20.22,20.98,35892927
238,2003-12-10 00:00:00+05:30,21.21,21.87,21.1,21.62,41172613
239,2003-12-11 00:00:00+05:30,21.66,21.75,20.99,21.51,18712427
240,2003-12-12 00:00:00+05:30,20.66,21.55,20.4,21.37,11082269
241,2003-12-15 00:00:00+05:30,21.44,22.07,21.41,21.98,13353721
242,2003-12-16 00:00:00+05:30,22.03,22.97,21.72,22.8,33898133
243,2003-12-17 00:00:00+05:30,22.89,22.89,22.12,22.38,17478398
244,2003-12-18 00:00:00+05:30,22.43,22.43,21.77,21.83,16271640
245,2003-12-19 00:00:00+05:30,22.16,22.34,21.7,21.84,14029392
246,2003-12-22 00:00:00+05:30,21.94,21.97,21.69,21.8,6052196
247,2003-12-23 00:00:00+05:30,21.88,21.97,21.46,21.56,7598883
248,2003-12-24 00:00:00+05:30,21.97,21.97,21.4,21.59,17609033
249,2003-12-26 00:00:00+05:30,21.77,21.94,21.39,21.55,9591067
250,2003-12-29 00:00:00+05:30,21.81,22.36,21.5,21.99,22224612
251,2003-12-30 00:00:00+05:30,22.03,22.28,21.55,21.74,22348812
252,2003-12-31 00:00:00+05:30,21.77,21.94,21.66,21.73,16037506
253,2004-01-01 00:00:00+05:30,21.88,22.21,21.68,21.98,24298426
254,2004-01-02 00:00:00+05:30,21.99,22.76,21.99,22.6,36204955
255,2004-01-05 00:00:00+05:30,23.09,23.6,22.45,23.45,40531637
256,2004-01-06 00:00:00+05:30,23.54,23.73,22.54,22.85,18303874
257,2004-01-07 00:00:00+05:30,22.56,22.87,22.22,22.65,15797388
258,2004-01-08 00:00:00+05:30,22.76,23.97,22.7,23.79,26131266
259,2004-01-09 00:00:00+05:30,24.09,24.53,23.58,23.99,28999370
260,2004-01-12 00:00:00+05:30,24.2,24.85,23.56,24.62,24394140
261,2004-01-13 00:00:00+05:30,24.37,24.68,23.89,24.33,16241130
262,2004-01-14 00:00:00+05:30,24.55,25.13,23.65,25.06,19711736
263,2004-01-15 00:00:00+05:30,25.24,25.79,24.86,25.1,29235034
264,2004-01-16 00:00:00+05:30,25.19,25.28,24.53,24.78,16112116
265,2004-01-19 00:00:00+05:30,24.86,25.44,24.56,25.19,14334311
266,2004-01-20 00:00:00+05:30,25.3,25.5,24.42,24.77,17474258
267,2004-01-21 00:00:00+05:30,26.5,26.5,24.2,24.44,19704716
268,2004-01-22 00:00:00+05:30,24.53,24.84,23.62,23.86,20333273
269,2004-01-23 00:00:00+05:30,23.87,24.08,21.93,22.74,45174801
270,2004-01-27 00:00:00+05:30,23.16,23.62,22.43,23.28,20030874
271,2004-01-28 00:00:00+05:30,23.0,23.46,22.22,22.49,14008242
272,2004-01-29 00:00:00+05:30,22.55,23.2,22.45,22.73,32268692
273,2004-01-30 00:00:00+05:30,23.09,23.2,22.43,22.65,10189788
274,2004-02-03 00:00:00+05:30,22.54,23.14,21.63,22.34,17096125
275,2004-02-04 00:00:00+05:30,22.34,22.7,21.99,22.13,17592923
276,2004-02-05 00:00:00+05:30,22.32,22.32,21.46,21.54,15341090
277,2004-02-06 00:00:00+05:30,21.65,22.12,21.52,21.88,18761161
279,2004-02-09 00:00:00+05:30,21.63,22.3,21.63,22.0,14173302
280,2004-02-10 00:00:00+05:30,22.16,22.43,21.99,22.2,22252827
281,2004-02-11 00:00:00+05:30,22.41,22.41,22.01,22.31,15670803
282,2004-02-12 00:00:00+05:30,22.21,22.6,22.21,22.31,16875177
283,2004-02-13 00:00:00+05:30,22.54,23.46,22.3,23.4,31623126
284,2004-02-16 00:00:00+05:30,23.38,23.95,23.36,23.66,14588874
285,2004-02-17 00:00:00+05:30,23.6,24.11,23.43,23.87,19207424
286,2004-02-18 00:00:00+05:30,24.08,24.09,23.29,23.86,22644640
287,2004-02-19 00:00:00+05:30,23.87,24.02,23.69,23.84,24485535
288,2004-02-20 00:00:00+05:30,22.67,24.26,22.67,24.11,19065720
289,2004-02-23 00:00:00+05:30,24.09,24.44,23.87,24.08,15819887
290,2004-02-24 00:00:00+05:30,24.24,24.77,23.7,24.58,23835468
291,2004-02-25 00:00:00+05:30,24.32,24.53,23.67,23.78,8687517
292,2004-02-26 00:00:00+05:30,23.54,24.47,23.54,24.12,16338555
293,2004-02-27 00:00:00+05:30,24.18,24.53,24.02,24.32,8716947
294,2004-03-01 00:00:00+05:30,24.31,25.32,24.09,25.2,18363903
295,2004-03-03 00:00:00+05:30,25.19,26.3,24.78,25.96,18399408
296,2004-03-04 00:00:00+05:30,25.86,26.03,25.46,25.74,10794045
297,2004-03-05 00:00:00+05:30,25.46,26.07,25.46,25.78,10482287
298,2004-03-08 00:00:00+05:30,25.79,26.22,25.64,25.99,8538343
299,2004-03-09 00:00:00+05:30,25.77,26.08,25.59,25.83,10944884
300,2004-03-10 00:00:00+05:30,25.77,26.12,25.41,25.89,12090713
301,2004-03-11 00:00:00+05:30,25.72,25.81,25.19,25.37,15297215
302,2004-03-12 00:00:00+05:30,25.3,25.37,24.92,25.07,10955909
303,2004-03-15 00:00:00+05:30,25.3,25.3,24.11,24.33,11305062
304,2004-03-16 00:00:00+05:30,24.15,24.31,23.07,23.78,20762120
305,2004-03-17 00:00:00+05:30,23.87,24.31,23.25,24.12,23530010
306,2004-03-18 00:00:00+05:30,24.09,24.28,23.69,24.0,6596873
307,2004-03-19 00:00:00+05:30,23.84,23.84,23.45,23.65,9640701
308,2004-03-22 00:00:00+05:30,23.69,23.95,23.49,23.7,12755944
309,2004-03-23 00:00:00+05:30,23.54,23.98,23.54,23.84,10936064
310,2004-03-24 00:00:00+05:30,23.95,24.2,23.49,23.58,10765920
311,2004-03-25 00:00:00+05:30,23.45,23.99,23.45,23.62,11692690
312,2004-03-26 00:00:00+05:30,23.91,24.06,23.21,23.67,10627771
313,2004-03-29 00:00:00+05:30,23.76,23.8,23.39,23.58,4640374
314,2004-03-30 00:00:00+05:30,23.71,23.71,23.1,23.21,8534113
315,2004-03-31 00:00:00+05:30,22.77,23.36,22.77,23.05,13031748
316,2004-04-01 00:00:00+05:30,23.27,24.11,22.98,23.93,11635901
317,2004-04-02 00:00:00+05:30,24.09,24.26,23.81,24.01,8806991
318,2004-04-05 00:00:00+05:30,23.42,24.35,23.42,24.09,8020485
319,2004-04-06 00:00:00+05:30,24.09,24.28,23.87,23.96,5682298
320,2004-04-07 00:00:00+05:30,23.98,24.33,23.84,24.14,8180370
321,2004-04-08 00:00:00+05:30,23.89,24.24,22.56,24.09,9668061
322,2004-04-12 00:00:00+05:30,24.2,24.31,23.65,23.77,5949102
323,2004-04-13 00:00:00+05:30,23.71,24.18,23.31,24.0,7346524
324,2004-04-15 00:00:00+05:30,24.0,24.31,23.97,24.04,12583055
325,2004-04-16 00:00:00+05:30,23.43,24.2,23.43,24.02,6415479
326,2004-04-19 00:00:00+05:30,23.98,24.18,23.78,24.02,7624353
327,2004-04-20 00:00:00+05:30,24.09,24.09,23.65,23.78,5017607
328,2004-04-21 00:00:00+05:30,23.76,24.04,23.56,23.85,10163599
329,2004-04-22 00:00:00+05:30,24.2,24.2,23.65,23.87,4813623
330,2004-04-23 00:00:00+05:30,23.62,24.13,23.56,23.88,8679462
331,2004-04-27 00:00:00+05:30,22.6,24.08,22.6,23.36,20364187
332,2004-04-28 00:00:00+05:30,23.24,23.87,22.98,23.38,13312411
333,2004-04-29 00:00:00+05:30,23.2,23.98,22.98,23.56,15146961
334,2004-04-30 00:00:00+05:30,22.98,24.2,22.98,23.79,6964971
335,2004-05-03 00:00:00+05:30,23.69,24.02,23.25,23.71,11546531
336,2004-05-04 00:00:00+05:30,23.65,23.73,23.31,23.48,11734270
337,2004-05-05 00:00:00+05:30,23.45,23.56,23.27,23.36,20613081
338,2004-05-06 00:00:00+05:30,23.56,23.56,23.09,23.14,26460574
339,2004-05-07 00:00:00+05:30,22.87,23.09,22.54,22.76,10300893
340,2004-05-10 00:00:00+05:30,22.1,22.76,21.77,22.09,13719569
341,2004-05-11 00:00:00+05:30,21.66,21.99,20.48,20.65,21976664
342,2004-05-12 00:00:00+05:30,20.44,20.94,20.29,20.62,14534155
343,2004-05-13 00:00:00+05:30,20.36,21.46,19.34,21.05,17066381
344,2004-05-14 00:00:00+05:30,21.21,21.53,19.89,20.26,21813810
345,2004-05-17 00:00:00+05:30,20.22,20.36,17.95,18.28,13282846
346,2004-05-18 00:00:00+05:30,18.78,21.6,18.23,20.02,15351845
348,2004-05-19 00:00:00+05:30,20.44,20.81,18.56,19.87,11901759
349,2004-05-20 00:00:00+05:30,19.34,19.89,19.12,19.62,12376146
350,2004-05-21 00:00:00+05:30,19.34,19.91,19.23,19.83,11214883
351,2004-06-23 00:00:00+05:30,19.01,19.05,18.3,18.72,13863523
352,2004-06-24 00:00:00+05:30,18.76,19.12,18.67,19.02,21687585
353,2004-06-25 00:00:00+05:30,18.96,19.45,18.83,19.16,8528443
354,2004-06-28 00:00:00+05:30,19.25,19.4,19.0,19.25,7237535
355,2004-06-29 00:00:00+05:30,19.23,19.54,19.02,19.38,7029096
356,2004-06-30 00:00:00+05:30,19.42,19.76,19.23,19.6,8569842
357,2004-07-01 00:00:00+05:30,19.56,19.85,19.46,19.6,11077409
358,2004-07-02 00:00:00+05:30,19.65,20.29,19.56,20.09,10454162
359,2004-07-05 00:00:00+05:30,19.93,20.33,19.93,20.24,6412824
360,2004-07-06 00:00:00+05:30,20.31,20.92,20.01,20.72,10028869
361,2004-07-07 00:00:00+05:30,20.86,21.7,20.67,21.33,22997843
362,2004-07-08 00:00:00+05:30,21.21,22.76,21.21,21.63,30188263
363,2004-07-09 00:00:00+05:30,20.89,23.33,20.89,23.24,32740244
364,2004-07-12 00:00:00+05:30,23.24,23.51,22.88,23.29,15417995
365,2004-07-13 00:00:00+05:30,23.31,23.49,22.76,23.09,8523898
366,2004-07-14 00:00:00+05:30,23.42,23.42,22.17,22.26,12415566
367,2004-07-15 00:00:00+05:30,21.92,22.87,21.88,21.97,18676697
368,2004-07-16 00:00:00+05:30,21.97,22.72,21.97,22.64,14709834
369,2004-07-19 00:00:00+05:30,22.43,22.73,22.12,22.46,10107304
370,2004-07-20 00:00:00+05:30,22.54,22.54,21.95,22.0,10703596
371,2004-07-21 00:00:00+05:30,22.01,22.1,21.77,21.95,14824538
372,2004-07-22 00:00:00+05:30,22.19,22.19,21.66,21.76,10077964
373,2004-07-23 00:00:00+05:30,21.72,22.32,21.68,22.13,15830147
374,2004-07-26 00:00:00+05:30,22.1,23.31,21.99,23.25,21627736
375,2004-07-27 00:00:00+05:30,23.25,23.31,23.04,23.23,17547698
376,2004-07-28 00:00:00+05:30,23.06,23.2,22.81,22.88,13159862
377,2004-07-29 00:00:00+05:30,22.85,23.25,22.43,23.13,16187400
378,2004-07-30 00:00:00+05:30,23.25,23.25,22.64,22.93,14949637
379,2004-08-02 00:00:00+05:30,22.92,22.94,22.65,22.84,5972952
380,2004-08-03 00:00:00+05:30,22.87,22.97,22.23,22.38,22225467
381,2004-08-04 00:00:00+05:30,22.43,23.01,22.32,22.92,12941028
382,2004-08-05 00:00:00+05:30,22.98,23.2,22.92,23.13,12503001
383,2004-08-06 00:00:00+05:30,23.09,23.2,22.73,23.12,7628673
384,2004-08-09 00:00:00+05:30,23.1,23.21,22.92,23.15,7132550
385,2004-08-10 00:00:00+05:30,23.03,23.2,22.87,22.98,5123806
386,2004-08-11 00:00:00+05:30,22.85,23.36,22.66,23.12,12479466
387,2004-08-12 00:00:00+05:30,23.12,23.12,22.87,23.01,4692349
388,2004-08-13 00:00:00+05:30,22.98,22.98,22.34,22.52,11245168
389,2004-08-16 00:00:00+05:30,22.98,22.98,22.34,22.52,11245168
390,2004-08-17 00:00:00+05:30,22.94,22.98,22.1,22.51,9970460
391,2004-08-18 00:00:00+05:30,22.54,22.61,22.1,22.23,10376267
392,2004-08-19 00:00:00+05:30,22.43,22.94,22.32,22.85,11565071
393,2004-08-20 00:00:00+05:30,22.72,22.87,22.45,22.65,5750923
394,2004-08-23 00:00:00+05:30,22.76,22.81,22.32,22.46,4511495
395,2004-08-24 00:00:00+05:30,22.52,22.81,22.43,22.75,4553209
396,2004-08-25 00:00:00+05:30,22.96,23.0,22.77,22.85,4240866
397,2004-08-26 00:00:00+05:30,23.2,23.2,22.92,23.06,13398001
399,2004-08-27 00:00:00+05:30,23.03,23.16,22.6,22.63,5431830
400,2004-08-30 00:00:00+05:30,22.78,23.09,22.74,23.0,7088496
401,2004-08-31 00:00:00+05:30,22.89,23.2,22.83,23.13,8765996
402,2004-09-01 00:00:00+05:30,23.2,23.42,23.0,23.15,10290678
403,2004-09-02 00:00:00+05:30,23.14,23.14,22.87,22.95,5924847
404,2004-09-03 00:00:00+05:30,22.99,23.02,22.72,22.95,9974780
405,2004-09-06 00:00:00+05:30,22.94,22.98,22.81,22.88,8644002
406,2004-09-07 00:00:00+05:30,22.98,23.14,22.57,23.03,10746120
407,2004-09-08 00:00:00+05:30,23.09,23.14,22.77,23.04,6959706
408,2004-09-09 00:00:00+05:30,23.07,24.26,22.88,23.86,60928449
409,2004-09-10 00:00:00+05:30,23.65,24.63,23.65,24.44,60908155
410,2004-09-13 00:00:00+05:30,24.53,24.64,24.2,24.38,14529025
411,2004-09-14 00:00:00+05:30,24.33,24.33,23.76,24.01,9600202
412,2004-09-15 00:00:00+05:30,24.15,24.26,23.93,24.11,8445913
413,2004-09-16 00:00:00+05:30,24.04,25.39,24.04,25.24,32680395
414,2004-09-17 00:00:00+05:30,25.31,26.16,25.02,25.96,35592914
415,2004-09-20 00:00:00+05:30,25.9,26.47,25.86,26.16,24751753
416,2004-09-21 00:00:00+05:30,26.14,26.34,25.91,26.03,18216349
417,2004-09-22 00:00:00+05:30,25.94,26.08,25.59,25.77,17136355
418,2004-09-23 00:00:00+05:30,25.7,25.81,25.44,25.64,16321095
419,2004-09-24 00:00:00+05:30,25.47,25.99,25.37,25.46,15933917
420,2004-09-27 00:00:00+05:30,25.41,25.57,24.87,25.17,13027203
421,2004-09-28 00:00:00+05:30,25.0,25.41,24.86,24.93,9569062
422,2004-09-29 00:00:00+05:30,24.97,25.26,24.58,25.14,18571037
423,2004-09-30 00:00:00+05:30,25.41,25.41,24.98,25.13,20258753
424,2004-10-01 00:00:00+05:30,25.3,25.61,24.8,24.94,26507059
425,2004-10-04 00:00:00+05:30,25.15,25.41,25.08,25.32,26617038
426,2004-10-05 00:00:00+05:30,25.31,25.74,25.09,25.33,14218616
427,2004-10-06 00:00:00+05:30,25.37,25.47,24.84,24.89,11477141
428,2004-10-07 00:00:00+05:30,24.97,25.02,24.64,24.77,13047858
429,2004-10-08 00:00:00+05:30,24.86,25.08,24.51,24.69,18263149
430,2004-10-11 00:00:00+05:30,24.73,24.75,24.42,24.54,14076057
431,2004-10-12 00:00:00+05:30,24.72,24.72,24.31,24.45,9163164
432,2004-10-14 00:00:00+05:30,24.42,24.86,24.31,24.71,18572657
433,2004-10-15 00:00:00+05:30,24.84,25.01,24.65,24.71,9475912
434,2004-10-18 00:00:00+05:30,24.75,24.86,24.31,24.38,10219623
435,2004-10-19 00:00:00+05:30,24.53,24.57,23.98,24.29,13795484
436,2004-10-20 00:00:00+05:30,24.33,24.42,23.87,24.1,17728597
437,2004-10-21 00:00:00+05:30,24.15,24.15,23.87,23.97,8651022
438,2004-10-25 00:00:00+05:30,23.91,24.0,23.56,23.87,7065141
439,2004-10-26 00:00:00+05:30,23.91,24.2,23.87,24.06,13107572
440,2004-10-27 00:00:00+05:30,24.04,24.11,23.76,23.99,9860435
441,2004-10-28 00:00:00+05:30,24.31,24.31,23.89,24.0,26036901
442,2004-10-29 00:00:00+05:30,24.18,24.18,23.83,24.04,12530811
443,2004-11-01 00:00:00+05:30,24.2,24.26,23.87,24.0,13022883
444,2004-11-02 00:00:00+05:30,24.09,24.96,24.09,24.87,29343528
445,2004-11-03 00:00:00+05:30,24.93,25.19,24.79,25.11,19554192
446,2004-11-04 00:00:00+05:30,25.15,25.24,24.64,24.76,10164229
447,2004-11-05 00:00:00+05:30,25.0,25.26,24.89,24.93,10569136
448,2004-11-08 00:00:00+05:30,24.86,25.12,24.79,24.87,7796522
449,2004-11-09 00:00:00+05:30,24.83,25.32,24.83,24.94,10648381
450,2004-11-10 00:00:00+05:30,25.04,25.36,24.93,25.26,13885528
451,2004-11-11 00:00:00+05:30,25.3,25.48,25.24,25.38,13967968
452,2004-11-12 00:00:00+05:30,25.41,25.54,25.3,25.37,2080788
453,2004-11-16 00:00:00+05:30,25.48,25.68,25.3,25.41,16267995
454,2004-11-17 00:00:00+05:30,23.42,25.5,23.42,25.14,10997084
455,2004-11-18 00:00:00+05:30,25.15,25.2,24.81,24.96,10856955
456,2004-11-19 00:00:00+05:30,25.13,25.5,24.97,25.25,15837797
457,2004-11-22 00:00:00+05:30,24.64,25.5,24.64,25.4,13804259
458,2004-11-23 00:00:00+05:30,25.46,26.42,25.46,26.34,32864714
459,2004-11-24 00:00:00+05:30,26.41,28.02,26.41,27.72,46721938
460,2004-11-25 00:00:00+05:30,27.73,28.37,27.55,28.15,36978861
461,2004-11-29 00:00:00+05:30,28.07,28.83,27.98,28.53,24868033
462,2004-11-30 00:00:00+05:30,28.95,29.06,28.01,28.48,28583392
463,2004-12-01 00:00:00+05:30,28.4,29.1,28.07,28.5,33236142
464,2004-12-02 00:00:00+05:30,28.73,28.73,28.15,28.4,25677128
465,2004-12-03 00:00:00+05:30,28.46,28.95,28.09,28.3,18285964
466,2004-12-06 00:00:00+05:30,28.18,28.4,27.84,27.97,16919951
467,2004-12-07 00:00:00+05:30,28.02,28.42,27.84,28.19,12438291
468,2004-12-08 00:00:00+05:30,28.37,28.41,27.76,27.98,11215333
469,2004-12-09 00:00:00+05:30,27.85,28.4,27.82,28.23,10536287
470,2004-12-10 00:00:00+05:30,28.26,28.28,27.7,28.0,12930453
471,2004-12-13 00:00:00+05:30,28.71,28.71,27.8,27.99,11117683
472,2004-12-14 00:00:00+05:30,28.07,28.45,27.95,28.25,17635853
473,2004-12-15 00:00:00+05:30,28.4,28.7,28.18,28.28,17303934
474,2004-12-16 00:00:00+05:30,28.31,28.44,28.07,28.17,11328552
475,2004-12-17 00:00:00+05:30,28.29,28.29,27.62,27.74,10972739
476,2004-12-20 00:00:00+05:30,27.84,28.07,27.68,27.99,8343494
477,2004-12-21 00:00:00+05:30,28.06,29.17,27.89,28.99,21956954
478,2004-12-22 00:00:00+05:30,28.53,29.39,28.51,28.86,24192451
479,2004-12-23 00:00:00+05:30,28.93,29.06,28.55,28.73,16398944
480,2004-12-24 00:00:00+05:30,28.75,28.84,28.57,28.7,5729728
481,2004-12-27 00:00:00+05:30,28.73,29.17,28.51,28.94,10499387
482,2004-12-28 00:00:00+05:30,29.15,29.39,28.91,29.16,12206272
483,2004-12-29 00:00:00+05:30,29.28,29.59,29.06,29.22,16668628
484,2004-12-30 00:00:00+05:30,29.39,29.39,28.51,28.6,14610339
485,2004-12-31 00:00:00+05:30,28.53,29.06,28.53,28.97,7705307
486,2005-01-03 00:00:00+05:30,29.15,29.37,28.88,29.02,6920016
487,2005-01-04 00:00:00+05:30,28.93,29.26,28.73,29.05,6977526
488,2005-01-05 00:00:00+05:30,29.28,29.28,28.31,28.66,14006847
489,2005-01-06 00:00:00+05:30,28.6,28.6,27.87,28.21,10049299
490,2005-01-07 00:00:00+05:30,27.98,28.88,27.98,28.73,9874610
491,2005-01-10 00:00:00+05:30,28.73,28.73,28.02,28.16,6666128
492,2005-01-11 00:00:00+05:30,27.69,28.62,27.63,28.1,6073031
493,2005-01-12 00:00:00+05:30,28.5,28.68,27.69,28.09,16020316
494,2005-01-13 00:00:00+05:30,28.39,28.39,27.18,27.5,12705545
495,2005-01-14 00:00:00+05:30,27.56,27.91,26.96,27.69,13974988
496,2005-01-17 00:00:00+05:30,27.76,27.76,27.18,27.46,10162114
497,2005-01-18 00:00:00+05:30,27.6,27.94,27.45,27.62,14139417
498,2005-01-19 00:00:00+05:30,27.62,27.84,27.2,27.41,7013751
499,2005-01-20 00:00:00+05:30,27.82,30.78,26.78,30.47,131240383
500,2005-01-24 00:00:00+05:30,30.55,30.63,29.57,29.76,31921519
501,2005-01-25 00:00:00+05:30,29.66,31.09,29.0,30.04,62745629
502,2005-01-27 00:00:00+05:30,30.08,30.92,29.66,30.59,50814395
503,2005-01-28 00:00:00+05:30,30.58,31.31,30.25,30.92,42577100
504,2005-01-31 00:00:00+05:30,30.5,31.05,29.5,30.09,55402165
505,2005-02-01 00:00:00+05:30,29.41,30.43,29.41,29.83,48665117
506,2005-02-02 00:00:00+05:30,29.86,29.86,29.19,29.29,14592609
507,2005-02-03 00:00:00+05:30,29.55,29.61,29.07,29.38,29068175
508,2005-02-04 00:00:00+05:30,29.39,29.92,29.39,29.65,17783767
509,2005-02-07 00:00:00+05:30,29.83,30.47,29.32,29.44,25575744
510,2005-02-08 00:00:00+05:30,29.46,29.46,29.07,29.18,9463807
511,2005-02-09 00:00:00+05:30,28.96,29.54,28.96,29.33,13838548
512,2005-02-10 00:00:00+05:30,28.97,29.46,28.97,29.41,8160435
513,2005-02-11 00:00:00+05:30,29.77,30.25,29.29,29.48,8846411
514,2005-02-14 00:00:00+05:30,29.68,29.83,28.99,29.15,9757791
515,2005-02-15 00:00:00+05:30,29.5,29.5,28.91,29.01,12630125
516,2005-02-16 00:00:00+05:30,29.06,29.23,28.59,28.85,28527908
517,2005-02-17 00:00:00+05:30,28.8,28.99,28.4,28.7,15966722
518,2005-02-18 00:00:00+05:30,28.71,28.84,28.13,28.29,10722091
519,2005-02-21 00:00:00+05:30,28.4,28.46,27.84,27.93,13065183
520,2005-02-22 00:00:00+05:30,27.87,28.53,27.87,28.37,9295463
521,2005-02-23 00:00:00+05:30,28.4,28.73,28.18,28.4,10873335
522,2005-02-24 00:00:00+05:30,28.51,28.79,28.22,28.61,16021261
523,2005-02-25 00:00:00+05:30,28.62,28.62,28.32,28.46,12966408
524,2005-02-28 00:00:00+05:30,28.46,28.84,27.4,28.6,30918204
525,2005-03-01 00:00:00+05:30,28.34,29.88,28.25,29.58,43643774
526,2005-03-02 00:00:00+05:30,29.57,29.78,29.18,29.63,22912343
527,2005-03-03 00:00:00+05:30,29.57,29.89,29.51,29.76,13400251
528,2005-03-04 00:00:00+05:30,29.83,30.6,29.66,30.34,30210133
529,2005-03-07 00:00:00+05:30,30.86,30.86,29.86,30.19,9425513
530,2005-03-08 00:00:00+05:30,30.06,30.67,30.05,30.36,14661234
531,2005-03-09 00:00:00+05:30,30.06,30.83,30.06,30.34,6849187
532,2005-03-10 00:00:00+05:30,30.16,30.73,30.16,30.52,14512375
533,2005-03-11 00:00:00+05:30,30.81,30.81,29.61,29.74,20980954
534,2005-03-14 00:00:00+05:30,30.05,30.21,29.39,29.49,9774171
536,2005-03-15 00:00:00+05:30,29.7,29.97,29.28,29.6,6652178
537,2005-03-16 00:00:00+05:30,29.77,29.78,29.37,29.51,11523491
538,2005-03-17 00:00:00+05:30,29.28,29.8,29.28,29.48,16929086
539,2005-03-18 00:00:00+05:30,29.5,29.5,28.84,28.97,8091765
540,2005-03-21 00:00:00+05:30,29.06,29.61,28.51,28.65,24239431
541,2005-03-22 00:00:00+05:30,28.94,28.94,28.12,28.21,13112612
542,2005-03-23 00:00:00+05:30,28.4,28.57,28.0,28.37,10556986
543,2005-03-24 00:00:00+05:30,28.49,29.44,28.4,29.21,14040732
544,2005-03-28 00:00:00+05:30,29.39,29.74,28.87,29.03,10318128
545,2005-03-29 00:00:00+05:30,29.17,29.24,27.97,28.18,14268971
546,2005-03-30 00:00:00+05:30,28.26,29.26,27.71,28.33,10990334
547,2005-03-31 00:00:00+05:30,28.91,29.83,28.62,29.66,36449574
548,2005-04-01 00:00:00+05:30,29.5,30.2,29.22,29.89,20670276
549,2005-04-04 00:00:00+05:30,30.08,30.54,29.39,29.82,17080871
550,2005-04-05 00:00:00+05:30,30.16,30.38,29.79,29.85,14106027
551,2005-04-06 00:00:00+05:30,29.92,30.43,29.83,30.29,9820925
552,2005-04-07 00:00:00+05:30,30.38,30.88,30.19,30.39,22887549
553,2005-04-08 00:00:00+05:30,30.5,31.16,30.16,30.94,28010095
554,2005-04-11 00:00:00+05:30,31.05,31.12,30.61,30.9,7149695
555,2005-04-12 00:00:00+05:30,30.89,31.27,30.72,31.03,7992586
556,2005-04-13 00:00:00+05:30,31.15,31.58,30.96,31.32,15303785
557,2005-04-15 00:00:00+05:30,31.23,31.31,30.15,30.43,10445522
558,2005-04-18 00:00:00+05:30,30.14,31.05,29.83,30.48,8789756
559,2005-04-19 00:00:00+05:30,30.93,30.93,30.23,30.39,7583808
560,2005-04-20 00:00:00+05:30,30.39,31.2,30.16,30.33,20985634
561,2005-04-21 00:00:00+05:30,30.33,30.94,30.05,30.92,7769432
562,2005-04-22 00:00:00+05:30,31.05,31.18,30.65,30.8,5027282
563,2005-04-25 00:00:00+05:30,30.96,31.05,30.5,30.6,3916688
564,2005-04-26 00:00:00+05:30,30.7,30.83,30.35,30.52,5276850
565,2005-04-27 00:00:00+05:30,30.66,31.58,30.34,30.98,23640754
566,2005-04-28 00:00:00+05:30,31.07,32.57,30.94,32.05,35931987
567,2005-04-29 00:00:00+05:30,32.04,32.04,31.22,31.77,20414272
568,2005-05-02 00:00:00+05:30,31.82,31.93,30.94,31.14,11524256
569,2005-05-03 00:00:00+05:30,29.88,31.52,29.88,31.24,6539409
570,2005-05-04 00:00:00+05:30,31.34,31.89,31.08,31.52,9470692
571,2005-05-05 00:00:00+05:30,30.94,31.66,30.94,31.3,10321683
572,2005-05-06 00:00:00+05:30,32.64,32.64,31.07,31.84,13703234
573,2005-05-09 00:00:00+05:30,31.6,32.86,31.6,32.77,12888109
574,2005-05-10 00:00:00+05:30,32.77,32.77,32.31,32.53,8042760
575,2005-05-11 00:00:00+05:30,31.82,32.77,31.82,32.62,12431496
576,2005-05-12 00:00:00+05:30,32.82,32.9,32.23,32.42,15735828
577,2005-05-13 00:00:00+05:30,32.57,32.81,32.22,32.71,13747739
578,2005-05-16 00:00:00+05:30,32.6,33.08,32.49,32.87,17615333
579,2005-05-17 00:00:00+05:30,32.27,32.99,32.27,32.68,16192935
580,2005-05-18 00:00:00+05:30,32.57,33.03,32.31,32.83,29413278
581,2005-05-19 00:00:00+05:30,32.82,33.69,32.73,33.12,20556021
582,2005-05-20 00:00:00+05:30,32.71,33.32,32.71,33.1,17853831
583,2005-05-23 00:00:00+05:30,32.79,33.1,32.79,32.97,8308169
584,2005-05-24 00:00:00+05:30,32.88,33.55,32.82,33.2,15773988
585,2005-05-25 00:00:00+05:30,33.11,33.68,33.11,33.5,10773660
586,2005-05-26 00:00:00+05:30,33.55,33.96,33.19,33.85,28255839
587,2005-05-27 00:00:00+05:30,33.9,35.68,33.81,34.71,61280032
588,2005-05-30 00:00:00+05:30,34.69,35.16,34.28,34.42,29103679
589,2005-05-31 00:00:00+05:30,34.47,35.36,34.47,35.34,32465026
590,2005-06-01 00:00:00+05:30,35.36,35.53,34.92,35.17,16455014
591,2005-06-02 00:00:00+05:30,35.17,35.51,34.41,34.49,18649832
592,2005-06-03 00:00:00+05:30,34.65,35.14,34.26,34.97,16925216
593,2005-06-06 00:00:00+05:30,35.16,35.18,34.85,34.95,6168971
594,2005-06-07 00:00:00+05:30,35.11,35.11,34.19,34.26,18231649
595,2005-06-08 00:00:00+05:30,34.58,35.03,34.52,34.94,16284645
596,2005-06-09 00:00:00+05:30,34.94,35.14,34.74,34.82,14962552
597,2005-06-10 00:00:00+05:30,34.81,35.07,34.42,34.53,9203349
598,2005-06-13 00:00:00+05:30,34.65,34.83,34.52,34.74,8650482
599,2005-06-14 00:00:00+05:30,34.69,34.86,34.39,34.71,10929674
600,2005-06-15 00:00:00+05:30,34.81,35.03,34.48,34.57,14606199
601,2005-06-16 00:00:00+05:30,34.69,34.85,34.14,34.24,16190820
602,2005-06-17 00:00:00+05:30,34.47,34.78,33.7,34.17,38642142
603,2005-06-20 00:00:00+05:30,34.56,34.67,33.88,33.93,16264890
604,2005-06-21 00:00:00+05:30,33.99,34.34,33.94,34.05,8241209
605,2005-06-22 00:00:00+05:30,34.14,34.89,34.06,34.8,19555632
607,2005-06-23 00:00:00+05:30,34.92,35.11,34.54,34.77,13370731
608,2005-06-24 00:00:00+05:30,34.39,35.58,34.39,35.42,19357903
609,2005-06-27 00:00:00+05:30,35.49,36.83,35.45,36.17,42561035
610,2005-06-28 00:00:00+05:30,36.24,36.35,34.92,35.19,26581443
611,2005-06-29 00:00:00+05:30,35.14,35.87,35.03,35.68,13110452
612,2005-06-30 00:00:00+05:30,35.69,37.11,35.69,36.73,24582014
613,2005-07-01 00:00:00+05:30,36.46,37.3,36.13,36.92,9362603
614,2005-07-04 00:00:00+05:30,37.02,37.32,36.57,37.2,9590437
615,2005-07-05 00:00:00+05:30,37.23,37.78,36.9,36.98,17553908
616,2005-07-06 00:00:00+05:30,36.97,37.23,36.93,37.04,8500678
617,2005-07-07 00:00:00+05:30,37.04,37.65,36.8,37.14,20130549
618,2005-07-08 00:00:00+05:30,37.25,37.63,36.57,37.52,15420200
619,2005-07-11 00:00:00+05:30,37.57,37.9,37.45,37.69,7081791
620,2005-07-12 00:00:00+05:30,37.74,39.2,37.46,38.54,18265039
621,2005-07-13 00:00:00+05:30,38.67,38.85,38.1,38.21,10087144
622,2005-07-14 00:00:00+05:30,38.19,39.64,38.12,39.0,27976661
623,2005-07-15 00:00:00+05:30,39.0,39.27,38.56,39.06,17590043
624,2005-07-18 00:00:00+05:30,38.67,38.78,38.23,38.42,14671134
625,2005-07-19 00:00:00+05:30,38.74,38.74,37.24,37.54,22447586
626,2005-07-20 00:00:00+05:30,37.59,37.89,36.84,36.98,20397352
627,2005-07-21 00:00:00+05:30,37.13,37.3,36.04,36.14,23485775
628,2005-07-22 00:00:00+05:30,36.46,36.79,36.04,36.33,35281785
629,2005-07-25 00:00:00+05:30,36.64,36.99,36.44,36.81,15140796
630,2005-07-26 00:00:00+05:30,36.9,37.7,36.9,37.43,19793276
631,2005-07-27 00:00:00+05:30,37.61,37.61,36.95,37.4,7805477
632,2005-07-29 00:00:00+05:30,37.26,37.57,36.69,37.19,34385030
633,2005-08-01 00:00:00+05:30,37.35,37.35,36.6,36.75,7134800
634,2005-08-02 00:00:00+05:30,36.79,37.08,36.57,36.93,18201589
635,2005-08-03 00:00:00+05:30,37.57,38.56,37.19,37.98,34394795
636,2005-08-04 00:00:00+05:30,38.56,39.11,37.96,38.36,12694160
637,2005-08-05 00:00:00+05:30,38.36,38.71,38.03,38.45,13552755
638,2005-08-08 00:00:00+05:30,38.71,38.78,37.97,38.09,16617553
639,2005-08-09 00:00:00+05:30,38.23,38.43,37.35,37.57,12340867
640,2005-08-10 00:00:00+05:30,38.43,38.49,37.57,38.38,9058630
641,2005-08-11 00:00:00+05:30,37.82,38.57,37.82,38.15,12609560
642,2005-08-12 00:00:00+05:30,38.23,38.23,37.13,37.4,41909304
643,2005-08-16 00:00:00+05:30,37.35,37.99,37.33,37.58,16880847
644,2005-08-17 00:00:00+05:30,37.63,37.98,37.59,37.79,6472089
645,2005-08-18 00:00:00+05:30,37.9,38.12,37.37,37.45,11340747
646,2005-08-19 00:00:00+05:30,37.37,37.57,37.13,37.22,9669096
647,2005-08-22 00:00:00+05:30,38.2,38.2,37.19,37.35,10523372
648,2005-08-23 00:00:00+05:30,38.2,38.2,37.35,37.42,8133795
649,2005-08-24 00:00:00+05:30,37.79,37.79,37.2,37.5,8035920
650,2005-08-25 00:00:00+05:30,37.61,37.94,37.32,37.75,7358494
651,2005-08-26 00:00:00+05:30,37.79,38.12,37.74,37.93,7214405
652,2005-08-29 00:00:00+05:30,38.01,38.19,37.35,37.62,6599753
653,2005-08-30 00:00:00+05:30,37.88,38.34,37.66,37.77,15048547
654,2005-08-31 00:00:00+05:30,37.85,38.34,37.7,38.27,9631657
655,2005-09-01 00:00:00+05:30,38.34,38.67,38.1,38.27,9086350
656,2005-09-02 00:00:00+05:30,38.4,38.54,38.02,38.28,8002260
657,2005-09-05 00:00:00+05:30,38.54,39.78,38.36,39.61,22634425
658,2005-09-06 00:00:00+05:30,39.77,40.53,39.77,40.38,16000291
659,2005-09-08 00:00:00+05:30,40.53,40.66,40.11,40.21,16929401
660,2005-09-09 00:00:00+05:30,40.55,40.66,40.11,40.43,9597637
661,2005-09-12 00:00:00+05:30,40.66,41.57,40.44,41.32,17114620
662,2005-09-13 00:00:00+05:30,41.57,41.99,41.43,41.89,16567333
663,2005-09-14 00:00:00+05:30,41.92,41.92,40.82,41.03,26673018
664,2005-09-15 00:00:00+05:30,41.32,41.68,41.2,41.55,14257676
665,2005-09-16 00:00:00+05:30,41.68,41.96,41.21,41.5,16891512
666,2005-09-19 00:00:00+05:30,41.66,43.0,41.55,42.87,32375791
667,2005-09-20 00:00:00+05:30,43.0,43.42,42.35,42.64,47268955
668,2005-09-21 00:00:00+05:30,46.34,47.04,42.89,46.47,70538538
669,2005-09-22 00:00:00+05:30,46.71,49.22,45.0,45.3,73758281
670,2005-09-23 00:00:00+05:30,46.41,47.1,45.25,45.59,36364781
671,2005-09-26 00:00:00+05:30,46.08,47.57,45.74,47.45,34762962
672,2005-09-27 00:00:00+05:30,47.93,47.93,46.24,47.0,29212002
673,2005-09-28 00:00:00+05:30,46.44,47.3,46.16,46.64,21481624
674,2005-09-29 00:00:00+05:30,46.9,47.24,45.74,45.88,22849788
675,2005-09-30 00:00:00+05:30,45.74,46.27,44.47,45.33,25866848
676,2005-10-03 00:00:00+05:30,45.16,45.81,44.14,45.38,16301409
677,2005-10-04 00:00:00+05:30,45.45,45.64,45.25,45.4,13685609
678,2005-10-05 00:00:00+05:30,45.58,45.58,43.42,43.59,47148756
679,2005-10-06 00:00:00+05:30,43.67,43.72,42.18,42.33,49093505
680,2005-10-07 00:00:00+05:30,43.39,43.39,41.45,41.9,42735077
681,2005-10-10 00:00:00+05:30,42.1,43.14,41.9,42.69,32523025
682,2005-10-11 00:00:00+05:30,42.93,42.99,42.06,42.31,22227297
683,2005-10-13 00:00:00+05:30,42.36,43.52,42.13,42.55,27506470
684,2005-10-14 00:00:00+05:30,42.69,42.84,41.43,41.5,27813286
685,2005-10-17 00:00:00+05:30,42.1,42.1,40.69,41.12,20522140
686,2005-10-18 00:00:00+05:30,41.4,41.97,40.95,41.29,20625079
687,2005-10-19 00:00:00+05:30,40.97,41.1,39.78,39.86,24623888
688,2005-10-20 00:00:00+05:30,43.59,44.25,37.99,38.62,44743501
689,2005-10-21 00:00:00+05:30,38.12,40.41,38.12,40.21,35636355
690,2005-10-24 00:00:00+05:30,40.41,40.76,38.68,38.83,27439150
691,2005-10-25 00:00:00+05:30,39.43,40.08,38.97,39.16,22941546
692,2005-10-26 00:00:00+05:30,39.11,39.48,38.29,38.6,27711556
693,2005-10-27 00:00:00+05:30,38.78,39.28,38.12,38.35,38225416
694,2005-10-28 00:00:00+05:30,38.45,38.52,37.92,38.27,30189905
695,2005-10-31 00:00:00+05:30,38.39,40.09,38.39,39.84,21560029
696,2005-11-01 00:00:00+05:30,40.57,41.27,39.98,40.22,9785470
697,2005-11-02 00:00:00+05:30,40.27,41.62,39.78,41.5,37964951
698,2005-11-07 00:00:00+05:30,40.27,42.01,40.27,41.82,19382630
699,2005-11-08 00:00:00+05:30,42.01,42.26,41.43,41.98,17497995
700,2005-11-09 00:00:00+05:30,42.16,42.86,41.1,42.68,33404575
701,2005-11-10 00:00:00+05:30,42.79,42.79,42.16,42.3,14851687
702,2005-11-11 00:00:00+05:30,42.5,43.39,42.43,43.13,25240082
703,2005-11-14 00:00:00+05:30,43.39,43.71,42.2,42.53,25020692
704,2005-11-16 00:00:00+05:30,42.53,43.56,42.53,43.27,23024622
705,2005-11-17 00:00:00+05:30,43.36,43.57,42.81,43.16,16845261
706,2005-11-18 00:00:00+05:30,43.29,43.59,43.11,43.36,12877997
707,2005-11-21 00:00:00+05:30,43.42,43.42,41.82,42.01,27839695
708,2005-11-22 00:00:00+05:30,42.56,43.03,41.35,41.47,24840674
709,2005-11-23 00:00:00+05:30,41.43,43.08,41.43,42.89,23617461
710,2005-11-24 00:00:00+05:30,42.93,45.31,42.93,44.73,57654355
711,2005-11-25 00:00:00+05:30,44.78,45.81,44.27,45.31,39347473
712,2005-11-28 00:00:00+05:30,45.41,46.46,45.41,46.16,44287162
713,2005-11-29 00:00:00+05:30,46.14,46.24,45.11,45.38,23512266
714,2005-11-30 00:00:00+05:30,45.41,45.91,44.42,44.58,17623536
715,2005-12-01 00:00:00+05:30,44.75,45.23,43.94,45.01,15988846
716,2005-12-02 00:00:00+05:30,45.23,46.04,45.23,45.58,17062791
717,2005-12-05 00:00:00+05:30,45.58,45.88,44.37,44.48,26700763
718,2005-12-06 00:00:00+05:30,44.68,44.92,43.92,44.27,16106877
719,2005-12-07 00:00:00+05:30,44.42,45.55,44.34,44.93,25720238
720,2005-12-08 00:00:00+05:30,45.18,45.2,44.52,44.85,13837379
721,2005-12-09 00:00:00+05:30,44.92,45.63,44.75,45.36,19519976
722,2005-12-12 00:00:00+05:30,45.63,46.41,45.59,45.89,29672145
723,2005-12-13 00:00:00+05:30,45.91,47.12,45.74,46.97,38485303
724,2005-12-14 00:00:00+05:30,47.19,48.03,46.49,47.77,42607445
725,2005-12-15 00:00:00+05:30,47.9,48.06,45.71,46.52,21215878
726,2005-12-16 00:00:00+05:30,46.87,47.04,46.11,46.77,15660196
727,2005-12-19 00:00:00+05:30,46.9,48.2,46.9,48.0,16326738
728,2005-12-20 00:00:00+05:30,48.23,48.4,47.0,47.55,15949837
729,2005-12-21 00:00:00+05:30,47.57,47.92,46.54,46.95,18817835
730,2005-12-22 00:00:00+05:30,47.07,47.6,46.74,47.09,17236872
731,2005-12-23 00:00:00+05:30,47.24,47.37,45.99,46.19,17942202
732,2005-12-26 00:00:00+05:30,46.17,46.41,45.15,45.59,16708662
733,2005-12-27 00:00:00+05:30,45.74,47.05,45.23,46.8,13281413
734,2005-12-28 00:00:00+05:30,46.9,47.15,45.63,45.89,23408037
735,2005-12-29 00:00:00+05:30,46.08,46.56,45.98,46.21,15831985
736,2005-12-30 00:00:00+05:30,46.41,47.34,46.11,47.1,17540718
737,2006-01-02 00:00:00+05:30,47.07,47.32,43.76,46.44,11173926
738,2006-01-03 00:00:00+05:30,46.72,47.82,46.51,47.43,18794324
739,2006-01-04 00:00:00+05:30,47.73,49.29,47.73,48.71,37534082
740,2006-01-05 00:00:00+05:30,48.74,49.29,47.9,48.2,13953857
741,2006-01-06 00:00:00+05:30,48.4,48.48,47.04,48.21,28734072
743,2006-01-09 00:00:00+05:30,48.48,48.73,47.53,48.18,19452122
744,2006-01-10 00:00:00+05:30,48.3,48.56,47.24,47.35,15088222
745,2006-01-12 00:00:00+05:30,47.4,48.4,46.49,47.93,15569806
746,2006-01-13 00:00:00+05:30,48.06,48.64,47.62,48.23,24597131
747,2006-01-16 00:00:00+05:30,48.06,48.4,47.57,47.8,11421786
748,2006-01-17 00:00:00+05:30,47.8,48.1,47.07,47.22,8936845
749,2006-01-18 00:00:00+05:30,47.07,47.2,45.1,46.85,11148591
750,2006-01-19 00:00:00+05:30,47.07,47.82,46.95,47.43,12107594
751,2006-01-20 00:00:00+05:30,47.82,48.89,47.67,48.74,18277796
752,2006-01-23 00:00:00+05:30,48.71,50.55,48.23,50.35,33912688
753,2006-01-24 00:00:00+05:30,50.55,52.64,50.25,51.28,27159052
754,2006-01-25 00:00:00+05:30,51.43,52.44,50.63,52.29,24114860
755,2006-01-27 00:00:00+05:30,52.29,52.64,51.28,51.53,19397825
756,2006-01-30 00:00:00+05:30,51.53,52.17,50.33,51.46,13977482
757,2006-01-31 00:00:00+05:30,51.71,51.93,51.06,51.31,7825175
758,2006-02-01 00:00:00+05:30,51.38,51.83,50.88,51.4,16920705
759,2006-02-02 00:00:00+05:30,51.38,51.98,51.21,51.61,18471395
760,2006-02-03 00:00:00+05:30,51.53,51.61,50.35,50.53,11060001
761,2006-02-06 00:00:00+05:30,50.53,52.11,50.04,51.94,19479767
762,2006-02-07 00:00:00+05:30,52.21,53.7,51.94,53.33,22133541
763,2006-02-08 00:00:00+05:30,53.37,53.52,51.98,52.77,12169799
764,2006-02-10 00:00:00+05:30,52.79,54.38,52.79,54.06,17746503
765,2006-02-13 00:00:00+05:30,54.03,54.64,51.41,54.03,10445028
766,2006-02-14 00:00:00+05:30,54.03,54.59,53.38,54.21,16261827
767,2006-02-15 00:00:00+05:30,54.4,56.91,54.4,56.63,42833495
768,2006-02-16 00:00:00+05:30,56.72,57.18,54.91,55.12,20454262
769,2006-02-17 00:00:00+05:30,55.69,55.69,53.4,53.63,22152558
770,2006-02-20 00:00:00+05:30,53.53,54.13,52.24,53.98,24414218
771,2006-02-21 00:00:00+05:30,54.11,54.98,54.03,54.45,14783860
772,2006-02-22 00:00:00+05:30,54.36,54.61,53.8,54.23,12294938
773,2006-02-23 00:00:00+05:30,54.36,55.69,54.23,55.03,20082811
774,2006-02-24 00:00:00+05:30,55.03,55.03,53.78,54.2,14224669
775,2006-02-27 00:00:00+05:30,54.64,55.52,54.21,55.06,11111268
776,2006-02-28 00:00:00+05:30,55.52,58.22,53.91,57.16,58409214
777,2006-03-01 00:00:00+05:30,57.18,58.31,57.06,57.63,25384751
778,2006-03-02 00:00:00+05:30,57.68,59.62,57.68,58.57,29372736
779,2006-03-03 00:00:00+05:30,58.34,59.14,57.36,57.76,17924403
780,2006-03-06 00:00:00+05:30,58.64,59.63,57.69,59.14,23820480
781,2006-03-07 00:00:00+05:30,59.33,59.96,58.42,58.95,31960385
782,2006-03-08 00:00:00+05:30,59.17,59.3,57.18,57.63,24118907
783,2006-03-09 00:00:00+05:30,57.63,58.17,56.05,57.4,20500372
784,2006-03-10 00:00:00+05:30,57.98,59.5,57.68,59.0,13846589
785,2006-03-13 00:00:00+05:30,59.0,59.68,57.88,58.04,25381730
786,2006-03-14 00:00:00+05:30,58.61,59.33,58.03,58.31,15069727
787,2006-03-16 00:00:00+05:30,58.41,58.67,56.8,57.54,27914509
788,2006-03-17 00:00:00+05:30,58.01,59.3,57.84,58.19,20580031
789,2006-03-20 00:00:00+05:30,58.12,59.0,58.12,58.74,12389522
790,2006-03-21 00:00:00+05:30,59.0,59.91,58.74,59.19,19628168
791,2006-03-22 00:00:00+05:30,59.0,59.3,58.22,58.64,9284665
792,2006-03-23 00:00:00+05:30,58.99,59.75,58.69,59.3,11877969
793,2006-03-24 00:00:00+05:30,58.37,61.82,57.53,61.51,36133457
794,2006-03-27 00:00:00+05:30,61.65,64.27,61.09,63.96,26283799
795,2006-03-28 00:00:00+05:30,63.31,65.63,62.75,63.98,19144670
796,2006-03-29 00:00:00+05:30,64.94,65.65,63.56,64.04,25506866
797,2006-03-30 00:00:00+05:30,64.77,67.79,64.51,66.49,28542534
798,2006-03-31 00:00:00+05:30,66.79,66.79,64.31,64.69,15810529
799,2006-04-03 00:00:00+05:30,64.85,66.23,64.64,66.05,11850474
800,2006-04-04 00:00:00+05:30,65.96,67.92,65.63,67.64,21308539
801,2006-04-05 00:00:00+05:30,67.79,68.43,67.56,68.28,11494959
802,2006-04-07 00:00:00+05:30,67.62,69.11,63.31,66.18,34661994
803,2006-04-10 00:00:00+05:30,66.96,67.26,65.15,66.0,21975106
804,2006-04-12 00:00:00+05:30,66.0,66.93,63.3,63.71,33580207
805,2006-04-13 00:00:00+05:30,63.64,64.8,60.33,62.6,37422905
806,2006-04-17 00:00:00+05:30,62.67,64.14,62.67,63.96,13345079
807,2006-04-18 00:00:00+05:30,64.14,66.13,64.14,65.57,14243932
809,2006-04-19 00:00:00+05:30,65.63,66.96,64.84,65.75,16367904
810,2006-04-20 00:00:00+05:30,65.8,66.96,65.09,66.49,18623654
811,2006-04-21 00:00:00+05:30,66.96,67.62,65.33,66.43,23173464
812,2006-04-24 00:00:00+05:30,66.33,67.75,66.23,67.46,22031556
813,2006-04-25 00:00:00+05:30,67.46,67.62,65.14,65.4,16029240
814,2006-04-26 00:00:00+05:30,65.63,67.11,64.8,66.81,21122476
815,2006-04-27 00:00:00+05:30,67.11,68.62,66.49,67.22,35904453
816,2006-04-28 00:00:00+05:30,65.32,67.09,63.06,66.59,16728090
817,2006-05-02 00:00:00+05:30,67.79,69.56,67.62,68.78,24942338
818,2006-05-03 00:00:00+05:30,68.95,70.44,68.95,69.25,19858394
819,2006-05-04 00:00:00+05:30,69.28,70.24,68.8,69.41,20961331
820,2006-05-05 00:00:00+05:30,69.89,70.24,68.81,69.1,9188302
821,2006-05-08 00:00:00+05:30,69.81,69.81,68.47,68.88,9002419
822,2006-05-09 00:00:00+05:30,68.93,69.28,67.54,68.4,15385801
823,2006-05-10 00:00:00+05:30,68.62,68.95,67.74,67.97,7515302
824,2006-05-11 00:00:00+05:30,68.25,69.44,67.29,67.54,15363835
825,2006-05-12 00:00:00+05:30,67.29,67.42,65.63,66.79,12251060
826,2006-05-15 00:00:00+05:30,66.59,66.59,62.32,63.31,21496399
827,2006-05-16 00:00:00+05:30,63.98,65.47,61.32,64.57,28355805
828,2006-05-17 00:00:00+05:30,65.3,67.95,64.97,67.72,28481865
829,2006-05-18 00:00:00+05:30,68.28,68.28,62.68,63.36,28758603
830,2006-05-19 00:00:00+05:30,63.68,65.91,58.85,59.63,26210782
831,2006-05-22 00:00:00+05:30,60.33,61.99,48.06,56.87,33862666
832,2006-05-23 00:00:00+05:30,57.35,59.91,54.03,59.0,33751090
833,2006-05-24 00:00:00+05:30,59.37,61.44,56.68,57.71,41959764
834,2006-05-25 00:00:00+05:30,57.35,61.31,55.36,60.13,27733819
835,2006-05-26 00:00:00+05:30,60.99,62.98,59.28,60.73,30221465
836,2006-05-29 00:00:00+05:30,60.99,61.64,58.37,58.99,23858241
837,2006-05-30 00:00:00+05:30,59.33,60.33,57.91,58.51,19662014
838,2006-05-31 00:00:00+05:30,57.68,57.68,53.3,54.83,46988706
839,2006-06-01 00:00:00+05:30,55.69,56.68,52.67,53.09,40695468
840,2006-06-02 00:00:00+05:30,53.37,54.93,51.93,54.5,31766084
841,2006-06-05 00:00:00+05:30,56.32,56.32,52.39,53.05,31931981
842,2006-06-06 00:00:00+05:30,49.72,52.85,48.4,50.57,45724993
843,2006-06-07 00:00:00+05:30,49.72,51.46,48.73,50.32,33321937
844,2006-06-08 00:00:00+05:30,50.05,50.55,46.57,48.94,44520097
845,2006-06-09 00:00:00+05:30,49.06,53.6,49.06,53.2,34317378
846,2006-06-12 00:00:00+05:30,53.37,53.37,50.72,51.18,21764761
847,2006-06-13 00:00:00+05:30,50.72,50.72,48.13,48.48,30494732
848,2006-06-14 00:00:00+05:30,49.09,51.05,47.78,48.84,30849188
849,2006-06-15 00:00:00+05:30,49.39,52.37,49.39,51.58,26203714
850,2006-06-16 00:00:00+05:30,53.04,55.59,52.37,54.1,41024670
851,2006-06-19 00:00:00+05:30,53.38,55.03,53.1,54.54,18436664
852,2006-06-20 00:00:00+05:30,53.7,54.86,52.46,53.58,21247459
853,2006-06-21 00:00:00+05:30,53.37,56.55,53.04,55.94,24709094
854,2006-06-22 00:00:00+05:30,56.02,57.88,56.02,56.63,15735475
855,2006-06-23 00:00:00+05:30,56.02,57.01,54.86,56.62,16277988
856,2006-06-26 00:00:00+05:30,57.33,57.33,54.56,55.12,12846836
857,2006-06-27 00:00:00+05:30,55.36,58.59,54.69,58.32,32764885
858,2006-06-28 00:00:00+05:30,57.51,59.17,56.55,58.69,25240301
859,2006-06-29 00:00:00+05:30,59.0,59.67,57.68,58.27,27033304
860,2006-06-30 00:00:00+05:30,56.43,60.99,56.43,60.46,24455684
861,2006-07-03 00:00:00+05:30,60.66,61.95,60.21,61.32,16924548
862,2006-07-04 00:00:00+05:30,61.32,61.94,59.09,59.3,22801278
863,2006-07-05 00:00:00+05:30,59.33,61.32,58.74,61.21,23106546
864,2006-07-06 00:00:00+05:30,60.66,60.99,59.73,60.18,9140524
865,2006-07-07 00:00:00+05:30,60.83,61.14,57.68,58.04,15875092
866,2006-07-10 00:00:00+05:30,58.01,58.31,56.82,58.04,14257807
867,2006-07-11 00:00:00+05:30,58.31,58.61,57.68,58.34,9698287
868,2006-07-12 00:00:00+05:30,57.68,60.46,57.01,60.15,23599446
869,2006-07-13 00:00:00+05:30,60.3,60.76,59.38,60.05,23921952
870,2006-07-14 00:00:00+05:30,59.67,59.67,58.17,58.52,13325156
871,2006-07-17 00:00:00+05:30,58.01,58.51,56.75,57.05,10234434
872,2006-07-18 00:00:00+05:30,58.01,58.01,55.52,56.24,13810883
873,2006-07-19 00:00:00+05:30,57.16,57.68,55.14,55.52,15784138
874,2006-07-20 00:00:00+05:30,56.35,58.34,56.35,58.03,15498118
875,2006-07-21 00:00:00+05:30,58.67,58.67,55.19,55.46,27703081
876,2006-07-24 00:00:00+05:30,55.42,55.42,53.45,54.48,22322514
877,2006-07-25 00:00:00+05:30,56.02,58.01,54.03,54.4,28029393
878,2006-07-26 00:00:00+05:30,54.36,56.0,54.36,55.69,25183613
879,2006-07-27 00:00:00+05:30,55.69,56.6,54.1,55.34,42756983
881,2006-07-28 00:00:00+05:30,55.85,56.32,54.4,54.54,18451322
882,2006-07-31 00:00:00+05:30,55.03,56.02,55.03,55.49,12608006
883,2006-08-01 00:00:00+05:30,55.59,56.35,54.93,56.1,12787223
884,2006-08-02 00:00:00+05:30,56.19,57.63,55.66,57.48,14941477
885,2006-08-03 00:00:00+05:30,57.64,58.31,56.57,57.0,17172513
886,2006-08-04 00:00:00+05:30,57.35,57.56,55.61,55.75,16642332
887,2006-08-07 00:00:00+05:30,55.75,56.15,55.31,55.82,10232358
888,2006-08-08 00:00:00+05:30,55.99,57.28,55.82,57.1,9435589
889,2006-08-09 00:00:00+05:30,57.23,59.47,56.52,59.27,17542644
890,2006-08-10 00:00:00+05:30,59.63,59.63,58.01,58.44,16002249
891,2006-08-11 00:00:00+05:30,58.34,59.3,57.68,58.09,6830045
892,2006-08-14 00:00:00+05:30,58.57,59.5,58.49,59.19,8758222
893,2006-08-16 00:00:00+05:30,59.73,60.43,59.7,59.96,13425620
894,2006-08-17 00:00:00+05:30,60.0,60.59,59.24,60.03,11874954
895,2006-08-18 00:00:00+05:30,60.1,60.63,59.33,59.58,7852697
896,2006-08-21 00:00:00+05:30,59.78,60.3,58.67,59.91,9925768
897,2006-08-22 00:00:00+05:30,60.0,60.76,60.0,60.3,6831737
898,2006-08-23 00:00:00+05:30,60.0,60.33,59.09,59.27,7613819
899,2006-08-24 00:00:00+05:30,58.7,59.82,58.17,59.68,7514996
900,2006-08-25 00:00:00+05:30,59.83,60.4,59.37,59.72,9206263
901,2006-08-28 00:00:00+05:30,59.67,60.3,59.5,59.7,8933527
902,2006-08-29 00:00:00+05:30,59.67,61.39,59.67,61.21,17499705
903,2006-08-30 00:00:00+05:30,61.32,62.28,60.56,62.1,14582830
904,2006-08-31 00:00:00+05:30,62.62,63.84,62.12,63.48,38691583
905,2006-09-01 00:00:00+05:30,63.18,63.98,62.58,62.83,16939068
906,2006-09-04 00:00:00+05:30,63.23,63.78,62.68,63.03,8095312
907,2006-09-05 00:00:00+05:30,63.4,63.4,62.0,62.22,10632441
908,2006-09-06 00:00:00+05:30,62.48,63.38,62.02,62.68,13445606
909,2006-09-07 00:00:00+05:30,62.32,62.52,61.37,61.64,8816425
910,2006-09-08 00:00:00+05:30,61.99,62.65,61.17,62.3,16586223
911,2006-09-11 00:00:00+05:30,62.91,62.98,59.9,60.36,16053768
912,2006-09-12 00:00:00+05:30,60.3,60.63,58.34,60.21,16517640
913,2006-09-13 00:00:00+05:30,60.66,61.44,60.33,60.61,15808786
914,2006-09-14 00:00:00+05:30,60.33,61.29,60.33,60.69,7606808
915,2006-09-15 00:00:00+05:30,60.66,60.86,60.08,60.48,9835042
916,2006-09-18 00:00:00+05:30,61.62,62.32,60.71,62.07,15505528
917,2006-09-19 00:00:00+05:30,62.32,62.78,60.66,61.03,10018440
918,2006-09-20 00:00:00+05:30,61.06,62.32,60.03,62.09,12818303
919,2006-09-21 00:00:00+05:30,62.48,63.31,62.32,63.2,12424193
920,2006-09-22 00:00:00+05:30,63.63,63.63,62.0,62.32,14341396
921,2006-09-25 00:00:00+05:30,62.32,62.65,61.01,61.14,14010298
922,2006-09-26 00:00:00+05:30,61.49,61.49,59.95,60.91,30481157
923,2006-09-27 00:00:00+05:30,61.24,62.27,61.24,61.54,14906359
924,2006-09-28 00:00:00+05:30,61.65,61.79,60.69,61.09,11227404
925,2006-09-29 00:00:00+05:30,61.52,62.45,61.14,62.22,11336535
926,2006-10-03 00:00:00+05:30,61.65,62.96,61.37,62.27,8223061
927,2006-10-04 00:00:00+05:30,62.32,62.38,60.91,61.34,12190319
928,2006-10-05 00:00:00+05:30,61.39,62.32,61.39,62.05,7205582
929,2006-10-06 00:00:00+05:30,62.43,62.43,61.07,61.17,12588932
930,2006-10-09 00:00:00+05:30,61.32,61.89,60.66,61.24,7987127
931,2006-10-10 00:00:00+05:30,61.65,61.65,61.04,61.36,8261776
932,2006-10-11 00:00:00+05:30,61.32,61.97,60.99,61.49,13569503
933,2006-10-12 00:00:00+05:30,61.72,61.89,60.69,61.67,10538475
934,2006-10-13 00:00:00+05:30,62.32,63.15,61.74,62.57,14734567
935,2006-10-16 00:00:00+05:30,63.31,64.7,62.86,64.52,22956801
936,2006-10-17 00:00:00+05:30,65.2,65.2,63.79,64.22,10440924
937,2006-10-18 00:00:00+05:30,64.31,64.8,63.61,64.51,11865819
938,2006-10-19 00:00:00+05:30,64.51,64.84,62.63,63.2,12032789
939,2006-10-20 00:00:00+05:30,62.98,63.98,61.26,61.77,13108994
940,2006-10-23 00:00:00+05:30,62.68,62.68,61.09,61.31,6601703
941,2006-10-26 00:00:00+05:30,61.65,61.89,60.33,61.03,27002704
942,2006-10-27 00:00:00+05:30,61.8,62.43,61.32,62.22,10649079
943,2006-10-30 00:00:00+05:30,62.65,62.98,61.82,62.14,11031780
944,2006-10-31 00:00:00+05:30,62.32,63.33,62.19,62.98,12881798
945,2006-11-01 00:00:00+05:30,63.31,63.64,62.95,63.25,8397226
946,2006-11-02 00:00:00+05:30,63.06,63.38,62.32,62.48,6026840
947,2006-11-03 00:00:00+05:30,62.65,62.72,61.74,62.1,7871771
948,2006-11-06 00:00:00+05:30,62.25,63.56,61.61,63.4,15075313
949,2006-11-07 00:00:00+05:30,63.64,63.91,62.35,62.62,10495476
950,2006-11-08 00:00:00+05:30,62.8,62.88,61.12,61.47,14780578
951,2006-11-09 00:00:00+05:30,61.99,62.27,61.46,62.0,10499421
952,2006-11-10 00:00:00+05:30,62.65,62.65,61.41,61.65,6605354
953,2006-11-13 00:00:00+05:30,61.99,62.77,61.41,61.49,11175219
954,2006-11-14 00:00:00+05:30,61.9,61.97,60.89,61.03,11194038
955,2006-11-15 00:00:00+05:30,61.65,61.85,60.86,61.57,9120139
956,2006-11-16 00:00:00+05:30,61.39,61.99,61.07,61.47,10697682
957,2006-11-17 00:00:00+05:30,61.69,61.79,60.03,60.25,12317012
958,2006-11-20 00:00:00+05:30,59.7,61.22,57.68,59.09,31448726
959,2006-11-21 00:00:00+05:30,59.8,61.24,59.33,60.94,12180686
960,2006-11-22 00:00:00+05:30,61.32,61.79,59.83,60.11,16105227
961,2006-11-23 00:00:00+05:30,60.33,60.79,59.27,59.4,11908557
962,2006-11-24 00:00:00+05:30,59.4,60.46,59.17,59.53,8224039
963,2006-11-27 00:00:00+05:30,59.67,60.26,59.53,59.96,11498343
964,2006-11-28 00:00:00+05:30,59.67,59.75,59.04,59.53,7767845
965,2006-11-29 00:00:00+05:30,59.58,61.32,59.57,61.06,8987374
966,2006-11-30 00:00:00+05:30,61.32,61.99,60.45,61.36,11493648
967,2006-12-01 00:00:00+05:30,61.65,62.32,61.06,62.24,13088639
968,2006-12-04 00:00:00+05:30,62.32,62.98,61.36,62.77,11211816
969,2006-12-05 00:00:00+05:30,62.98,63.63,62.65,63.1,18253628
970,2006-12-06 00:00:00+05:30,63.1,63.63,61.84,62.42,9377806
971,2006-12-07 00:00:00+05:30,62.32,62.73,61.65,61.92,4184652
972,2006-12-08 00:00:00+05:30,61.95,61.99,60.91,61.36,6889145
973,2006-12-11 00:00:00+05:30,61.36,61.41,59.02,59.65,11272611
974,2006-12-12 00:00:00+05:30,59.53,59.98,55.19,57.48,17178255
975,2006-12-13 00:00:00+05:30,59.67,59.67,56.35,57.49,12919403
976,2006-12-14 00:00:00+05:30,58.01,59.07,57.41,58.61,6936638
977,2006-12-15 00:00:00+05:30,59.0,59.47,57.43,57.89,18921239
978,2006-12-18 00:00:00+05:30,58.47,58.47,56.75,57.69,14526028
979,2006-12-19 00:00:00+05:30,57.61,57.94,55.36,55.82,16318743
980,2006-12-20 00:00:00+05:30,56.02,58.67,56.02,56.48,27403465
981,2006-12-21 00:00:00+05:30,57.48,57.48,55.74,56.6,9850330
982,2006-12-22 00:00:00+05:30,56.77,56.98,56.02,56.22,11251536
983,2006-12-26 00:00:00+05:30,57.28,58.01,56.45,57.86,10639170
984,2006-12-27 00:00:00+05:30,58.01,58.87,57.88,58.66,7060955
985,2006-12-28 00:00:00+05:30,58.67,59.4,58.09,58.97,10515465
986,2006-12-29 00:00:00+05:30,59.15,59.25,57.93,58.37,8681221
987,2007-01-02 00:00:00+05:30,58.51,59.09,58.24,58.67,6657818
988,2007-01-03 00:00:00+05:30,58.67,58.9,57.88,58.16,7395506
989,2007-01-04 00:00:00+05:30,58.42,58.9,55.72,56.0,21553207
990,2007-01-05 00:00:00+05:30,56.35,56.68,54.69,54.79,28292769
991,2007-01-08 00:00:00+05:30,54.86,55.26,53.73,53.93,14032624
992,2007-01-09 00:00:00+05:30,54.36,55.29,53.57,53.72,16982463
993,2007-01-10 00:00:00+05:30,53.7,54.46,53.07,54.08,15930082
994,2007-01-11 00:00:00+05:30,54.28,56.35,53.95,56.09,21222451
995,2007-01-12 00:00:00+05:30,56.62,57.05,55.97,56.72,15254863
996,2007-01-15 00:00:00+05:30,57.61,57.61,56.02,57.01,12361964
997,2007-01-16 00:00:00+05:30,57.51,57.51,56.22,56.9,8303581
998,2007-01-17 00:00:00+05:30,56.35,57.31,56.02,56.19,6100346
999,2007-01-18 00:00:00+05:30,56.35,57.35,55.57,57.08,16888899
1000,2007-01-19 00:00:00+05:30,56.62,58.57,56.62,58.21,20980402
1001,2007-01-22 00:00:00+05:30,58.66,60.0,57.53,59.32,16863651
1002,2007-01-23 00:00:00+05:30,59.67,59.67,58.37,58.75,9808141
1003,2007-01-24 00:00:00+05:30,58.67,59.33,58.34,59.09,7522073
1004,2007-01-25 00:00:00+05:30,59.0,60.0,57.73,58.95,24341210
1005,2007-01-29 00:00:00+05:30,58.54,59.6,56.68,56.91,16677945
1006,2007-01-31 00:00:00+05:30,57.01,59.17,56.15,57.88,25075184
1007,2007-02-01 00:00:00+05:30,57.38,58.84,57.38,57.96,10288755
1008,2007-02-02 00:00:00+05:30,58.26,59.33,58.11,58.72,9782332
1009,2007-02-05 00:00:00+05:30,58.72,59.0,58.37,58.87,6866087
1010,2007-02-06 00:00:00+05:30,58.87,59.45,57.71,58.03,12083708
1011,2007-02-07 00:00:00+05:30,58.39,58.57,57.84,58.24,8916532
1012,2007-02-08 00:00:00+05:30,58.04,58.82,57.38,58.49,8272231
1013,2007-02-09 00:00:00+05:30,58.66,58.75,57.81,58.47,10729059
1014,2007-02-12 00:00:00+05:30,58.47,58.57,56.78,58.12,8021383
1016,2007-02-13 00:00:00+05:30,57.68,58.67,56.28,57.41,16235454
1017,2007-02-14 00:00:00+05:30,57.06,58.09,55.85,57.66,7154687
1018,2007-02-15 00:00:00+05:30,58.01,58.57,56.73,57.76,11097240
1019,2007-02-19 00:00:00+05:30,58.17,58.31,57.46,57.81,8567668
1020,2007-02-20 00:00:00+05:30,57.71,58.51,57.71,58.29,8821963
1021,2007-02-21 00:00:00+05:30,58.34,58.47,57.38,57.83,9789979
1022,2007-02-22 00:00:00+05:30,57.68,58.67,57.01,57.83,15327259
1023,2007-02-23 00:00:00+05:30,57.68,57.98,54.84,55.37,27536062
1024,2007-02-26 00:00:00+05:30,55.44,57.41,55.32,56.45,24680456
1025,2007-02-27 00:00:00+05:30,56.85,57.01,54.51,54.76,13072532
1026,2007-02-28 00:00:00+05:30,54.03,59.67,51.41,56.91,63224587
1027,2007-03-01 00:00:00+05:30,57.25,58.01,55.99,57.18,26388073
1028,2007-03-02 00:00:00+05:30,57.05,57.28,54.73,55.26,31672967
1029,2007-03-05 00:00:00+05:30,55.03,55.19,52.12,53.75,25240508
1030,2007-03-06 00:00:00+05:30,54.63,54.99,53.27,53.72,14398321
1031,2007-03-07 00:00:00+05:30,54.03,54.36,52.29,52.44,17483988
1032,2007-03-08 00:00:00+05:30,53.04,53.37,52.04,53.02,23492412
1033,2007-03-09 00:00:00+05:30,53.7,54.25,50.55,51.1,34113186
1034,2007-03-12 00:00:00+05:30,49.82,51.94,48.73,49.26,51718414
1035,2007-03-13 00:00:00+05:30,49.39,50.02,48.43,49.37,32372398
1036,2007-03-14 00:00:00+05:30,48.43,48.73,43.09,47.37,40126140
1037,2007-03-15 00:00:00+05:30,48.06,49.97,48.06,48.83,24062603
1038,2007-03-16 00:00:00+05:30,49.36,49.71,47.43,48.08,15727411
1039,2007-03-19 00:00:00+05:30,48.23,49.72,46.75,47.07,18642566
1040,2007-03-20 00:00:00+05:30,47.9,47.9,46.41,46.69,34806834
1041,2007-03-21 00:00:00+05:30,46.74,48.33,46.74,47.93,32466682
1042,2007-03-22 00:00:00+05:30,48.36,49.69,48.36,49.51,27042271
1043,2007-03-23 00:00:00+05:30,49.39,49.72,47.62,47.78,32592319
1044,2007-03-26 00:00:00+05:30,48.06,49.36,47.07,47.15,21772438
1045,2007-03-28 00:00:00+05:30,47.07,47.73,46.57,47.52,20220226
1046,2007-03-29 00:00:00+05:30,47.73,49.22,47.4,48.71,32196148
1047,2007-03-30 00:00:00+05:30,48.73,50.8,48.11,50.1,35738760
1048,2007-04-02 00:00:00+05:30,50.12,50.12,48.41,48.66,16758243
1049,2007-04-03 00:00:00+05:30,48.73,49.82,48.73,49.56,9187075
1050,2007-04-04 00:00:00+05:30,51.28,51.28,48.93,49.17,13416407
1051,2007-04-05 00:00:00+05:30,49.11,49.39,48.73,49.13,4815345
1052,2007-04-09 00:00:00+05:30,48.83,51.68,48.83,51.48,12624926
1053,2007-04-10 00:00:00+05:30,51.58,53.2,51.38,52.99,19166198
1054,2007-04-11 00:00:00+05:30,53.33,53.95,52.71,53.2,15043282
1055,2007-04-12 00:00:00+05:30,52.77,53.2,51.5,51.79,10596684
1056,2007-04-13 00:00:00+05:30,52.27,52.77,50.43,50.87,15979357
1057,2007-04-16 00:00:00+05:30,51.38,52.77,51.38,52.54,10643979
1058,2007-04-17 00:00:00+05:30,52.67,52.87,51.4,51.73,9280150
1059,2007-04-18 00:00:00+05:30,51.89,52.54,51.58,52.01,14287435
1060,2007-04-19 00:00:00+05:30,51.73,53.04,51.31,52.74,16005591
1061,2007-04-20 00:00:00+05:30,53.17,53.75,52.9,53.17,19757675
1062,2007-04-23 00:00:00+05:30,53.37,53.77,51.31,51.81,22882266
1063,2007-04-24 00:00:00+05:30,51.81,52.24,51.31,51.86,19663193
1064,2007-04-25 00:00:00+05:30,51.88,53.87,51.43,53.63,21856165
1065,2007-04-26 00:00:00+05:30,54.03,54.36,53.07,53.55,22980006
1066,2007-04-27 00:00:00+05:30,53.7,53.7,52.75,53.25,8153674
1067,2007-04-30 00:00:00+05:30,53.53,53.7,52.08,53.05,9915274
1068,2007-05-03 00:00:00+05:30,53.6,54.0,53.09,53.63,6227813
1069,2007-05-04 00:00:00+05:30,54.03,54.03,53.0,53.38,9665788
1070,2007-05-07 00:00:00+05:30,53.63,53.93,52.9,53.37,12294479
1071,2007-05-08 00:00:00+05:30,53.37,53.63,52.75,53.04,12569366
1072,2007-05-09 00:00:00+05:30,53.04,53.65,52.67,53.27,10645314
1073,2007-05-10 00:00:00+05:30,54.33,55.41,53.25,54.26,18133364
1074,2007-05-11 00:00:00+05:30,54.0,54.01,53.09,53.75,13169126
1075,2007-05-14 00:00:00+05:30,54.36,54.83,53.53,53.72,6411635
1076,2007-05-15 00:00:00+05:30,53.72,54.36,53.29,53.7,6061328
1077,2007-05-16 00:00:00+05:30,53.7,54.33,53.04,54.16,7609808
1078,2007-05-17 00:00:00+05:30,54.36,55.12,54.05,54.73,13154111
1079,2007-05-18 00:00:00+05:30,54.66,55.69,53.88,55.39,10173555
1080,2007-05-21 00:00:00+05:30,55.69,57.01,55.61,56.63,10351029
1081,2007-05-22 00:00:00+05:30,56.68,56.98,54.88,56.58,12871127
1082,2007-05-23 00:00:00+05:30,56.27,56.68,54.89,55.11,10512864
1084,2007-05-24 00:00:00+05:30,55.36,55.42,54.58,55.06,7986641
1085,2007-05-25 00:00:00+05:30,54.73,55.9,54.06,55.29,11694636
1086,2007-05-28 00:00:00+05:30,55.69,56.19,54.86,55.16,10411938
1087,2007-05-29 00:00:00+05:30,56.02,56.02,54.51,54.69,10864389
1088,2007-05-30 00:00:00+05:30,54.69,54.69,53.09,53.8,30856961
1089,2007-05-31 00:00:00+05:30,54.05,55.16,53.4,54.3,26342968
1090,2007-06-01 00:00:00+05:30,53.9,54.69,53.09,53.38,31177505
1091,2007-06-04 00:00:00+05:30,54.63,54.96,53.77,54.66,14650327
1092,2007-06-05 00:00:00+05:30,54.61,54.61,53.42,53.65,14783869
1093,2007-06-06 00:00:00+05:30,54.93,54.93,48.06,52.32,14823637
1094,2007-06-07 00:00:00+05:30,52.36,52.66,51.21,51.35,12413666
1095,2007-06-08 00:00:00+05:30,51.05,51.35,49.69,49.92,27382990
1096,2007-06-11 00:00:00+05:30,50.72,51.68,50.38,51.01,13144016
1097,2007-06-12 00:00:00+05:30,51.38,51.5,50.62,51.0,7473272
1098,2007-06-13 00:00:00+05:30,51.05,51.05,50.15,50.4,8674150
1099,2007-06-14 00:00:00+05:30,50.8,51.18,50.17,50.25,11590311
1100,2007-06-15 00:00:00+05:30,50.68,50.88,50.37,50.52,14691451
1101,2007-06-18 00:00:00+05:30,50.62,50.96,50.5,50.72,17788935
1102,2007-06-19 00:00:00+05:30,50.72,51.05,50.63,50.73,8077507
1103,2007-06-20 00:00:00+05:30,50.98,51.59,50.68,51.4,7825547
1104,2007-06-21 00:00:00+05:30,51.05,51.46,50.65,51.18,16913532
1105,2007-06-22 00:00:00+05:30,50.75,51.28,50.75,51.05,17098119
1106,2007-06-25 00:00:00+05:30,51.38,51.38,50.8,51.1,14121193
1107,2007-06-26 00:00:00+05:30,50.87,51.54,50.72,51.1,7738238
1108,2007-06-27 00:00:00+05:30,51.21,51.21,50.67,50.92,8236036
1109,2007-06-28 00:00:00+05:30,51.05,52.19,50.65,51.41,17808384
1110,2007-06-29 00:00:00+05:30,52.04,52.08,50.93,51.28,6677900
1111,2007-07-02 00:00:00+05:30,51.38,51.45,50.96,51.05,10219308
1112,2007-07-03 00:00:00+05:30,51.05,51.96,51.05,51.83,5487096
1113,2007-07-04 00:00:00+05:30,51.83,52.52,51.71,52.36,3888721
1114,2007-07-05 00:00:00+05:30,52.41,52.52,51.38,51.59,6717614
1115,2007-07-06 00:00:00+05:30,48.06,52.51,48.06,51.54,16496751
1116,2007-07-09 00:00:00+05:30,51.73,52.17,51.33,51.59,7851905
1117,2007-07-10 00:00:00+05:30,51.56,51.56,50.72,50.95,14160874
1118,2007-07-11 00:00:00+05:30,50.98,51.05,50.15,50.57,20742805
1119,2007-07-12 00:00:00+05:30,50.72,51.31,50.52,50.68,26373148
1120,2007-07-13 00:00:00+05:30,50.92,52.19,50.92,51.5,20526736
1121,2007-07-16 00:00:00+05:30,51.38,52.19,50.58,51.13,28828725
1122,2007-07-17 00:00:00+05:30,51.71,51.88,51.21,51.61,30673622
1123,2007-07-18 00:00:00+05:30,51.69,51.83,50.65,51.08,14444791
1124,2007-07-19 00:00:00+05:30,51.21,51.38,50.6,51.03,10766112
1125,2007-07-20 00:00:00+05:30,51.36,51.38,50.75,51.18,7099652
1126,2007-07-23 00:00:00+05:30,50.75,51.21,50.72,50.92,6378629
1127,2007-07-24 00:00:00+05:30,51.05,51.28,50.38,50.45,15162238
1128,2007-07-25 00:00:00+05:30,50.47,55.36,50.38,54.99,75164497
1129,2007-07-26 00:00:00+05:30,55.03,56.19,53.73,55.59,32333974
1130,2007-07-27 00:00:00+05:30,55.03,59.63,53.22,57.15,76837182
1131,2007-07-30 00:00:00+05:30,58.34,58.34,55.08,55.51,32218285
1132,2007-07-31 00:00:00+05:30,55.69,57.99,55.66,56.68,23817834
1133,2007-08-01 00:00:00+05:30,56.52,56.68,54.46,55.37,18224288
1134,2007-08-02 00:00:00+05:30,55.67,56.25,54.69,55.62,12891413
1135,2007-08-03 00:00:00+05:30,55.82,57.25,55.77,56.27,15345718
1136,2007-08-06 00:00:00+05:30,54.69,57.51,54.41,57.2,11314680
1137,2007-08-07 00:00:00+05:30,57.35,57.99,55.12,55.34,20172526
1138,2007-08-08 00:00:00+05:30,57.01,57.35,55.09,55.49,14994133
1139,2007-08-09 00:00:00+05:30,56.19,56.65,54.15,54.35,13873091
1140,2007-08-10 00:00:00+05:30,54.2,54.58,51.78,54.16,13346579
1141,2007-08-13 00:00:00+05:30,54.69,55.01,54.06,54.63,7220984
1142,2007-08-14 00:00:00+05:30,55.01,55.21,54.01,54.69,8351323
1143,2007-08-16 00:00:00+05:30,53.7,54.03,51.5,52.24,17810766
1144,2007-08-17 00:00:00+05:30,52.37,52.87,50.52,50.9,24009221
1145,2007-08-20 00:00:00+05:30,52.71,52.71,51.71,51.81,16638948
1146,2007-08-21 00:00:00+05:30,52.37,52.37,50.3,50.45,18261797
1147,2007-08-22 00:00:00+05:30,51.35,53.24,50.88,52.46,29450805
1148,2007-08-23 00:00:00+05:30,53.07,54.36,52.85,53.17,17020404
1149,2007-08-24 00:00:00+05:30,52.31,54.2,52.31,53.58,6046631
1150,2007-08-27 00:00:00+05:30,54.2,54.86,53.73,54.73,7344527
1151,2007-08-28 00:00:00+05:30,54.73,56.42,52.08,55.51,20472178
1152,2007-08-29 00:00:00+05:30,54.03,56.32,54.03,55.87,13940201
1153,2007-08-30 00:00:00+05:30,55.69,57.33,55.69,56.88,42645461
1154,2007-08-31 00:00:00+05:30,57.18,57.18,56.32,56.62,11197032
1155,2007-09-03 00:00:00+05:30,56.57,57.88,56.35,57.61,11297970
1156,2007-09-04 00:00:00+05:30,57.91,57.91,56.47,57.26,8059726
1157,2007-09-05 00:00:00+05:30,57.33,57.51,56.52,57.03,6402995
1158,2007-09-06 00:00:00+05:30,56.43,58.59,56.43,57.99,7050149
1159,2007-09-07 00:00:00+05:30,58.17,59.93,58.06,58.94,19811885
1160,2007-09-10 00:00:00+05:30,58.34,61.32,58.09,61.22,24084152
1161,2007-09-11 00:00:00+05:30,61.34,62.65,60.54,60.94,20366575
1162,2007-09-12 00:00:00+05:30,61.07,61.65,59.2,59.63,8783833
1163,2007-09-13 00:00:00+05:30,59.83,60.13,58.99,59.33,11268105
1164,2007-09-14 00:00:00+05:30,59.77,61.21,59.57,59.98,14623765
1165,2007-09-17 00:00:00+05:30,60.16,60.99,59.45,59.95,8504491
1166,2007-09-18 00:00:00+05:30,59.67,60.3,59.4,59.75,5669130
1167,2007-09-19 00:00:00+05:30,59.83,62.75,59.83,62.1,25699661
1168,2007-09-20 00:00:00+05:30,62.32,64.64,61.99,64.34,27971290
1169,2007-09-21 00:00:00+05:30,64.31,64.31,62.05,63.28,18206513
1170,2007-09-24 00:00:00+05:30,62.32,63.94,61.95,62.2,12388727
1171,2007-09-25 00:00:00+05:30,61.52,62.98,61.41,62.04,14389663
1172,2007-09-26 00:00:00+05:30,62.32,62.78,60.91,61.17,10402386
1173,2007-09-27 00:00:00+05:30,61.62,62.77,60.74,61.47,34980717
1174,2007-09-28 00:00:00+05:30,61.57,64.01,60.99,62.91,16325367
1175,2007-10-01 00:00:00+05:30,63.23,63.94,61.16,61.62,18854702
1176,2007-10-03 00:00:00+05:30,61.65,63.26,61.04,62.12,23869641
1177,2007-10-04 00:00:00+05:30,62.32,62.32,59.85,61.47,17987646
1178,2007-10-05 00:00:00+05:30,61.47,61.92,58.94,59.25,11237781
1179,2007-10-08 00:00:00+05:30,59.67,60.0,57.73,59.05,11404368
1180,2007-10-09 00:00:00+05:30,58.01,62.32,58.01,61.29,16841058
1181,2007-10-10 00:00:00+05:30,59.47,61.95,59.47,61.03,9828664
1182,2007-10-11 00:00:00+05:30,59.75,62.98,59.75,62.83,15639961
1183,2007-10-12 00:00:00+05:30,62.65,62.98,61.11,61.46,15507247
1184,2007-10-15 00:00:00+05:30,61.52,62.47,60.49,62.04,16477968
1185,2007-10-16 00:00:00+05:30,61.99,62.85,60.83,61.7,11479545
1186,2007-10-17 00:00:00+05:30,59.17,61.59,56.43,61.16,14353426
1187,2007-10-18 00:00:00+05:30,61.32,62.9,59.75,60.74,18033686
1188,2007-10-19 00:00:00+05:30,60.3,60.3,57.84,58.39,11964468
1189,2007-10-22 00:00:00+05:30,58.31,59.6,57.21,58.79,9379381
1190,2007-10-23 00:00:00+05:30,59.0,61.79,59.0,61.42,18492290
1191,2007-10-24 00:00:00+05:30,61.65,62.45,60.33,61.09,8679622
1192,2007-10-25 00:00:00+05:30,60.79,60.99,59.88,60.63,15321391
1193,2007-10-26 00:00:00+05:30,61.16,63.21,59.15,59.75,26683054
1194,2007-10-29 00:00:00+05:30,60.56,61.32,60.16,60.53,18492371
1195,2007-10-30 00:00:00+05:30,60.58,60.66,59.0,59.52,10879926
1196,2007-10-31 00:00:00+05:30,59.67,60.31,58.67,59.3,16811214
1197,2007-11-01 00:00:00+05:30,59.07,59.9,56.58,56.91,16655649
1198,2007-11-02 00:00:00+05:30,56.68,58.75,55.69,58.04,17220540
1199,2007-11-05 00:00:00+05:30,57.68,58.04,56.4,56.75,18235136
1200,2007-11-06 00:00:00+05:30,57.68,57.98,56.47,57.59,13763012
1201,2007-11-07 00:00:00+05:30,57.68,58.31,56.28,56.58,11206800
1202,2007-11-08 00:00:00+05:30,56.68,56.85,54.69,56.42,5175573
1203,2007-11-09 00:00:00+05:30,57.28,58.01,55.62,55.95,953531
1204,2007-11-12 00:00:00+05:30,55.36,59.8,54.71,59.27,17913063
1205,2007-11-13 00:00:00+05:30,58.94,59.75,56.45,58.99,16966446
1206,2007-11-14 00:00:00+05:30,60.43,61.11,59.5,60.56,14530378
1207,2007-11-15 00:00:00+05:30,59.73,63.28,59.73,62.8,29929041
1208,2007-11-16 00:00:00+05:30,62.98,68.95,61.99,67.99,50047249
1209,2007-11-19 00:00:00+05:30,70.27,71.17,65.0,65.9,37099244
1210,2007-11-20 00:00:00+05:30,65.63,67.79,64.51,65.19,22858542
1211,2007-11-21 00:00:00+05:30,65.3,66.89,60.43,61.46,22726083
1212,2007-11-22 00:00:00+05:30,61.32,62.28,59.72,61.36,15644641
1213,2007-11-23 00:00:00+05:30,61.99,62.91,60.11,61.21,11686761
1214,2007-11-26 00:00:00+05:30,61.65,63.59,61.39,62.22,10569435
1215,2007-11-27 00:00:00+05:30,62.22,62.65,61.12,61.64,7860371
1216,2007-11-28 00:00:00+05:30,62.38,64.21,61.34,62.02,14215699
1217,2007-11-29 00:00:00+05:30,62.65,63.79,60.38,61.57,25111169
1218,2007-11-30 00:00:00+05:30,61.99,62.98,61.36,62.43,11915313
1219,2007-12-03 00:00:00+05:30,63.28,64.11,62.38,63.53,7361963
1220,2007-12-04 00:00:00+05:30,63.78,64.24,63.15,63.73,7144154
1221,2007-12-05 00:00:00+05:30,63.98,64.31,62.37,63.88,13149413
1222,2007-12-06 00:00:00+05:30,63.88,65.28,63.4,64.01,9547951
1223,2007-12-07 00:00:00+05:30,64.01,64.54,61.22,62.37,15352204
1225,2007-12-10 00:00:00+05:30,63.38,63.61,61.44,61.89,7486169
1226,2007-12-11 00:00:00+05:30,65.57,65.57,61.36,62.15,8611243
1227,2007-12-12 00:00:00+05:30,61.82,63.16,61.12,62.85,22703940
1228,2007-12-13 00:00:00+05:30,62.98,67.12,62.98,65.09,27280006
1229,2007-12-14 00:00:00+05:30,65.8,67.59,64.74,66.53,29973699
1230,2007-12-17 00:00:00+05:30,66.59,68.62,63.06,64.14,22486203
1231,2007-12-18 00:00:00+05:30,66.3,69.61,63.66,65.48,12371531
1232,2007-12-19 00:00:00+05:30,66.64,67.79,64.14,66.2,14583022
1233,2007-12-20 00:00:00+05:30,66.3,66.93,64.82,65.14,10835763
1234,2007-12-24 00:00:00+05:30,67.56,67.56,64.06,65.65,16991967
1235,2007-12-26 00:00:00+05:30,66.0,66.58,65.42,66.25,10546644
1236,2007-12-27 00:00:00+05:30,66.33,68.28,66.31,67.47,39823027
1237,2007-12-28 00:00:00+05:30,66.3,68.7,66.03,68.47,22271271
1238,2007-12-31 00:00:00+05:30,68.47,70.24,68.47,69.43,14845072
1239,2008-01-01 00:00:00+05:30,70.27,73.21,69.64,72.13,34574079
1240,2008-01-02 00:00:00+05:30,72.89,75.38,71.04,73.29,54451430
1241,2008-01-03 00:00:00+05:30,72.93,73.26,70.29,71.09,43376417
1242,2008-01-04 00:00:00+05:30,71.27,72.99,70.65,72.71,35674374
1243,2008-01-07 00:00:00+05:30,70.17,77.9,70.17,76.67,50391868
1244,2008-01-08 00:00:00+05:30,77.5,79.36,74.28,76.57,51046291
1245,2008-01-09 00:00:00+05:30,76.07,77.72,74.95,75.59,28704903
1246,2008-01-10 00:00:00+05:30,75.91,76.24,72.31,72.86,18643001
1247,2008-01-11 00:00:00+05:30,72.93,74.68,71.07,73.07,16105599
1248,2008-01-14 00:00:00+05:30,73.89,74.91,72.35,74.42,14814010
1249,2008-01-15 00:00:00+05:30,74.62,75.21,71.18,71.72,10063074
1250,2008-01-16 00:00:00+05:30,71.27,71.73,66.68,69.26,26526001
1251,2008-01-17 00:00:00+05:30,68.95,73.57,68.95,72.18,17055309
1252,2008-01-18 00:00:00+05:30,72.18,72.93,68.95,70.49,26528695
1253,2008-01-21 00:00:00+05:30,70.6,70.94,62.98,66.91,36215534
1254,2008-01-22 00:00:00+05:30,62.95,66.3,56.02,60.63,39568399
1255,2008-01-23 00:00:00+05:30,62.65,66.3,59.33,64.59,36521183
1256,2008-01-24 00:00:00+05:30,65.3,66.96,59.73,62.15,18912383
1257,2008-01-25 00:00:00+05:30,64.31,66.63,63.08,65.78,16303749
1258,2008-01-28 00:00:00+05:30,62.98,66.3,62.98,65.05,16525317
1259,2008-01-29 00:00:00+05:30,65.86,68.23,65.63,66.69,15252148
1260,2008-01-30 00:00:00+05:30,69.44,69.44,62.68,66.08,15579160
1261,2008-01-31 00:00:00+05:30,66.63,66.63,63.48,64.82,28441617
1262,2008-02-01 00:00:00+05:30,63.73,68.75,63.73,68.0,11183298
1263,2008-02-04 00:00:00+05:30,68.95,70.24,66.84,67.89,11466723
1264,2008-02-05 00:00:00+05:30,68.62,68.95,66.74,68.27,10737588
1265,2008-02-06 00:00:00+05:30,66.63,67.29,65.1,66.3,10057800
1266,2008-02-07 00:00:00+05:30,66.3,66.71,63.06,63.68,14804161
1267,2008-02-08 00:00:00+05:30,63.98,66.21,63.36,65.63,17582601
1268,2008-02-11 00:00:00+05:30,65.63,66.23,59.33,61.46,15521413
1269,2008-02-12 00:00:00+05:30,61.29,62.22,60.36,61.51,9486394
1270,2008-02-13 00:00:00+05:30,62.48,65.55,61.99,65.05,16423566
1271,2008-02-14 00:00:00+05:30,66.33,67.62,65.0,66.05,12600851
1272,2008-02-15 00:00:00+05:30,64.61,67.6,64.61,67.24,21821398
1273,2008-02-18 00:00:00+05:30,67.32,70.09,65.91,69.54,22277757
1274,2008-02-19 00:00:00+05:30,68.62,70.6,67.04,68.09,16149069
1275,2008-02-20 00:00:00+05:30,68.09,68.12,65.98,66.94,9931165
1276,2008-02-21 00:00:00+05:30,67.64,67.95,65.8,66.74,8831401
1277,2008-02-22 00:00:00+05:30,65.96,66.93,65.96,66.35,4636671
1278,2008-02-25 00:00:00+05:30,66.93,67.92,66.35,66.91,8280397
1279,2008-02-26 00:00:00+05:30,66.96,67.52,66.43,66.78,8260297
1280,2008-02-27 00:00:00+05:30,67.29,67.56,65.47,67.07,17157780
1281,2008-02-28 00:00:00+05:30,65.63,67.52,65.63,67.04,18721910
1282,2008-02-29 00:00:00+05:30,66.96,68.62,66.23,67.21,31356506
1283,2008-03-03 00:00:00+05:30,65.73,65.73,62.77,63.83,70662336
1284,2008-03-04 00:00:00+05:30,63.98,64.44,60.36,61.29,40543005
1285,2008-03-05 00:00:00+05:30,60.96,64.92,60.33,64.49,26075779
1286,2008-03-07 00:00:00+05:30,64.01,64.64,61.99,63.23,28897569
1287,2008-03-10 00:00:00+05:30,61.99,64.56,61.75,63.31,16998825
1288,2008-03-11 00:00:00+05:30,61.82,64.64,61.82,63.73,26200651
1289,2008-03-12 00:00:00+05:30,64.34,65.63,62.9,63.15,14496463
1290,2008-03-13 00:00:00+05:30,62.32,62.98,60.25,61.52,15532444
1291,2008-03-14 00:00:00+05:30,62.53,63.98,61.65,63.54,18623483
1292,2008-03-17 00:00:00+05:30,62.67,63.44,60.58,61.57,20803894
1293,2008-03-18 00:00:00+05:30,61.92,62.98,59.78,60.68,15501829
1295,2008-03-19 00:00:00+05:30,62.32,62.88,61.14,62.09,16404786
1296,2008-03-24 00:00:00+05:30,65.19,65.19,61.34,63.36,13534631
1297,2008-03-25 00:00:00+05:30,66.3,67.95,62.98,63.49,20573875
1298,2008-03-26 00:00:00+05:30,63.33,65.14,63.01,64.74,14841451
1299,2008-03-27 00:00:00+05:30,64.9,66.96,63.98,66.33,18201161
1300,2008-03-28 00:00:00+05:30,66.3,68.95,66.3,68.45,14783320
1301,2008-03-31 00:00:00+05:30,68.62,69.88,67.31,68.37,12664238
1302,2008-04-01 00:00:00+05:30,68.95,70.52,68.2,69.81,11235300
1303,2008-04-02 00:00:00+05:30,70.6,71.86,67.62,68.95,12771809
1304,2008-04-03 00:00:00+05:30,68.98,69.78,68.37,68.96,12432704
1305,2008-04-04 00:00:00+05:30,68.0,68.9,66.03,66.49,15935353
1306,2008-04-07 00:00:00+05:30,67.89,71.09,66.49,69.73,23317461
1307,2008-04-08 00:00:00+05:30,69.94,69.94,68.37,69.13,20184337
1308,2008-04-09 00:00:00+05:30,68.28,69.08,67.49,68.75,7114316
1309,2008-04-10 00:00:00+05:30,68.38,69.53,67.84,68.5,12800216
1310,2008-04-11 00:00:00+05:30,68.62,69.06,67.32,67.64,11505318
1311,2008-04-15 00:00:00+05:30,67.46,69.44,66.98,68.91,15745366
1312,2008-04-16 00:00:00+05:30,69.58,69.84,68.68,69.61,11508891
1313,2008-04-17 00:00:00+05:30,69.98,70.57,67.99,70.09,9262747
1314,2008-04-21 00:00:00+05:30,70.37,71.27,68.77,69.01,7555700
1315,2008-04-22 00:00:00+05:30,68.88,71.27,68.3,70.7,9456736
1316,2008-04-23 00:00:00+05:30,70.94,71.6,70.06,70.24,8633923
1317,2008-04-24 00:00:00+05:30,69.98,71.25,69.2,69.59,14383540
1318,2008-04-25 00:00:00+05:30,70.9,70.9,69.35,70.57,7504967
1319,2008-04-28 00:00:00+05:30,70.94,71.6,69.69,70.14,9643738
1320,2008-04-29 00:00:00+05:30,70.59,71.27,69.88,70.37,10566333
1321,2008-04-30 00:00:00+05:30,69.78,73.19,69.78,72.89,22720686
1322,2008-05-02 00:00:00+05:30,73.62,74.48,72.44,73.24,9766507
1323,2008-05-05 00:00:00+05:30,72.89,74.05,72.26,73.17,8043280
1324,2008-05-06 00:00:00+05:30,72.59,75.13,72.59,74.53,16645728
1325,2008-05-07 00:00:00+05:30,74.78,76.14,74.1,75.13,14980717
1326,2008-05-08 00:00:00+05:30,75.08,75.08,70.77,71.27,18992834
1327,2008-05-09 00:00:00+05:30,71.27,72.93,70.7,72.44,17499624
1328,2008-05-12 00:00:00+05:30,72.01,74.58,71.2,74.18,10825140
1329,2008-05-13 00:00:00+05:30,74.58,75.91,73.06,74.7,12039512
1330,2008-05-14 00:00:00+05:30,73.92,75.66,73.75,75.01,10557693
1331,2008-05-15 00:00:00+05:30,75.28,75.58,74.28,74.98,10011624
1332,2008-05-16 00:00:00+05:30,74.98,75.58,73.92,75.28,7337111
1333,2008-05-20 00:00:00+05:30,74.91,75.48,74.09,74.83,8098228
1334,2008-05-21 00:00:00+05:30,74.25,77.04,74.12,75.64,14031892
1335,2008-05-22 00:00:00+05:30,75.25,76.57,72.93,74.05,18201782
1336,2008-05-23 00:00:00+05:30,74.05,74.88,69.99,70.8,17608047
1337,2008-05-26 00:00:00+05:30,70.22,70.22,66.81,68.12,27450535
1338,2008-05-27 00:00:00+05:30,68.45,71.43,68.28,69.31,30032423
1339,2008-05-28 00:00:00+05:30,69.98,74.0,69.98,73.57,29798001
1340,2008-05-29 00:00:00+05:30,73.57,74.23,70.69,71.58,15796000
1341,2008-05-30 00:00:00+05:30,71.93,73.06,71.3,72.18,12258305
1342,2008-06-02 00:00:00+05:30,72.66,74.25,71.78,72.91,18582230
1343,2008-06-03 00:00:00+05:30,72.26,73.22,70.99,72.89,13528694
1344,2008-06-04 00:00:00+05:30,74.28,74.28,70.6,71.53,8853115
1345,2008-06-05 00:00:00+05:30,72.3,74.17,70.6,73.75,11350011
1346,2008-06-06 00:00:00+05:30,74.25,74.58,70.06,70.75,13452257
1347,2008-06-09 00:00:00+05:30,69.41,70.74,67.95,68.73,12872738
1348,2008-06-10 00:00:00+05:30,68.95,68.95,65.68,66.81,23134959
1349,2008-06-11 00:00:00+05:30,66.96,67.42,64.57,66.13,36574643
1350,2008-06-12 00:00:00+05:30,65.02,67.16,64.7,66.28,19019663
1351,2008-06-13 00:00:00+05:30,66.3,66.76,64.52,65.68,13570532
1352,2008-06-16 00:00:00+05:30,66.26,66.99,65.47,66.79,14265397
1353,2008-06-17 00:00:00+05:30,66.96,67.92,66.63,67.37,5600298
1354,2008-06-18 00:00:00+05:30,67.95,68.7,67.12,68.27,11203182
1355,2008-06-19 00:00:00+05:30,67.29,68.42,66.64,68.22,9119665
1356,2008-06-20 00:00:00+05:30,68.25,68.25,64.47,65.77,13362167
1357,2008-06-23 00:00:00+05:30,65.3,67.7,63.99,64.77,17291760
1358,2008-06-24 00:00:00+05:30,66.23,66.23,61.99,63.48,26075155
1359,2008-06-25 00:00:00+05:30,63.31,63.31,60.53,61.8,18386114
1360,2008-06-26 00:00:00+05:30,62.98,63.98,61.69,63.56,20410480
1362,2008-06-27 00:00:00+05:30,62.95,62.95,60.53,60.89,13346786
1363,2008-06-30 00:00:00+05:30,60.91,63.23,60.0,62.25,11826198
1364,2008-07-01 00:00:00+05:30,61.85,62.98,59.04,60.66,8756977
1365,2008-07-02 00:00:00+05:30,60.66,61.64,58.51,59.63,24335423
1366,2008-07-03 00:00:00+05:30,59.27,59.98,55.72,56.12,17580543
1367,2008-07-04 00:00:00+05:30,56.68,58.97,55.52,56.75,17025432
1368,2008-07-07 00:00:00+05:30,57.35,59.63,57.35,58.95,9997684
1369,2008-07-08 00:00:00+05:30,57.99,58.42,55.89,56.95,13425371
1370,2008-07-09 00:00:00+05:30,57.51,61.77,57.46,60.94,14107405
1371,2008-07-10 00:00:00+05:30,60.59,60.94,59.0,59.38,8403499
1372,2008-07-11 00:00:00+05:30,59.63,60.33,57.13,57.86,6636194
1373,2008-07-14 00:00:00+05:30,58.17,59.3,55.47,55.89,15913075
1374,2008-07-15 00:00:00+05:30,55.59,55.59,52.71,53.19,16775184
1375,2008-07-16 00:00:00+05:30,52.99,55.82,51.93,53.82,24412511
1376,2008-07-17 00:00:00+05:30,55.03,56.32,53.9,55.44,15215281
1377,2008-07-18 00:00:00+05:30,55.72,59.3,54.71,58.42,15001825
1378,2008-07-21 00:00:00+05:30,58.42,61.47,57.35,59.4,18747185
1379,2008-07-22 00:00:00+05:30,59.38,63.06,58.79,62.93,24718643
1380,2008-07-23 00:00:00+05:30,64.42,66.2,62.3,63.51,31888601
1381,2008-07-24 00:00:00+05:30,63.51,65.23,62.19,63.15,11023458
1382,2008-07-25 00:00:00+05:30,62.95,63.64,61.54,62.7,10660368
1383,2008-07-28 00:00:00+05:30,62.67,64.14,62.32,63.2,11035344
1384,2008-07-29 00:00:00+05:30,62.65,63.28,61.07,62.85,10239804
1385,2008-07-30 00:00:00+05:30,62.32,63.58,61.32,62.42,11821293
1386,2008-07-31 00:00:00+05:30,63.31,63.61,58.67,61.92,58790931
1387,2008-08-01 00:00:00+05:30,62.0,62.33,60.51,62.02,18120650
1388,2008-08-04 00:00:00+05:30,62.02,62.95,61.65,62.25,6972728
1389,2008-08-05 00:00:00+05:30,62.65,63.41,61.97,63.03,14585023
1390,2008-08-06 00:00:00+05:30,63.64,64.92,62.45,62.95,25795013
1391,2008-08-07 00:00:00+05:30,62.98,64.54,62.32,63.63,26172109
1392,2008-08-08 00:00:00+05:30,63.31,63.94,62.75,63.01,14261611
1393,2008-08-11 00:00:00+05:30,63.64,64.64,63.21,64.24,4682139
1394,2008-08-12 00:00:00+05:30,64.39,65.72,64.06,64.87,12156269
1395,2008-08-13 00:00:00+05:30,64.31,65.58,64.31,64.62,6698993
1396,2008-08-14 00:00:00+05:30,64.14,64.7,62.9,63.36,3974764
1397,2008-08-18 00:00:00+05:30,63.36,64.34,60.2,62.14,13415003
1398,2008-08-19 00:00:00+05:30,61.32,61.99,60.35,60.83,8661892
1399,2008-08-20 00:00:00+05:30,61.29,61.87,60.4,60.66,14829241
1400,2008-08-21 00:00:00+05:30,60.73,61.12,59.8,60.41,6479570
1401,2008-08-22 00:00:00+05:30,60.64,60.99,59.6,60.4,3804646
1402,2008-08-25 00:00:00+05:30,61.65,61.99,60.33,60.98,2079763
1403,2008-08-26 00:00:00+05:30,60.66,61.42,60.43,61.29,7663640
1404,2008-08-27 00:00:00+05:30,61.32,61.62,60.68,60.98,5337618
1405,2008-08-28 00:00:00+05:30,60.83,61.29,60.08,60.83,15058363
1406,2008-08-29 00:00:00+05:30,61.32,62.96,61.03,62.55,9076123
1407,2008-09-01 00:00:00+05:30,62.32,63.96,61.24,63.63,7198796
1408,2008-09-02 00:00:00+05:30,63.98,65.3,63.44,64.44,11465547
1409,2008-09-04 00:00:00+05:30,64.22,64.75,62.43,62.7,7034747
1410,2008-09-05 00:00:00+05:30,60.41,63.38,60.41,62.95,4852773
1411,2008-09-08 00:00:00+05:30,63.31,69.61,62.68,65.14,18283559
1412,2008-09-09 00:00:00+05:30,65.02,65.02,64.16,64.51,7052849
1413,2008-09-10 00:00:00+05:30,64.31,64.97,63.93,64.65,7209755
1414,2008-09-11 00:00:00+05:30,64.31,64.31,62.65,63.53,7814039
1415,2008-09-12 00:00:00+05:30,64.31,64.77,62.67,63.44,14605345
1416,2008-09-15 00:00:00+05:30,62.65,63.3,60.36,63.03,13361561
1417,2008-09-16 00:00:00+05:30,61.62,64.77,60.66,64.44,13357886
1418,2008-09-17 00:00:00+05:30,61.67,64.59,60.86,61.24,13218779
1419,2008-09-18 00:00:00+05:30,61.29,62.28,58.67,61.54,24995420
1420,2008-09-19 00:00:00+05:30,62.35,63.81,61.7,63.33,25313429
1421,2008-09-22 00:00:00+05:30,63.81,66.26,63.16,64.64,31743110
1422,2008-09-23 00:00:00+05:30,64.14,64.44,63.48,64.22,8545633
1423,2008-09-24 00:00:00+05:30,64.31,64.7,63.71,63.98,12237101
1424,2008-09-25 00:00:00+05:30,63.68,65.68,61.84,62.33,26472883
1425,2008-09-26 00:00:00+05:30,62.32,64.37,60.89,63.76,14036242
1426,2008-09-29 00:00:00+05:30,63.63,64.64,62.02,63.43,26080762
1427,2008-09-30 00:00:00+05:30,62.15,63.78,61.32,62.33,23898906
1428,2008-10-01 00:00:00+05:30,62.98,64.47,62.5,63.78,23207274
1429,2008-10-03 00:00:00+05:30,62.95,65.96,62.67,63.13,36350201
1430,2008-10-06 00:00:00+05:30,64.61,64.61,59.04,59.67,24546611
1431,2008-10-07 00:00:00+05:30,59.85,60.64,55.8,57.84,52887039
1432,2008-10-08 00:00:00+05:30,56.95,57.64,52.84,54.96,33657847
1433,2008-10-10 00:00:00+05:30,54.2,57.68,50.88,54.15,44577664
1434,2008-10-13 00:00:00+05:30,55.69,57.31,54.4,56.37,32743183
1435,2008-10-14 00:00:00+05:30,57.64,57.64,55.22,56.0,15218137
1436,2008-10-15 00:00:00+05:30,55.52,55.52,52.54,53.25,28807488
1437,2008-10-16 00:00:00+05:30,51.05,54.66,50.43,53.6,32691781
1438,2008-10-17 00:00:00+05:30,54.36,55.36,52.08,52.67,17838873
1439,2008-10-20 00:00:00+05:30,53.04,55.99,53.04,54.76,15101665
1440,2008-10-21 00:00:00+05:30,55.36,56.65,53.48,56.05,23524542
1441,2008-10-22 00:00:00+05:30,55.69,59.0,55.03,56.63,27075115
1442,2008-10-23 00:00:00+05:30,55.36,58.34,54.36,55.9,15386626
1443,2008-10-24 00:00:00+05:30,54.69,56.95,50.05,52.67,28939875
1444,2008-10-27 00:00:00+05:30,52.04,52.37,43.77,49.39,28003443
1445,2008-10-28 00:00:00+05:30,50.88,52.59,50.77,51.48,2353576
1446,2008-10-29 00:00:00+05:30,52.54,53.53,48.54,50.75,37397078
1447,2008-10-31 00:00:00+05:30,51.73,56.65,50.05,51.43,39466795
1448,2008-11-03 00:00:00+05:30,52.26,53.5,51.15,52.97,15453466
1449,2008-11-04 00:00:00+05:30,52.64,57.31,51.71,56.6,13004480
1450,2008-11-05 00:00:00+05:30,58.01,58.34,55.06,56.28,18219344
1451,2008-11-06 00:00:00+05:30,55.62,57.68,54.3,55.92,15792079
1452,2008-11-07 00:00:00+05:30,55.16,58.24,55.16,57.89,15250891
1453,2008-11-10 00:00:00+05:30,58.62,58.87,56.35,57.11,10665564
1454,2008-11-11 00:00:00+05:30,56.93,58.29,56.68,57.2,11648850
1455,2008-11-12 00:00:00+05:30,56.68,57.3,54.86,56.35,12750092
1456,2008-11-14 00:00:00+05:30,57.01,58.34,54.78,56.2,13899608
1457,2008-11-17 00:00:00+05:30,56.02,57.69,53.33,54.76,17902821
1458,2008-11-18 00:00:00+05:30,54.03,55.26,52.71,53.27,16616283
1459,2008-11-19 00:00:00+05:30,53.53,56.25,53.27,54.73,20523571
1460,2008-11-20 00:00:00+05:30,54.03,55.26,53.15,54.58,11478003
1461,2008-11-21 00:00:00+05:30,54.36,57.15,53.83,56.3,14075494
1462,2008-11-24 00:00:00+05:30,56.35,57.38,55.54,57.06,12463661
1463,2008-11-25 00:00:00+05:30,57.45,57.69,55.22,55.9,9571051
1464,2008-11-26 00:00:00+05:30,56.02,57.48,55.87,57.15,21508009
1465,2008-11-28 00:00:00+05:30,53.37,58.57,53.37,57.54,25085687
1466,2008-12-01 00:00:00+05:30,57.31,58.67,54.38,54.78,18578825
1467,2008-12-02 00:00:00+05:30,54.53,56.82,53.7,56.22,17448612
1468,2008-12-03 00:00:00+05:30,56.35,56.68,54.58,55.92,13846823
1469,2008-12-04 00:00:00+05:30,56.04,58.01,55.57,57.69,10820538
1470,2008-12-05 00:00:00+05:30,57.89,58.34,55.62,56.14,7584608
1471,2008-12-08 00:00:00+05:30,56.88,58.47,55.95,56.32,20151556
1472,2008-12-10 00:00:00+05:30,56.57,57.94,56.19,56.47,17058015
1473,2008-12-11 00:00:00+05:30,56.82,57.01,55.47,56.73,12485237
1474,2008-12-12 00:00:00+05:30,56.02,57.68,55.03,57.15,13758548
1475,2008-12-15 00:00:00+05:30,57.83,58.01,56.2,57.51,8420149
1476,2008-12-16 00:00:00+05:30,57.11,59.09,56.96,58.52,12434771
1477,2008-12-17 00:00:00+05:30,59.0,59.47,56.52,57.13,15566848
1478,2008-12-18 00:00:00+05:30,57.35,60.56,57.35,59.68,15236296
1479,2008-12-19 00:00:00+05:30,59.47,61.14,58.72,59.35,17991309
1480,2008-12-22 00:00:00+05:30,59.68,60.28,58.37,59.65,9194629
1481,2008-12-23 00:00:00+05:30,59.47,59.82,58.61,58.94,9852982
1482,2008-12-24 00:00:00+05:30,58.41,58.67,56.85,57.13,26512525
1483,2008-12-26 00:00:00+05:30,59.0,59.3,56.35,56.57,5358087
1484,2008-12-29 00:00:00+05:30,56.52,57.33,56.35,56.75,6506105
1485,2008-12-30 00:00:00+05:30,57.01,57.51,56.55,57.0,9540490
1486,2008-12-31 00:00:00+05:30,57.28,57.35,56.68,56.91,8340154
1487,2009-01-01 00:00:00+05:30,57.11,57.35,56.6,56.9,8762101
1488,2009-01-02 00:00:00+05:30,57.18,58.31,56.72,57.84,10622814
1489,2009-01-05 00:00:00+05:30,58.01,58.57,56.82,57.33,10460418
1490,2009-01-06 00:00:00+05:30,57.66,58.41,56.95,57.81,11799258
1491,2009-01-07 00:00:00+05:30,57.35,58.01,53.7,55.72,19139483
1492,2009-01-09 00:00:00+05:30,55.69,58.01,54.36,56.24,20600377
1493,2009-01-12 00:00:00+05:30,56.68,56.68,53.73,54.73,18035870
1495,2009-01-13 00:00:00+05:30,54.73,57.16,54.28,55.92,22202022
1496,2009-01-14 00:00:00+05:30,57.01,57.51,55.61,56.58,13952030
1497,2009-01-15 00:00:00+05:30,55.82,56.28,54.63,55.85,10387014
1498,2009-01-16 00:00:00+05:30,56.22,57.25,56.2,56.93,11432964
1499,2009-01-19 00:00:00+05:30,57.35,57.96,56.19,56.57,21653155
1500,2009-01-20 00:00:00+05:30,56.02,57.0,55.36,56.57,10928583
1501,2009-01-21 00:00:00+05:30,56.02,57.78,55.7,56.77,19569224
1502,2009-01-22 00:00:00+05:30,56.77,57.25,56.22,56.55,7825277
1503,2009-01-23 00:00:00+05:30,56.55,57.0,56.07,56.48,8313106
1504,2009-01-27 00:00:00+05:30,57.15,57.51,56.25,56.62,16669476
1505,2009-01-28 00:00:00+05:30,56.98,58.61,56.68,58.22,15457960
1506,2009-01-29 00:00:00+05:30,58.51,58.94,57.13,58.16,22486881
1507,2009-01-30 00:00:00+05:30,58.14,60.0,57.84,59.7,12140045
1508,2009-02-02 00:00:00+05:30,59.04,59.63,58.67,59.07,15002788
1509,2009-02-03 00:00:00+05:30,59.0,61.16,58.95,59.96,12889208
1510,2009-02-04 00:00:00+05:30,59.09,60.91,59.09,59.96,10009905
1511,2009-02-05 00:00:00+05:30,60.0,60.88,59.53,60.1,4770357
1512,2009-02-06 00:00:00+05:30,59.7,60.99,59.7,60.51,5140107
1513,2009-02-09 00:00:00+05:30,60.69,60.96,59.57,60.71,5189997
1514,2009-02-10 00:00:00+05:30,60.59,60.61,59.25,59.78,7097894
1515,2009-02-11 00:00:00+05:30,59.4,60.1,59.12,59.73,4705179
1516,2009-02-12 00:00:00+05:30,59.83,59.83,58.79,59.1,4493079
1517,2009-02-13 00:00:00+05:30,59.6,59.91,58.49,59.43,6413252
1518,2009-02-16 00:00:00+05:30,59.05,60.3,57.89,60.05,11592474
1519,2009-02-17 00:00:00+05:30,59.96,60.33,59.45,59.85,8792935
1520,2009-02-18 00:00:00+05:30,59.62,60.56,59.37,59.68,9463420
1521,2009-02-19 00:00:00+05:30,59.68,60.2,59.42,60.01,9749137
1522,2009-02-20 00:00:00+05:30,59.75,60.13,58.84,59.73,6344072
1523,2009-02-24 00:00:00+05:30,59.33,60.15,59.12,59.86,6828101
1524,2009-02-25 00:00:00+05:30,60.08,60.49,59.0,60.3,12667268
1525,2009-02-26 00:00:00+05:30,60.16,62.96,59.78,61.01,11132637
1526,2009-02-27 00:00:00+05:30,61.32,61.65,59.85,60.68,10514499
1527,2009-03-02 00:00:00+05:30,60.03,60.36,58.9,59.32,7701311
1528,2009-03-03 00:00:00+05:30,59.0,59.43,56.55,57.03,15261952
1529,2009-03-04 00:00:00+05:30,57.35,58.01,57.08,57.58,5669784
1530,2009-03-05 00:00:00+05:30,57.43,57.91,54.53,55.37,25566734
1531,2009-03-06 00:00:00+05:30,54.41,55.17,53.29,54.54,17784714
1532,2009-03-09 00:00:00+05:30,54.36,54.53,51.71,52.49,14689477
1533,2009-03-12 00:00:00+05:30,53.1,55.44,52.74,53.65,18772388
1534,2009-03-13 00:00:00+05:30,53.7,55.16,53.7,54.81,14206258
1535,2009-03-16 00:00:00+05:30,55.03,56.65,54.4,56.38,13337087
1536,2009-03-17 00:00:00+05:30,56.38,57.98,56.15,57.48,10483923
1537,2009-03-18 00:00:00+05:30,57.69,58.67,55.9,56.22,8208289
1538,2009-03-19 00:00:00+05:30,56.68,57.26,55.42,56.27,9929356
1539,2009-03-20 00:00:00+05:30,56.02,56.75,55.72,56.09,8578285
1540,2009-03-23 00:00:00+05:30,56.35,58.17,56.35,57.81,7440374
1541,2009-03-24 00:00:00+05:30,58.51,58.51,57.05,57.99,16000815
1542,2009-03-25 00:00:00+05:30,58.01,60.21,57.93,58.92,18931007
1543,2009-03-26 00:00:00+05:30,58.85,62.42,58.85,61.36,18703784
1544,2009-03-27 00:00:00+05:30,61.49,62.58,59.83,61.75,22415952
1545,2009-03-30 00:00:00+05:30,61.29,62.55,58.85,59.28,14608186
1546,2009-03-31 00:00:00+05:30,59.24,61.82,59.12,61.27,16419978
1547,2009-04-01 00:00:00+05:30,61.36,61.62,59.42,61.11,14458183
1548,2009-04-02 00:00:00+05:30,61.82,62.95,60.71,61.42,19671266
1549,2009-04-06 00:00:00+05:30,61.92,62.62,58.87,59.6,34794108
1550,2009-04-08 00:00:00+05:30,59.28,63.93,58.84,62.93,28919712
1551,2009-04-09 00:00:00+05:30,63.64,63.98,61.57,62.04,9265507
1552,2009-04-13 00:00:00+05:30,62.65,62.98,61.69,61.99,9823822
1553,2009-04-15 00:00:00+05:30,62.32,63.23,60.78,61.37,22853754
1554,2009-04-16 00:00:00+05:30,61.51,64.26,60.88,63.54,15752065
1555,2009-04-17 00:00:00+05:30,63.81,64.27,62.19,62.47,24828365
1556,2009-04-20 00:00:00+05:30,62.95,63.08,60.4,61.22,15354511
1557,2009-04-21 00:00:00+05:30,60.26,63.41,60.21,62.53,14910601
1558,2009-04-22 00:00:00+05:30,61.79,63.58,61.79,63.15,13867979
1560,2009-04-23 00:00:00+05:30,62.98,63.31,62.52,62.98,6358847
1561,2009-04-24 00:00:00+05:30,63.28,63.61,62.17,63.16,6320966
1562,2009-04-27 00:00:00+05:30,63.25,64.39,62.43,64.14,14461189
1563,2009-04-28 00:00:00+05:30,63.93,63.93,61.52,62.17,10479663
1564,2009-04-29 00:00:00+05:30,62.37,63.2,61.47,62.62,16219296
1565,2009-05-04 00:00:00+05:30,63.01,68.83,62.98,68.17,32425324
1566,2009-05-05 00:00:00+05:30,67.95,67.95,65.05,65.57,18839414
1567,2009-05-06 00:00:00+05:30,65.63,65.86,63.0,63.83,18722210
1568,2009-05-07 00:00:00+05:30,64.62,64.89,62.86,63.13,13158320
1569,2009-05-08 00:00:00+05:30,62.98,63.79,61.49,62.45,12255773
1570,2009-05-11 00:00:00+05:30,62.96,62.98,61.42,62.3,8970388
1571,2009-05-12 00:00:00+05:30,62.43,63.76,62.05,63.43,13743497
1572,2009-05-13 00:00:00+05:30,63.43,64.04,61.95,62.33,9975058
1573,2009-05-14 00:00:00+05:30,61.7,62.55,61.39,61.92,7178219
1574,2009-05-15 00:00:00+05:30,62.05,62.82,61.46,61.67,12206033
1575,2009-05-18 00:00:00+05:30,64.26,74.0,64.26,68.53,457091
1576,2009-05-19 00:00:00+05:30,68.57,70.57,62.68,63.13,60751658
1577,2009-05-20 00:00:00+05:30,62.98,63.88,61.36,61.8,23612535
1578,2009-05-21 00:00:00+05:30,61.99,62.3,60.0,60.38,22765947
1579,2009-05-22 00:00:00+05:30,60.38,61.16,59.75,60.86,21389272
1580,2009-05-25 00:00:00+05:30,61.12,63.2,60.51,62.91,23727012
1581,2009-05-26 00:00:00+05:30,63.48,63.64,60.49,61.01,19226735
1582,2009-05-27 00:00:00+05:30,61.49,62.15,59.52,61.03,48502937
1583,2009-05-28 00:00:00+05:30,61.82,62.32,60.38,60.96,37397891
1584,2009-05-29 00:00:00+05:30,61.26,62.48,60.36,60.88,32080210
1585,2009-06-01 00:00:00+05:30,61.32,64.56,61.16,63.78,40113813
1586,2009-06-02 00:00:00+05:30,64.64,65.58,62.55,63.71,29326347
1587,2009-06-03 00:00:00+05:30,64.57,67.75,64.04,67.31,43535084
1588,2009-06-04 00:00:00+05:30,67.29,69.61,65.67,67.16,37186622
1589,2009-06-05 00:00:00+05:30,67.29,67.29,62.83,63.43,79065338
1590,2009-06-08 00:00:00+05:30,67.27,67.27,59.83,60.86,46866456
1591,2009-06-09 00:00:00+05:30,60.28,63.61,60.13,63.25,25845011
1592,2009-06-10 00:00:00+05:30,63.31,65.5,63.31,64.74,40273224
1593,2009-06-11 00:00:00+05:30,64.97,66.23,64.03,65.5,24217637
1594,2009-06-12 00:00:00+05:30,65.9,67.29,64.8,65.19,22677684
1595,2009-06-15 00:00:00+05:30,64.64,66.08,64.44,65.47,13502243
1596,2009-06-16 00:00:00+05:30,64.47,67.19,64.46,65.86,19015793
1597,2009-06-17 00:00:00+05:30,65.63,66.3,63.81,64.24,15130576
1598,2009-06-18 00:00:00+05:30,64.31,64.97,63.66,64.09,14099173
1599,2009-06-19 00:00:00+05:30,64.14,66.66,64.14,66.49,16358247
1600,2009-06-22 00:00:00+05:30,67.85,68.12,66.46,67.36,21274702
1601,2009-06-23 00:00:00+05:30,67.12,67.12,63.94,65.43,24736676
1602,2009-06-24 00:00:00+05:30,65.63,66.76,64.11,65.88,22769796
1603,2009-06-25 00:00:00+05:30,67.52,67.52,63.16,64.03,40091208
1604,2009-06-26 00:00:00+05:30,64.64,65.63,63.43,65.2,16617882
1605,2009-06-29 00:00:00+05:30,65.3,65.58,63.98,64.21,10407234
1606,2009-06-30 00:00:00+05:30,64.47,64.74,62.72,63.23,13499663
1607,2009-07-01 00:00:00+05:30,63.08,64.47,62.65,63.41,10257489
1608,2009-07-02 00:00:00+05:30,63.93,64.14,62.7,63.54,18345191
1609,2009-07-03 00:00:00+05:30,63.31,64.01,62.7,63.54,16046679
1610,2009-07-06 00:00:00+05:30,63.81,67.29,62.05,65.53,50752879
1611,2009-07-07 00:00:00+05:30,65.98,71.23,65.98,70.01,52830507
1612,2009-07-08 00:00:00+05:30,69.78,70.77,68.62,69.43,20558125
1613,2009-07-09 00:00:00+05:30,67.12,71.27,67.12,70.74,14893576
1614,2009-07-10 00:00:00+05:30,71.07,71.23,68.81,69.81,16328253
1615,2009-07-13 00:00:00+05:30,68.85,71.27,67.62,69.89,17174490
1616,2009-07-14 00:00:00+05:30,70.27,70.85,68.96,70.41,12129368
1617,2009-07-15 00:00:00+05:30,70.54,72.46,69.39,72.01,14563735
1618,2009-07-16 00:00:00+05:30,72.2,73.39,71.38,72.05,10192362
1619,2009-07-17 00:00:00+05:30,72.86,76.9,71.57,75.99,22368384
1620,2009-07-20 00:00:00+05:30,76.9,77.23,73.92,74.73,13526657
1621,2009-07-21 00:00:00+05:30,75.66,75.66,72.18,72.81,12887069
1622,2009-07-22 00:00:00+05:30,74.15,74.3,71.3,72.26,13149821
1623,2009-07-23 00:00:00+05:30,72.94,76.9,72.66,76.16,25490234
1624,2009-07-24 00:00:00+05:30,76.57,77.81,74.04,76.97,17445012
1625,2009-07-27 00:00:00+05:30,77.57,80.88,75.58,79.17,16503984
1626,2009-07-28 00:00:00+05:30,78.89,81.31,77.98,79.89,21727768
1627,2009-07-29 00:00:00+05:30,78.89,80.52,75.61,78.79,14359333
1628,2009-07-30 00:00:00+05:30,78.23,81.83,76.94,80.45,30970349
1629,2009-07-31 00:00:00+05:30,82.14,83.86,80.55,82.6,22026102
1630,2009-08-03 00:00:00+05:30,83.86,83.86,81.3,82.26,6975602
1631,2009-08-04 00:00:00+05:30,82.26,82.54,79.55,81.71,14635144
1632,2009-08-05 00:00:00+05:30,82.04,82.14,79.39,80.8,11663322
1633,2009-08-06 00:00:00+05:30,79.89,81.08,76.26,77.6,16625697
1634,2009-08-07 00:00:00+05:30,77.73,78.21,75.28,76.11,14959078
1635,2009-08-10 00:00:00+05:30,76.89,77.2,73.01,74.37,17229843
1636,2009-08-11 00:00:00+05:30,73.29,75.15,72.33,74.81,15750442
1637,2009-08-12 00:00:00+05:30,73.92,76.49,73.12,75.53,12509195
1638,2009-08-13 00:00:00+05:30,76.34,80.17,76.29,79.34,10507821
1639,2009-08-14 00:00:00+05:30,79.55,79.89,76.44,77.88,8241505
1640,2009-08-17 00:00:00+05:30,77.23,77.53,72.78,73.77,13905977
1641,2009-08-18 00:00:00+05:30,73.59,75.49,72.68,74.48,11305530
1642,2009-08-19 00:00:00+05:30,73.19,74.58,72.28,73.87,17817828
1643,2009-08-20 00:00:00+05:30,74.75,75.41,74.58,74.63,8018857
1644,2009-08-21 00:00:00+05:30,75.21,76.24,72.97,75.89,10871049
1645,2009-08-24 00:00:00+05:30,76.74,80.48,76.24,79.54,14230399
1646,2009-08-25 00:00:00+05:30,78.56,80.86,77.45,79.72,12206258
1647,2009-08-26 00:00:00+05:30,79.89,79.89,78.1,79.22,8418562
1648,2009-08-27 00:00:00+05:30,76.34,80.3,76.34,79.52,15119983
1649,2009-08-28 00:00:00+05:30,79.72,79.89,77.57,78.43,10044918
1650,2009-08-31 00:00:00+05:30,78.18,78.39,75.79,76.55,14043742
1651,2009-09-01 00:00:00+05:30,77.23,77.81,74.45,76.29,12572582
1652,2009-09-02 00:00:00+05:30,75.66,77.3,74.91,75.59,9007141
1653,2009-09-03 00:00:00+05:30,75.91,76.44,74.33,75.18,9666133
1654,2009-09-04 00:00:00+05:30,75.58,78.18,74.47,77.32,9782479
1655,2009-09-07 00:00:00+05:30,78.53,78.89,75.61,76.59,25204496
1656,2009-09-08 00:00:00+05:30,76.9,77.9,75.58,75.79,16965522
1657,2009-09-09 00:00:00+05:30,75.58,75.91,74.72,75.25,44968435
1658,2009-09-10 00:00:00+05:30,75.74,76.8,75.08,75.93,14199400
1659,2009-09-11 00:00:00+05:30,76.6,76.75,74.58,75.28,17942298
1660,2009-09-14 00:00:00+05:30,74.32,75.86,73.72,74.22,10267254
1661,2009-09-15 00:00:00+05:30,74.58,76.37,74.35,75.93,13712339
1662,2009-09-16 00:00:00+05:30,76.9,77.09,76.02,76.59,16990284
1663,2009-09-17 00:00:00+05:30,77.2,77.86,75.26,75.84,28221843
1664,2009-09-18 00:00:00+05:30,75.58,75.91,75.0,75.21,15994180
1665,2009-09-22 00:00:00+05:30,75.58,77.57,74.65,77.35,15070633
1666,2009-09-23 00:00:00+05:30,77.9,78.49,75.84,76.41,12404849
1667,2009-09-24 00:00:00+05:30,75.91,78.23,75.91,77.09,15966949
1668,2009-09-25 00:00:00+05:30,76.87,78.28,76.8,77.9,8715115
1669,2009-09-29 00:00:00+05:30,78.49,78.89,77.15,77.65,8908291
1670,2009-09-30 00:00:00+05:30,77.57,77.72,76.75,77.25,15631957
1671,2009-10-01 00:00:00+05:30,77.13,77.4,76.24,77.09,12599228
1672,2009-10-05 00:00:00+05:30,76.99,79.49,76.24,79.07,23240082
1673,2009-10-06 00:00:00+05:30,79.55,82.37,79.52,82.06,23303223
1674,2009-10-07 00:00:00+05:30,82.7,83.7,80.91,81.2,13210649
1675,2009-10-08 00:00:00+05:30,82.17,84.05,81.54,83.12,19482701
1676,2009-10-09 00:00:00+05:30,83.43,83.43,81.05,82.75,6461189
1677,2009-10-12 00:00:00+05:30,84.33,86.45,81.28,85.64,13242392
1678,2009-10-14 00:00:00+05:30,85.46,86.78,85.07,85.75,8620132
1679,2009-10-15 00:00:00+05:30,86.18,86.18,82.75,84.99,12285068
1680,2009-10-16 00:00:00+05:30,85.19,85.34,82.87,83.67,7637453
1681,2009-10-20 00:00:00+05:30,83.53,84.2,82.24,83.02,9595720
1682,2009-10-21 00:00:00+05:30,83.7,83.7,80.13,80.78,7981706
1683,2009-10-22 00:00:00+05:30,81.21,82.84,80.48,82.16,10448475
1684,2009-10-23 00:00:00+05:30,83.13,86.52,82.87,86.25,23965968
1685,2009-10-26 00:00:00+05:30,87.34,88.34,86.07,87.74,19650107
1686,2009-10-27 00:00:00+05:30,86.85,87.97,84.89,86.38,14888794
1687,2009-10-28 00:00:00+05:30,86.12,87.01,83.38,85.89,16330269
1688,2009-10-29 00:00:00+05:30,84.36,87.44,84.08,85.95,21699466
1689,2009-10-30 00:00:00+05:30,87.01,87.26,83.9,84.46,13395653
1690,2009-11-03 00:00:00+05:30,83.65,86.13,80.58,82.39,13146749
1691,2009-11-04 00:00:00+05:30,81.88,84.86,80.8,84.39,10389993
1692,2009-11-05 00:00:00+05:30,84.2,84.83,81.54,83.58,11912208
1693,2009-11-06 00:00:00+05:30,83.86,84.44,81.88,82.49,8200549
1695,2009-11-09 00:00:00+05:30,83.86,86.17,82.52,85.87,10838568
1696,2009-11-10 00:00:00+05:30,85.52,86.85,84.2,85.34,15746284
1697,2009-11-11 00:00:00+05:30,84.54,85.99,84.54,85.14,12791657
1698,2009-11-12 00:00:00+05:30,85.52,86.07,83.28,83.85,12612143
1699,2009-11-13 00:00:00+05:30,84.79,85.11,83.53,84.36,10874076
1700,2009-11-16 00:00:00+05:30,84.69,85.79,83.75,84.73,11418342
1701,2009-11-17 00:00:00+05:30,84.69,84.96,83.6,84.41,9790378
1702,2009-11-18 00:00:00+05:30,84.53,86.02,83.81,85.77,9398806
1703,2009-11-19 00:00:00+05:30,85.85,86.25,84.56,85.07,10734192
1704,2009-11-20 00:00:00+05:30,84.33,86.52,82.32,86.15,10723047
1705,2009-11-23 00:00:00+05:30,86.78,89.5,86.18,89.1,22152744
1706,2009-11-24 00:00:00+05:30,89.5,89.5,87.16,87.44,17352054
1707,2009-11-25 00:00:00+05:30,87.51,89.33,86.96,89.13,9682540
1708,2009-11-26 00:00:00+05:30,89.5,89.83,85.77,86.62,18505433
1709,2009-11-27 00:00:00+05:30,85.7,86.52,83.57,84.96,13279967
1710,2009-11-30 00:00:00+05:30,85.64,86.73,84.53,85.22,11341677
1711,2009-12-01 00:00:00+05:30,85.52,86.15,84.71,85.54,12295709
1712,2009-12-02 00:00:00+05:30,86.13,86.35,84.53,85.19,11919045
1713,2009-12-03 00:00:00+05:30,85.22,86.1,84.53,84.68,8761216
1714,2009-12-04 00:00:00+05:30,84.69,85.89,83.93,85.09,7667129
1715,2009-12-07 00:00:00+05:30,85.22,85.77,84.26,84.46,5869839
1716,2009-12-08 00:00:00+05:30,84.56,86.1,84.31,85.72,10169409
1717,2009-12-09 00:00:00+05:30,85.52,85.8,84.71,85.04,7957790
1718,2009-12-10 00:00:00+05:30,85.12,85.49,83.86,84.26,10529940
1719,2009-12-11 00:00:00+05:30,84.79,84.79,82.97,83.78,9976633
1720,2009-12-14 00:00:00+05:30,84.03,84.51,82.7,83.1,7599683
1721,2009-12-15 00:00:00+05:30,83.53,84.1,82.54,83.35,7018097
1722,2009-12-16 00:00:00+05:30,83.43,83.48,82.06,82.67,7773758
1723,2009-12-17 00:00:00+05:30,83.04,83.33,82.21,82.62,9252940
1724,2009-12-18 00:00:00+05:30,82.9,82.9,81.54,81.88,6011246
1725,2009-12-21 00:00:00+05:30,81.88,81.96,80.73,81.15,7793363
1726,2009-12-22 00:00:00+05:30,81.44,82.44,80.62,81.63,12177134
1727,2009-12-23 00:00:00+05:30,81.88,84.49,81.05,84.06,15966424
1728,2009-12-24 00:00:00+05:30,84.53,85.49,83.45,84.81,8614384
1729,2009-12-29 00:00:00+05:30,84.31,85.34,84.29,84.92,6504407
1730,2009-12-30 00:00:00+05:30,84.79,85.01,82.87,83.1,7434275
1731,2009-12-31 00:00:00+05:30,83.43,84.18,82.82,83.13,15334201
1732,2010-01-04 00:00:00+05:30,83.86,84.53,82.99,84.08,5161632
1733,2010-01-05 00:00:00+05:30,84.46,85.11,83.76,84.91,10767219
1734,2010-01-06 00:00:00+05:30,85.75,85.75,84.06,85.11,7529975
1735,2010-01-07 00:00:00+05:30,85.19,85.69,84.1,84.84,4987431
1736,2010-01-08 00:00:00+05:30,84.64,85.69,84.64,85.02,4881348
1737,2010-01-11 00:00:00+05:30,85.36,86.02,84.86,85.06,7201259
1738,2010-01-12 00:00:00+05:30,85.11,85.11,82.57,82.89,15514093
1739,2010-01-13 00:00:00+05:30,82.54,83.45,81.88,82.52,12476057
1740,2010-01-14 00:00:00+05:30,83.04,83.17,81.88,82.26,12324473
1741,2010-01-15 00:00:00+05:30,82.89,83.93,81.91,83.78,7839827
1742,2010-01-18 00:00:00+05:30,83.8,84.29,82.87,83.05,5642283
1743,2010-01-19 00:00:00+05:30,83.33,83.33,82.31,82.84,6295622
1744,2010-01-20 00:00:00+05:30,82.87,83.37,81.63,81.91,10432653
1745,2010-01-21 00:00:00+05:30,82.04,82.92,80.38,81.05,11734692
1746,2010-01-22 00:00:00+05:30,80.55,84.1,79.97,82.57,46258848
1747,2010-01-25 00:00:00+05:30,82.87,84.96,82.06,84.56,15803920
1748,2010-01-27 00:00:00+05:30,84.03,85.87,83.86,84.83,35549823
1749,2010-01-28 00:00:00+05:30,85.09,85.19,82.39,84.28,19603166
1750,2010-01-29 00:00:00+05:30,84.03,85.11,82.57,82.92,15766648
1751,2010-02-01 00:00:00+05:30,82.87,83.71,81.44,81.71,12617918
1752,2010-02-02 00:00:00+05:30,82.89,82.89,80.57,81.01,10822935
1753,2010-02-03 00:00:00+05:30,81.21,84.48,80.71,83.73,13888172
1754,2010-02-04 00:00:00+05:30,83.53,84.44,82.74,83.98,12115679
1755,2010-02-05 00:00:00+05:30,83.53,83.96,81.88,82.32,18616505
1756,2010-02-08 00:00:00+05:30,82.21,82.27,79.79,81.33,23410350
1757,2010-02-09 00:00:00+05:30,81.34,81.81,80.47,80.85,12081404
1758,2010-02-10 00:00:00+05:30,81.11,81.54,80.25,80.85,8559067
1759,2010-02-11 00:00:00+05:30,81.23,82.17,81.15,81.92,6952625
1760,2010-02-15 00:00:00+05:30,82.37,82.87,81.25,82.65,6487736
1761,2010-02-16 00:00:00+05:30,83.12,83.37,82.24,82.92,6122924
1763,2010-02-17 00:00:00+05:30,83.04,83.76,82.69,83.45,7889144
1764,2010-02-18 00:00:00+05:30,83.6,83.78,81.71,82.29,4007400
1765,2010-02-19 00:00:00+05:30,82.64,83.0,81.48,82.37,6003725
1766,2010-02-22 00:00:00+05:30,82.79,83.12,81.58,82.07,6519761
1767,2010-02-23 00:00:00+05:30,82.07,82.85,81.48,82.62,7205156
1768,2010-02-24 00:00:00+05:30,82.32,83.02,81.81,82.09,8543611
1769,2010-02-25 00:00:00+05:30,82.5,82.7,81.44,82.07,14311624
1770,2010-02-26 00:00:00+05:30,82.37,83.67,75.84,76.99,70062606
1771,2010-03-02 00:00:00+05:30,77.93,80.95,77.9,80.2,29079204
1772,2010-03-03 00:00:00+05:30,80.38,81.63,79.01,80.78,13051697
1773,2010-03-04 00:00:00+05:30,81.84,81.88,80.55,81.56,12871166
1774,2010-03-05 00:00:00+05:30,81.88,81.88,80.55,81.13,8292832
1775,2010-03-08 00:00:00+05:30,81.46,83.52,81.38,83.28,22483815
1776,2010-03-09 00:00:00+05:30,83.45,84.11,82.74,83.22,9544837
1777,2010-03-10 00:00:00+05:30,83.78,84.61,82.99,84.28,11961906
1778,2010-03-11 00:00:00+05:30,84.2,85.49,83.4,84.74,8748877
1779,2010-03-12 00:00:00+05:30,85.19,86.32,84.61,85.67,16751442
1780,2010-03-15 00:00:00+05:30,85.64,86.75,85.64,85.97,15357001
1781,2010-03-16 00:00:00+05:30,86.25,86.5,84.28,86.12,7480232
1782,2010-03-17 00:00:00+05:30,86.12,87.64,85.74,87.13,12137348
1783,2010-03-18 00:00:00+05:30,87.18,87.74,85.75,86.6,6491699
1784,2010-03-19 00:00:00+05:30,86.35,87.26,85.9,86.62,7726916
1785,2010-03-22 00:00:00+05:30,85.97,86.81,85.31,86.71,8909035
1786,2010-03-23 00:00:00+05:30,86.35,87.08,84.92,86.5,9991810
1787,2010-03-25 00:00:00+05:30,86.53,88.32,86.12,87.76,17237304
1788,2010-03-26 00:00:00+05:30,87.76,88.17,86.88,87.64,8880835
1789,2010-03-29 00:00:00+05:30,87.64,89.83,86.93,89.23,12653576
1790,2010-03-30 00:00:00+05:30,89.27,90.46,88.74,89.12,7993805
1791,2010-03-31 00:00:00+05:30,89.43,89.43,86.71,87.2,15054343
1792,2010-04-01 00:00:00+05:30,87.51,88.45,87.21,87.51,5660238
1793,2010-04-05 00:00:00+05:30,88.74,89.07,87.54,87.78,7335416
1794,2010-04-06 00:00:00+05:30,87.78,88.7,87.21,88.26,9674905
1795,2010-04-07 00:00:00+05:30,87.96,89.5,87.34,89.32,8730535
1796,2010-04-08 00:00:00+05:30,88.84,89.15,88.29,88.75,6258122
1797,2010-04-09 00:00:00+05:30,88.77,89.66,88.07,89.25,8402551
1798,2010-04-12 00:00:00+05:30,89.5,90.39,88.62,89.96,7865249
1799,2010-04-13 00:00:00+05:30,90.69,90.73,88.87,89.04,4827843
1800,2010-04-15 00:00:00+05:30,89.52,89.73,86.6,87.1,11888373
1801,2010-04-16 00:00:00+05:30,86.22,89.45,86.22,89.2,8866249
1802,2010-04-19 00:00:00+05:30,88.84,90.76,86.96,87.79,7860239
1803,2010-04-20 00:00:00+05:30,88.34,88.41,86.52,87.25,8330824
1804,2010-04-21 00:00:00+05:30,87.51,87.83,86.63,87.0,5479605
1805,2010-04-22 00:00:00+05:30,86.68,88.62,86.35,87.59,13173500
1806,2010-04-23 00:00:00+05:30,87.74,88.82,86.88,88.49,4994148
1807,2010-04-26 00:00:00+05:30,88.17,89.8,87.87,88.64,5372079
1808,2010-04-27 00:00:00+05:30,88.84,89.78,88.02,89.35,5873436
1809,2010-04-28 00:00:00+05:30,88.54,90.29,88.12,89.48,10551003
1810,2010-04-29 00:00:00+05:30,89.96,89.96,88.01,88.55,10187187
1811,2010-04-30 00:00:00+05:30,88.84,89.07,87.84,88.12,6860540
1812,2010-05-03 00:00:00+05:30,86.6,88.37,86.6,87.83,7014305
1813,2010-05-04 00:00:00+05:30,86.91,88.17,86.52,86.95,4731255
1814,2010-05-05 00:00:00+05:30,82.87,87.38,82.87,86.9,6922592
1815,2010-05-06 00:00:00+05:30,81.21,87.01,81.21,85.87,5814030
1816,2010-05-07 00:00:00+05:30,84.2,86.5,84.06,85.9,8690821
1817,2010-05-10 00:00:00+05:30,84.49,87.16,84.49,86.78,14890672
1818,2010-05-11 00:00:00+05:30,85.37,87.28,85.37,86.04,9940138
1819,2010-05-12 00:00:00+05:30,83.7,88.14,83.7,87.86,5336886
1820,2010-05-13 00:00:00+05:30,88.5,88.84,87.43,88.34,6069926
1821,2010-05-14 00:00:00+05:30,87.18,90.49,87.18,88.89,8906083
1822,2010-05-17 00:00:00+05:30,88.17,89.13,87.84,88.22,7166219
1823,2010-05-18 00:00:00+05:30,87.86,89.33,86.63,89.05,4777404
1824,2010-05-19 00:00:00+05:30,88.99,88.99,85.52,85.92,8933686
1825,2010-05-20 00:00:00+05:30,85.64,87.96,85.19,86.98,12634187
1826,2010-05-21 00:00:00+05:30,86.18,90.92,85.31,89.93,36162545
1827,2010-05-24 00:00:00+05:30,91.16,91.32,88.02,88.85,14963182
1828,2010-05-25 00:00:00+05:30,88.67,89.57,85.75,86.35,21123127
1829,2010-05-26 00:00:00+05:30,86.86,89.48,86.55,89.2,11092251
1830,2010-05-27 00:00:00+05:30,89.33,92.35,88.6,91.45,29180238
1832,2010-05-28 00:00:00+05:30,92.15,94.14,91.45,93.87,16856166
1833,2010-05-31 00:00:00+05:30,95.37,95.37,92.55,93.87,11478396
1834,2010-06-01 00:00:00+05:30,94.6,94.79,93.31,93.81,9575314
1835,2010-06-02 00:00:00+05:30,94.14,94.4,92.57,93.24,8114386
1836,2010-06-03 00:00:00+05:30,93.81,95.08,93.64,94.64,7469252
1837,2010-06-04 00:00:00+05:30,95.75,96.73,91.82,96.41,9566434
1838,2010-06-07 00:00:00+05:30,94.47,95.83,94.47,95.37,6596504
1839,2010-06-08 00:00:00+05:30,96.36,96.99,94.99,96.03,9177730
1840,2010-06-09 00:00:00+05:30,95.27,95.27,91.52,92.02,11892081
1841,2010-06-10 00:00:00+05:30,92.48,93.39,91.22,92.83,10567983
1842,2010-06-11 00:00:00+05:30,95.8,95.8,93.03,93.33,8462893
1843,2010-06-14 00:00:00+05:30,93.71,95.07,93.34,94.84,8419255
1844,2010-06-15 00:00:00+05:30,94.8,97.02,94.5,96.69,9378022
1845,2010-06-16 00:00:00+05:30,97.69,97.69,95.52,96.43,11822736
1846,2010-06-17 00:00:00+05:30,96.46,98.42,95.85,97.42,13327229
1847,2010-06-18 00:00:00+05:30,97.79,99.21,97.02,97.75,15590230
1848,2010-06-21 00:00:00+05:30,98.35,99.44,96.79,99.15,13894055
1849,2010-06-22 00:00:00+05:30,98.78,100.69,98.53,100.04,9383257
1850,2010-06-23 00:00:00+05:30,99.44,100.84,99.19,100.39,9282367
1851,2010-06-24 00:00:00+05:30,100.44,102.06,99.48,101.35,20714152
1852,2010-06-25 00:00:00+05:30,101.32,102.06,99.51,99.92,7899062
1853,2010-06-28 00:00:00+05:30,99.77,100.6,98.45,98.66,6452669
1854,2010-06-29 00:00:00+05:30,98.98,99.11,97.47,98.23,5038398
1855,2010-06-30 00:00:00+05:30,97.12,101.5,97.12,101.25,13851989
1856,2010-07-01 00:00:00+05:30,101.03,101.03,99.53,100.44,5114850
1857,2010-07-02 00:00:00+05:30,101.1,101.42,100.04,100.29,4187583
1858,2010-07-05 00:00:00+05:30,100.24,100.94,99.44,100.16,4299354
1859,2010-07-06 00:00:00+05:30,100.17,100.54,99.81,100.4,4537182
1860,2010-07-07 00:00:00+05:30,100.47,100.59,99.44,100.11,6040457
1861,2010-07-08 00:00:00+05:30,100.77,101.22,100.07,100.49,5593524
1862,2010-07-09 00:00:00+05:30,100.49,101.03,99.19,99.56,5969127
1863,2010-07-12 00:00:00+05:30,100.11,100.11,99.21,99.43,6976778
1864,2010-07-13 00:00:00+05:30,99.43,99.91,97.89,99.15,14032876
1865,2010-07-14 00:00:00+05:30,99.49,100.16,98.66,98.95,13910660
1866,2010-07-15 00:00:00+05:30,98.95,99.77,98.86,99.48,9170710
1867,2010-07-16 00:00:00+05:30,99.61,99.63,98.32,98.9,11566041
1868,2010-07-19 00:00:00+05:30,98.58,99.43,96.13,96.58,9788842
1869,2010-07-20 00:00:00+05:30,96.79,97.26,96.16,96.61,4301748
1870,2010-07-21 00:00:00+05:30,97.07,98.12,96.41,96.91,11564379
1871,2010-07-22 00:00:00+05:30,88.31,98.96,88.31,98.68,21792523
1872,2010-07-23 00:00:00+05:30,99.44,100.34,98.86,99.99,19647314
1873,2010-07-26 00:00:00+05:30,100.11,100.5,99.43,100.34,6791249
1874,2010-07-27 00:00:00+05:30,101.76,101.76,100.44,100.85,5364123
1875,2010-07-28 00:00:00+05:30,101.27,102.18,100.5,101.88,10147944
1876,2010-07-29 00:00:00+05:30,101.76,103.39,101.45,102.79,11641914
1877,2010-07-30 00:00:00+05:30,102.68,103.37,101.43,102.34,11090283
1878,2010-08-02 00:00:00+05:30,102.46,103.9,102.43,103.69,16662921
1879,2010-08-03 00:00:00+05:30,105.21,105.21,101.93,102.36,8468112
1880,2010-08-04 00:00:00+05:30,102.1,104.08,100.47,102.96,8114400
1881,2010-08-05 00:00:00+05:30,103.22,104.22,102.33,103.29,5968117
1882,2010-08-06 00:00:00+05:30,103.42,106.07,103.29,105.24,5979892
1883,2010-08-09 00:00:00+05:30,105.41,106.21,104.68,105.38,3997012
1884,2010-08-10 00:00:00+05:30,105.71,105.71,103.32,104.25,7111346
1885,2010-08-11 00:00:00+05:30,103.42,104.08,102.33,102.73,4894130
1886,2010-08-12 00:00:00+05:30,101.1,103.32,100.8,101.4,7286558
1887,2010-08-13 00:00:00+05:30,101.43,104.08,101.4,103.59,7220240
1888,2010-08-16 00:00:00+05:30,104.48,105.41,103.42,104.91,4363073
1889,2010-08-17 00:00:00+05:30,105.41,106.27,103.92,105.77,8288215
1890,2010-08-18 00:00:00+05:30,107.07,108.06,105.44,107.73,12316591
1891,2010-08-19 00:00:00+05:30,107.73,110.25,107.73,109.59,12464662
1892,2010-08-20 00:00:00+05:30,109.45,109.72,107.43,107.86,8907610
1893,2010-08-23 00:00:00+05:30,107.4,107.86,105.48,105.74,5709399
1894,2010-08-24 00:00:00+05:30,105.77,106.93,105.14,105.97,5194551
1895,2010-08-25 00:00:00+05:30,106.01,106.9,105.97,106.4,6604690
1896,2010-08-26 00:00:00+05:30,106.74,109.49,106.74,108.66,16281033
1897,2010-08-27 00:00:00+05:30,108.79,109.62,106.31,106.87,5477931
1898,2010-08-30 00:00:00+05:30,108.06,108.29,105.14,105.61,4576995
1899,2010-08-31 00:00:00+05:30,106.27,108.72,105.08,108.16,13192940
1900,2010-09-01 00:00:00+05:30,108.89,108.92,107.27,108.16,7239267
1901,2010-09-02 00:00:00+05:30,108.59,109.95,108.16,109.69,7362381
1902,2010-09-03 00:00:00+05:30,109.85,109.85,107.63,108.72,6091678
1903,2010-09-06 00:00:00+05:30,109.29,110.91,108.59,109.92,10604234
1904,2010-09-07 00:00:00+05:30,110.05,110.88,109.26,110.18,8545027
1905,2010-09-08 00:00:00+05:30,109.49,109.98,108.23,108.92,6021331
1906,2010-09-09 00:00:00+05:30,109.79,109.79,107.0,107.63,7403193
1907,2010-09-13 00:00:00+05:30,108.29,109.26,107.47,108.19,6539392
1908,2010-09-14 00:00:00+05:30,108.0,110.18,107.27,109.52,11277307
1909,2010-09-15 00:00:00+05:30,108.96,111.38,108.39,111.14,10371996
1910,2010-09-16 00:00:00+05:30,110.71,112.3,110.42,110.98,6883813
1911,2010-09-17 00:00:00+05:30,111.28,112.21,110.28,111.61,11380383
1912,2010-09-20 00:00:00+05:30,112.04,118.01,111.38,117.11,20783044
1913,2010-09-21 00:00:00+05:30,117.91,118.87,113.63,114.46,24214310
1914,2010-09-22 00:00:00+05:30,113.6,116.55,113.6,115.82,10948865
1915,2010-09-23 00:00:00+05:30,115.98,117.97,114.63,117.01,9536056
1916,2010-09-24 00:00:00+05:30,117.84,119.9,117.14,118.83,13318055
1917,2010-09-27 00:00:00+05:30,119.6,119.73,117.54,118.27,11844480
1918,2010-09-28 00:00:00+05:30,118.6,119.33,116.88,118.27,10900845
1919,2010-09-29 00:00:00+05:30,118.34,119.53,114.69,115.09,10045352
1920,2010-09-30 00:00:00+05:30,115.22,119.33,113.96,118.21,24463469
1921,2010-10-01 00:00:00+05:30,118.6,119.33,116.88,118.44,15378697
1922,2010-10-04 00:00:00+05:30,119.33,120.53,115.95,116.18,12965497
1923,2010-10-05 00:00:00+05:30,116.68,117.28,115.02,115.22,12483989
1924,2010-10-06 00:00:00+05:30,116.78,117.31,113.23,114.63,10790066
1925,2010-10-07 00:00:00+05:30,115.22,115.62,113.5,113.96,11788656
1926,2010-10-08 00:00:00+05:30,114.03,114.92,112.44,114.33,11291256
1927,2010-10-11 00:00:00+05:30,115.25,115.65,113.6,114.66,7472370
1928,2010-10-12 00:00:00+05:30,113.96,114.56,112.14,113.33,7683308
1929,2010-10-13 00:00:00+05:30,114.69,116.58,113.03,116.08,16060313
1930,2010-10-14 00:00:00+05:30,117.14,117.24,115.25,116.05,7065401
1931,2010-10-15 00:00:00+05:30,116.68,116.68,113.6,114.0,6708068
1932,2010-10-18 00:00:00+05:30,114.03,114.59,110.78,113.73,12772910
1933,2010-10-19 00:00:00+05:30,113.83,114.86,112.11,113.03,8865616
1934,2010-10-20 00:00:00+05:30,112.21,113.56,111.05,111.38,8675719
1935,2010-10-21 00:00:00+05:30,112.6,116.02,110.91,115.59,6655709
1936,2010-10-22 00:00:00+05:30,115.42,115.69,112.84,113.5,5044806
1937,2010-10-25 00:00:00+05:30,114.86,114.96,111.77,112.14,10277510
1938,2010-10-26 00:00:00+05:30,112.93,114.92,112.11,113.86,9176374
1939,2010-10-27 00:00:00+05:30,113.86,113.96,110.85,111.28,7460364
1940,2010-10-28 00:00:00+05:30,112.14,113.83,109.39,110.75,34655471
1941,2010-10-29 00:00:00+05:30,112.11,113.96,109.85,113.5,27593858
1942,2010-11-01 00:00:00+05:30,114.36,115.02,113.27,113.93,12801538
1943,2010-11-02 00:00:00+05:30,114.16,115.35,113.37,114.96,6944284
1944,2010-11-03 00:00:00+05:30,115.35,117.41,115.35,116.38,14416678
1945,2010-11-04 00:00:00+05:30,117.58,117.67,116.05,117.34,8817177
1946,2010-11-05 00:00:00+05:30,118.01,118.34,116.81,117.44,1677111
1947,2010-11-08 00:00:00+05:30,118.93,118.93,115.75,116.45,6954379
1948,2010-11-09 00:00:00+05:30,116.68,118.3,115.42,117.87,6835541
1949,2010-11-10 00:00:00+05:30,117.67,118.27,116.95,117.34,5454310
1950,2010-11-11 00:00:00+05:30,117.67,118.01,115.79,116.25,3753706
1951,2010-11-12 00:00:00+05:30,116.61,117.34,114.29,115.25,6218641
1952,2010-11-15 00:00:00+05:30,114.96,116.35,113.53,116.12,3976955
1953,2010-11-16 00:00:00+05:30,116.65,116.98,111.74,112.67,8604535
1954,2010-11-18 00:00:00+05:30,116.51,116.51,111.71,114.0,12344354
1955,2010-11-19 00:00:00+05:30,114.19,114.69,112.44,113.33,8833918
1956,2010-11-22 00:00:00+05:30,113.53,116.95,112.97,116.61,12248555
1957,2010-11-23 00:00:00+05:30,116.18,116.68,112.4,114.36,12785785
1958,2010-11-24 00:00:00+05:30,115.32,115.52,113.83,115.16,9198869
1959,2010-11-25 00:00:00+05:30,114.43,114.99,111.44,112.5,13467683
1960,2010-11-26 00:00:00+05:30,112.87,113.23,110.08,111.14,14758540
1961,2010-11-29 00:00:00+05:30,111.38,112.54,108.72,111.77,19104867
1962,2010-11-30 00:00:00+05:30,111.08,114.69,110.05,113.96,19834202
1963,2010-12-01 00:00:00+05:30,114.36,114.36,112.6,113.63,7089576
1964,2010-12-02 00:00:00+05:30,114.13,114.63,112.54,113.3,12725156
1965,2010-12-03 00:00:00+05:30,111.05,114.03,109.39,113.56,14187454
1966,2010-12-06 00:00:00+05:30,113.37,113.37,111.71,112.07,5996703
1967,2010-12-07 00:00:00+05:30,111.77,112.5,110.25,111.51,9980692
1968,2010-12-08 00:00:00+05:30,111.38,112.7,110.22,110.55,9758081
1969,2010-12-09 00:00:00+05:30,111.01,111.71,109.92,110.91,11088262
1970,2010-12-10 00:00:00+05:30,111.31,113.3,110.71,112.9,6272626
1971,2010-12-13 00:00:00+05:30,113.2,113.37,109.72,110.81,8995093
1973,2010-12-14 00:00:00+05:30,111.38,112.44,110.78,111.64,7174679
1974,2010-12-15 00:00:00+05:30,110.51,111.91,110.38,110.71,7955709
1975,2010-12-16 00:00:00+05:30,111.67,111.67,108.82,111.41,7140348
1976,2010-12-20 00:00:00+05:30,111.54,111.54,109.79,110.68,5856049
1977,2010-12-21 00:00:00+05:30,110.71,111.05,109.92,110.81,5143227
1978,2010-12-22 00:00:00+05:30,111.84,111.84,110.18,110.98,5153196
1979,2010-12-23 00:00:00+05:30,111.64,111.64,110.15,110.65,4378056
1980,2010-12-24 00:00:00+05:30,109.85,112.97,109.85,112.64,7443789
1981,2010-12-27 00:00:00+05:30,112.54,113.53,112.07,112.54,6925181
1982,2010-12-28 00:00:00+05:30,112.54,113.9,112.54,113.5,4314732
1983,2010-12-29 00:00:00+05:30,113.5,115.75,113.46,115.49,10211064
1984,2010-12-30 00:00:00+05:30,114.89,116.91,114.46,115.72,29495794
1985,2010-12-31 00:00:00+05:30,115.25,116.65,115.12,115.79,10410693
1986,2011-01-03 00:00:00+05:30,116.65,116.65,115.29,115.88,3492148
1987,2011-01-04 00:00:00+05:30,116.02,118.07,116.02,117.67,14939902
1988,2011-01-05 00:00:00+05:30,117.61,119.46,116.55,119.2,12790327
1989,2011-01-06 00:00:00+05:30,119.56,120.0,116.58,118.6,8906743
1990,2011-01-07 00:00:00+05:30,118.04,119.33,113.1,114.36,10804287
1991,2011-01-10 00:00:00+05:30,114.16,114.29,111.74,113.1,12404516
1992,2011-01-11 00:00:00+05:30,112.84,115.35,111.41,112.77,11894479
1993,2011-01-12 00:00:00+05:30,114.13,115.62,111.77,115.19,7674345
1994,2011-01-13 00:00:00+05:30,114.72,115.82,113.63,114.79,11313877
1995,2011-01-14 00:00:00+05:30,114.43,117.44,112.11,113.07,8989180
1996,2011-01-17 00:00:00+05:30,112.77,115.95,111.14,114.0,14174916
1997,2011-01-18 00:00:00+05:30,114.29,117.18,114.09,116.78,9611389
1998,2011-01-19 00:00:00+05:30,117.01,118.21,115.09,116.32,14095551
1999,2011-01-20 00:00:00+05:30,115.59,116.61,113.13,113.8,11015124
2000,2011-01-21 00:00:00+05:30,113.5,114.39,111.64,111.97,13523112
2001,2011-01-24 00:00:00+05:30,112.67,113.0,111.38,112.11,7685970
2002,2011-01-25 00:00:00+05:30,112.17,112.93,111.05,111.38,7825707
2003,2011-01-27 00:00:00+05:30,111.94,112.54,110.71,111.24,11716428
2004,2011-01-28 00:00:00+05:30,111.94,112.87,109.79,111.48,16010313
2005,2011-01-31 00:00:00+05:30,110.78,111.31,106.7,107.8,17010870
2006,2011-02-01 00:00:00+05:30,108.49,108.59,103.55,105.81,21246034
2007,2011-02-02 00:00:00+05:30,106.57,107.2,104.75,105.41,9636379
2008,2011-02-03 00:00:00+05:30,105.01,106.87,104.48,105.71,7086588
2009,2011-02-04 00:00:00+05:30,105.81,106.57,100.57,101.43,14628745
2010,2011-02-07 00:00:00+05:30,103.29,105.24,101.63,104.15,14666706
2011,2011-02-08 00:00:00+05:30,104.42,104.91,103.42,103.49,9348850
2012,2011-02-09 00:00:00+05:30,103.42,103.75,101.27,102.03,12675520
2013,2011-02-10 00:00:00+05:30,102.23,105.38,102.23,103.52,10723368
2014,2011-02-11 00:00:00+05:30,103.98,104.15,102.1,102.82,8654361
2015,2011-02-14 00:00:00+05:30,102.56,105.94,102.56,104.42,10010313
2016,2011-02-15 00:00:00+05:30,105.18,105.21,102.49,104.15,6530483
2017,2011-02-16 00:00:00+05:30,103.55,105.31,103.55,104.02,5483191
2018,2011-02-17 00:00:00+05:30,104.42,105.34,102.66,105.05,10348430
2019,2011-02-18 00:00:00+05:30,104.98,106.17,102.76,103.26,7141976
2020,2011-02-21 00:00:00+05:30,103.26,105.31,102.49,104.88,3903806
2021,2011-02-22 00:00:00+05:30,104.68,104.68,103.09,103.89,6840200
2022,2011-02-23 00:00:00+05:30,104.08,104.42,102.82,103.16,5243746
2023,2011-02-24 00:00:00+05:30,102.33,103.55,98.78,99.87,26720952
2024,2011-02-25 00:00:00+05:30,101.23,104.02,100.44,103.62,13676328
2025,2011-02-28 00:00:00+05:30,103.45,112.7,102.36,112.04,45492382
2026,2011-03-01 00:00:00+05:30,113.23,115.35,113.1,115.09,21954956
2027,2011-03-03 00:00:00+05:30,114.03,116.68,113.5,115.06,19977378
2028,2011-03-04 00:00:00+05:30,115.72,115.88,114.03,114.29,12422309
2029,2011-03-07 00:00:00+05:30,113.53,115.22,111.41,114.46,10097016
2030,2011-03-08 00:00:00+05:30,115.16,115.29,113.46,114.0,8569792
2031,2011-03-09 00:00:00+05:30,114.29,114.79,113.1,113.86,6324118
2032,2011-03-10 00:00:00+05:30,113.66,114.0,112.24,113.56,6640235
2033,2011-03-11 00:00:00+05:30,113.2,114.69,112.4,113.6,5975239
2034,2011-03-14 00:00:00+05:30,113.86,115.29,113.03,114.99,6749354
2035,2011-03-15 00:00:00+05:30,113.4,114.56,111.18,112.77,10407522
2036,2011-03-16 00:00:00+05:30,113.13,114.26,113.13,113.5,4943270
2037,2011-03-17 00:00:00+05:30,112.37,113.3,110.91,111.41,11713551
2038,2011-03-18 00:00:00+05:30,112.44,112.6,109.79,111.34,9716794
2039,2011-03-21 00:00:00+05:30,111.81,112.64,111.05,111.31,6147095
2040,2011-03-22 00:00:00+05:30,111.77,113.3,111.05,112.74,6148000
2041,2011-03-23 00:00:00+05:30,112.7,114.33,112.14,114.0,8540398
2043,2011-03-24 00:00:00+05:30,114.69,115.09,113.96,114.69,8132838
2044,2011-03-25 00:00:00+05:30,116.02,118.01,115.02,117.64,17560423
2045,2011-03-28 00:00:00+05:30,117.01,119.07,116.91,118.47,13138041
2046,2011-03-29 00:00:00+05:30,119.0,119.33,118.11,118.83,12568871
2047,2011-03-30 00:00:00+05:30,119.27,120.23,117.18,117.74,15962104
2048,2011-03-31 00:00:00+05:30,118.17,121.98,118.17,120.72,33015605
2049,2011-04-01 00:00:00+05:30,120.69,122.61,120.26,120.99,16598198
2050,2011-04-04 00:00:00+05:30,121.62,122.65,121.19,122.55,9673709
2051,2011-04-05 00:00:00+05:30,122.48,123.11,121.49,122.12,8179953
2052,2011-04-06 00:00:00+05:30,121.55,122.41,119.86,121.29,5442639
2053,2011-04-07 00:00:00+05:30,121.32,121.65,120.23,121.02,5617630
2054,2011-04-08 00:00:00+05:30,121.25,122.98,120.56,121.82,10351986
2055,2011-04-11 00:00:00+05:30,122.05,124.64,121.75,122.65,12362896
2056,2011-04-13 00:00:00+05:30,122.65,126.82,121.82,126.03,15717847
2057,2011-04-15 00:00:00+05:30,126.03,127.72,125.07,126.96,16654430
2058,2011-04-18 00:00:00+05:30,127.06,129.11,124.3,126.09,13130852
2059,2011-04-19 00:00:00+05:30,125.3,126.62,123.91,124.3,11979934
2060,2011-04-20 00:00:00+05:30,125.13,126.82,124.3,126.36,8518938
2061,2011-04-21 00:00:00+05:30,127.92,127.92,125.63,126.06,14231034
2062,2011-04-25 00:00:00+05:30,125.96,127.75,125.8,126.13,4285124
2063,2011-04-26 00:00:00+05:30,126.33,127.55,122.71,127.06,11703091
2064,2011-04-27 00:00:00+05:30,127.29,128.61,126.79,128.38,8282074
2065,2011-04-28 00:00:00+05:30,128.81,129.14,126.66,127.19,12067501
2066,2011-04-29 00:00:00+05:30,126.19,129.14,126.19,127.52,15507832
2067,2011-05-02 00:00:00+05:30,127.95,128.61,126.29,126.72,7766552
2068,2011-05-03 00:00:00+05:30,126.29,126.62,123.08,123.87,7726256
2069,2011-05-04 00:00:00+05:30,124.5,124.83,121.65,123.84,8221959
2070,2011-05-05 00:00:00+05:30,123.97,124.24,120.43,120.99,9082270
2071,2011-05-06 00:00:00+05:30,121.32,121.98,117.71,121.72,10526375
2072,2011-05-09 00:00:00+05:30,121.95,123.84,120.72,122.28,8402161
2073,2011-05-10 00:00:00+05:30,122.65,124.97,122.22,123.04,6144176
2074,2011-05-11 00:00:00+05:30,123.04,123.81,122.25,123.54,3168727
2075,2011-05-12 00:00:00+05:30,122.88,124.47,121.59,121.85,4183926
2076,2011-05-13 00:00:00+05:30,121.82,127.22,120.96,125.3,10602308
2077,2011-05-16 00:00:00+05:30,125.96,126.43,123.01,123.38,11545815
2078,2011-05-17 00:00:00+05:30,123.64,125.96,123.11,124.54,8734566
2079,2011-05-18 00:00:00+05:30,124.5,126.36,124.5,125.27,6777146
2080,2011-05-19 00:00:00+05:30,126.03,127.16,124.74,125.33,11829963
2081,2011-05-20 00:00:00+05:30,126.26,126.96,121.82,123.67,39314368
2082,2011-05-23 00:00:00+05:30,123.94,126.43,123.44,126.09,13714644
2083,2011-05-24 00:00:00+05:30,126.39,126.56,123.44,123.94,8931997
2084,2011-05-25 00:00:00+05:30,123.74,125.8,122.88,125.37,9660643
2085,2011-05-26 00:00:00+05:30,125.3,125.3,123.31,123.97,14833423
2086,2011-05-27 00:00:00+05:30,124.3,125.83,124.2,125.27,9139571
2087,2011-05-30 00:00:00+05:30,125.27,125.7,123.54,124.37,8924725
2088,2011-05-31 00:00:00+05:30,124.64,128.51,124.64,128.18,13667525
2089,2011-06-01 00:00:00+05:30,129.28,129.28,127.62,128.51,8373315
2090,2011-06-02 00:00:00+05:30,127.78,131.2,127.55,129.48,10597250
2091,2011-06-03 00:00:00+05:30,129.48,130.57,127.95,128.25,5775232
2092,2011-06-06 00:00:00+05:30,128.28,128.95,126.79,127.82,4392759
2093,2011-06-07 00:00:00+05:30,127.29,128.88,126.96,128.32,3175193
2094,2011-06-08 00:00:00+05:30,128.28,130.17,127.95,129.24,9075581
2095,2011-06-09 00:00:00+05:30,128.95,129.77,128.12,129.28,5879488
2096,2011-06-10 00:00:00+05:30,126.96,128.15,126.29,127.06,13274850
2097,2011-06-13 00:00:00+05:30,126.82,127.52,125.93,126.56,6105910
2098,2011-06-14 00:00:00+05:30,126.56,128.88,126.56,128.51,6174578
2099,2011-06-15 00:00:00+05:30,128.58,129.38,127.98,128.71,8116875
2100,2011-06-16 00:00:00+05:30,128.95,129.48,127.95,128.61,6687014
2101,2011-06-17 00:00:00+05:30,128.68,129.81,126.82,127.12,7377152
2102,2011-06-20 00:00:00+05:30,127.88,127.88,122.18,123.61,12226582
2103,2011-06-21 00:00:00+05:30,124.3,125.23,122.15,122.55,6806689
2104,2011-06-22 00:00:00+05:30,122.91,123.81,120.66,122.78,8911048
2105,2011-06-23 00:00:00+05:30,123.04,127.12,122.22,126.92,11571769
2106,2011-06-24 00:00:00+05:30,127.12,130.27,127.12,129.34,16682745
2107,2011-06-27 00:00:00+05:30,128.02,129.81,127.62,128.35,9396397
2108,2011-06-28 00:00:00+05:30,128.75,128.91,126.29,128.51,6678455
2109,2011-06-29 00:00:00+05:30,128.78,132.56,128.78,132.29,11511760
2110,2011-06-30 00:00:00+05:30,132.36,135.24,132.29,134.55,17453571
2111,2011-07-01 00:00:00+05:30,136.9,136.9,132.66,133.62,10842728
2112,2011-07-04 00:00:00+05:30,134.65,135.31,131.43,131.76,8891388
2113,2011-07-05 00:00:00+05:30,132.49,132.49,129.44,129.71,12500122
2114,2011-07-06 00:00:00+05:30,129.61,131.03,128.81,130.4,9036715
2115,2011-07-07 00:00:00+05:30,130.67,135.21,130.67,134.85,12000178
2116,2011-07-08 00:00:00+05:30,135.08,135.97,132.36,132.96,9733642
2117,2011-07-11 00:00:00+05:30,133.15,135.11,132.92,134.31,6956267
2118,2011-07-12 00:00:00+05:30,133.59,135.91,132.76,133.69,8189587
2119,2011-07-13 00:00:00+05:30,133.85,135.91,133.85,135.24,9810823
2120,2011-07-14 00:00:00+05:30,135.21,135.91,132.82,134.58,12731197
2121,2011-07-15 00:00:00+05:30,134.28,134.98,133.29,133.75,4223510
2122,2011-07-18 00:00:00+05:30,134.25,134.51,133.02,133.69,2938747
2123,2011-07-19 00:00:00+05:30,134.25,135.87,133.65,135.31,6131959
2124,2011-07-20 00:00:00+05:30,135.24,137.46,134.91,136.4,12614819
2125,2011-07-21 00:00:00+05:30,135.57,137.76,135.57,137.3,7399082
2126,2011-07-22 00:00:00+05:30,138.23,138.69,136.97,137.5,13739471
2127,2011-07-25 00:00:00+05:30,137.23,137.43,134.68,136.17,13968248
2128,2011-07-26 00:00:00+05:30,135.91,137.0,132.36,133.19,9482761
2129,2011-07-27 00:00:00+05:30,134.08,134.22,131.63,133.19,7730427
2130,2011-07-28 00:00:00+05:30,131.5,137.23,131.5,136.73,24405878
2131,2011-07-29 00:00:00+05:30,136.24,140.05,136.07,138.13,19932816
2132,2011-08-01 00:00:00+05:30,139.22,140.05,137.96,138.49,10656135
2133,2011-08-02 00:00:00+05:30,137.7,138.13,134.48,135.74,11468194
2134,2011-08-03 00:00:00+05:30,134.81,138.03,134.35,137.13,9986899
2135,2011-08-04 00:00:00+05:30,135.84,137.07,132.06,132.56,15752990
2136,2011-08-05 00:00:00+05:30,129.28,131.27,126.29,130.2,20137093
2137,2011-08-08 00:00:00+05:30,128.55,131.13,125.73,129.28,13503756
2138,2011-08-09 00:00:00+05:30,126.13,133.98,126.03,132.43,28803950
2139,2011-08-10 00:00:00+05:30,133.92,134.48,129.94,130.67,13912487
2140,2011-08-11 00:00:00+05:30,129.94,132.59,129.64,131.76,9546824
2141,2011-08-12 00:00:00+05:30,132.39,133.22,129.61,131.27,12319553
2142,2011-08-16 00:00:00+05:30,133.42,133.88,131.27,132.92,9747373
2143,2011-08-17 00:00:00+05:30,132.59,135.91,132.26,135.41,14542525
2144,2011-08-18 00:00:00+05:30,135.57,136.57,134.41,135.14,10754957
2145,2011-08-19 00:00:00+05:30,133.92,135.74,131.36,132.06,19466630
2146,2011-08-22 00:00:00+05:30,131.46,134.45,130.3,133.92,9153953
2147,2011-08-23 00:00:00+05:30,133.92,135.38,131.93,134.71,17823940
2148,2011-08-24 00:00:00+05:30,134.48,135.44,132.13,133.88,7468058
2149,2011-08-25 00:00:00+05:30,134.02,135.11,133.25,134.15,12911401
2150,2011-08-26 00:00:00+05:30,134.51,134.71,129.11,130.5,9318448
2151,2011-08-29 00:00:00+05:30,131.27,134.58,129.28,133.88,11869495
2152,2011-08-30 00:00:00+05:30,135.24,135.24,131.93,132.59,10490334
2153,2011-09-02 00:00:00+05:30,136.57,136.9,130.37,134.75,19310645
2154,2011-09-05 00:00:00+05:30,134.58,135.14,132.72,134.41,12201832
2155,2011-09-06 00:00:00+05:30,133.92,134.81,132.79,134.45,12158402
2156,2011-09-07 00:00:00+05:30,134.58,134.94,132.26,132.62,10780271
2157,2011-09-08 00:00:00+05:30,132.82,133.62,131.33,132.03,7045793
2158,2011-09-09 00:00:00+05:30,132.39,133.09,130.27,131.03,12080450
2159,2011-09-12 00:00:00+05:30,130.07,131.43,129.08,130.07,7628427
2160,2011-09-13 00:00:00+05:30,130.37,132.23,129.74,130.64,7841360
2161,2011-09-14 00:00:00+05:30,130.87,132.59,128.68,132.23,7905128
2162,2011-09-15 00:00:00+05:30,133.82,133.82,129.97,132.19,7803876
2163,2011-09-16 00:00:00+05:30,132.59,133.15,130.83,131.23,13465946
2164,2011-09-19 00:00:00+05:30,131.27,131.4,129.18,129.51,7429490
2165,2011-09-20 00:00:00+05:30,129.81,132.06,129.41,131.6,8199103
2166,2011-09-21 00:00:00+05:30,131.9,132.36,130.3,131.0,4388808
2167,2011-09-22 00:00:00+05:30,130.17,130.47,125.99,126.59,11351928
2168,2011-09-23 00:00:00+05:30,126.03,128.88,125.33,127.06,12520883
2169,2011-09-26 00:00:00+05:30,127.88,127.88,122.65,124.97,9712783
2170,2011-09-27 00:00:00+05:30,125.96,128.58,125.8,128.25,9450343
2171,2011-09-28 00:00:00+05:30,128.55,130.93,127.78,130.67,19577012
2172,2011-09-29 00:00:00+05:30,129.77,134.55,129.77,134.08,18187033
2173,2011-09-30 00:00:00+05:30,133.92,133.92,130.7,131.27,10307655
2174,2011-10-03 00:00:00+05:30,129.48,130.67,128.18,128.85,7690331
2175,2011-10-04 00:00:00+05:30,128.45,129.41,125.03,127.06,18375344
2176,2011-10-05 00:00:00+05:30,127.35,130.87,127.35,128.68,19017707
2177,2011-10-07 00:00:00+05:30,131.1,132.76,128.61,132.03,34229091
2179,2011-10-10 00:00:00+05:30,131.27,133.52,130.97,132.66,10437668
2180,2011-10-11 00:00:00+05:30,133.59,134.18,132.03,132.29,7557825
2181,2011-10-12 00:00:00+05:30,132.59,135.57,132.33,135.24,9684661
2182,2011-10-13 00:00:00+05:30,134.25,136.17,133.29,133.85,6107267
2183,2011-10-14 00:00:00+05:30,133.49,136.5,133.49,136.04,8589789
2184,2011-10-17 00:00:00+05:30,135.67,136.7,134.91,136.4,6858109
2185,2011-10-18 00:00:00+05:30,135.48,136.44,134.65,135.41,4256931
2186,2011-10-19 00:00:00+05:30,136.04,137.73,135.11,137.3,6894650
2187,2011-10-20 00:00:00+05:30,136.4,136.9,135.34,135.94,7769418
2188,2011-10-21 00:00:00+05:30,136.4,137.0,134.81,135.24,8608974
2189,2011-10-24 00:00:00+05:30,135.24,137.89,135.24,137.2,13882913
2190,2011-10-25 00:00:00+05:30,137.83,141.21,136.57,139.92,17234307
2191,2011-10-28 00:00:00+05:30,142.34,143.33,141.14,142.87,18258614
2192,2011-10-31 00:00:00+05:30,142.77,142.87,140.41,141.31,9942437
2193,2011-11-01 00:00:00+05:30,140.22,140.88,137.7,138.09,15949207
2194,2011-11-02 00:00:00+05:30,137.89,139.82,137.56,138.79,7596578
2195,2011-11-03 00:00:00+05:30,138.13,139.75,137.89,139.35,6427754
2196,2011-11-04 00:00:00+05:30,140.05,140.38,139.09,139.45,7133330
2197,2011-11-08 00:00:00+05:30,139.29,140.61,138.23,139.75,7159692
2198,2011-11-09 00:00:00+05:30,139.65,142.2,139.22,140.55,11096242
2199,2011-11-11 00:00:00+05:30,140.28,142.54,139.45,140.98,10669331
2200,2011-11-14 00:00:00+05:30,141.44,142.73,139.65,140.22,7471395
2201,2011-11-15 00:00:00+05:30,139.75,141.64,139.06,139.65,7766982
2202,2011-11-16 00:00:00+05:30,139.22,141.81,138.06,140.94,8522056
2203,2011-11-17 00:00:00+05:30,140.71,140.71,136.64,137.73,8240721
2204,2011-11-18 00:00:00+05:30,136.73,137.5,132.66,133.78,12056014
2205,2011-11-21 00:00:00+05:30,133.02,134.05,131.33,132.23,14459401
2206,2011-11-22 00:00:00+05:30,134.15,134.35,129.41,130.07,13810065
2207,2011-11-23 00:00:00+05:30,130.07,130.07,125.5,128.15,13426733
2208,2011-11-24 00:00:00+05:30,128.25,129.87,125.73,127.49,16383239
2209,2011-11-25 00:00:00+05:30,127.16,128.22,126.89,127.45,7965548
2210,2011-11-28 00:00:00+05:30,129.24,131.76,128.05,130.24,6876512
2211,2011-11-29 00:00:00+05:30,130.93,131.53,129.61,131.2,9539290
2212,2011-11-30 00:00:00+05:30,130.64,133.59,130.17,133.06,15342091
2213,2011-12-01 00:00:00+05:30,135.24,136.5,134.71,135.01,9852689
2214,2011-12-02 00:00:00+05:30,134.94,137.23,134.25,136.9,7343948
2215,2011-12-05 00:00:00+05:30,136.57,137.63,134.35,135.34,5824794
2216,2011-12-07 00:00:00+05:30,135.91,137.89,134.94,135.87,11327496
2217,2011-12-08 00:00:00+05:30,135.87,136.7,130.93,131.93,10151306
2218,2011-12-09 00:00:00+05:30,130.67,131.66,129.08,130.7,8375076
2219,2011-12-12 00:00:00+05:30,131.83,132.16,129.14,129.94,10157292
2220,2011-12-13 00:00:00+05:30,129.61,131.27,129.31,130.83,7387494
2221,2011-12-14 00:00:00+05:30,130.83,133.59,130.6,132.49,16179486
2222,2011-12-15 00:00:00+05:30,131.93,133.59,130.9,132.33,14556226
2223,2011-12-16 00:00:00+05:30,131.96,134.81,128.61,129.81,10052444
2224,2011-12-19 00:00:00+05:30,129.08,131.27,127.49,130.93,10916274
2225,2011-12-20 00:00:00+05:30,131.93,133.09,131.36,132.19,12978865
2226,2011-12-21 00:00:00+05:30,133.45,134.55,132.29,134.08,10460864
2227,2011-12-22 00:00:00+05:30,133.19,135.24,132.92,135.08,9441763
2228,2011-12-23 00:00:00+05:30,135.51,135.91,134.08,135.24,8276611
2229,2011-12-26 00:00:00+05:30,134.85,136.47,134.45,135.87,5771268
2230,2011-12-27 00:00:00+05:30,135.84,136.57,134.12,135.94,6988799
2231,2011-12-28 00:00:00+05:30,136.3,136.37,133.59,133.95,4699590
2232,2011-12-29 00:00:00+05:30,133.42,134.85,132.59,133.06,9696235
2233,2011-12-30 00:00:00+05:30,133.02,134.58,132.76,133.45,3467408
2234,2012-01-02 00:00:00+05:30,133.82,133.82,131.2,131.7,2860837
2235,2012-01-03 00:00:00+05:30,132.49,133.62,132.13,132.82,6065587
2236,2012-01-04 00:00:00+05:30,133.59,133.72,131.6,132.29,11875077
2237,2012-01-05 00:00:00+05:30,131.96,132.59,131.0,132.46,11364483
2238,2012-01-06 00:00:00+05:30,131.96,134.65,131.5,133.98,8788207
2239,2012-01-09 00:00:00+05:30,133.69,134.12,132.39,133.92,7408238
2240,2012-01-10 00:00:00+05:30,134.05,136.4,134.05,136.01,5412393
2241,2012-01-11 00:00:00+05:30,136.01,136.3,134.25,134.78,8114014
2242,2012-01-12 00:00:00+05:30,134.58,136.17,134.41,135.87,7392665
2243,2012-01-13 00:00:00+05:30,135.84,137.7,135.44,137.27,11489523
2244,2012-01-16 00:00:00+05:30,137.13,139.02,136.9,138.62,9399271
2245,2012-01-17 00:00:00+05:30,138.56,139.35,137.1,138.16,10229865
2247,2012-01-18 00:00:00+05:30,137.46,139.68,137.23,139.09,9995638
2248,2012-01-19 00:00:00+05:30,139.45,139.88,138.06,138.69,9319325
2249,2012-01-20 00:00:00+05:30,139.19,140.08,132.46,133.45,25821654
2250,2012-01-23 00:00:00+05:30,133.69,135.91,131.53,135.64,13262822
2251,2012-01-24 00:00:00+05:30,135.97,137.4,135.38,136.54,9339569
2252,2012-01-25 00:00:00+05:30,136.9,137.23,135.74,136.6,10414266
2253,2012-01-27 00:00:00+05:30,137.56,137.56,132.39,133.78,15333307
2254,2012-01-30 00:00:00+05:30,133.92,135.01,132.36,133.15,12412480
2255,2012-01-31 00:00:00+05:30,134.51,135.77,133.45,135.21,11610823
2256,2012-02-01 00:00:00+05:30,134.81,134.85,132.79,133.65,8711745
2257,2012-02-02 00:00:00+05:30,133.95,134.08,131.53,131.96,11002294
2258,2012-02-03 00:00:00+05:30,131.93,133.42,130.6,133.02,12927424
2259,2012-02-06 00:00:00+05:30,133.92,134.51,132.76,134.18,10593474
2260,2012-02-07 00:00:00+05:30,135.51,136.5,133.98,136.27,12033820
2261,2012-02-08 00:00:00+05:30,136.54,137.53,133.92,135.54,11353405
2262,2012-02-09 00:00:00+05:30,134.94,135.84,133.92,135.18,7604928
2263,2012-02-10 00:00:00+05:30,135.14,135.77,133.92,135.11,10264238
2264,2012-02-13 00:00:00+05:30,135.11,135.74,134.02,134.45,7088448
2265,2012-02-14 00:00:00+05:30,134.31,135.04,133.92,134.28,6380989
2266,2012-02-15 00:00:00+05:30,134.65,135.24,133.98,134.68,15541741
2267,2012-02-16 00:00:00+05:30,134.91,135.64,133.98,135.21,13784166
2268,2012-02-17 00:00:00+05:30,135.34,136.5,134.65,136.2,16502247
2269,2012-02-21 00:00:00+05:30,136.2,138.36,136.2,137.5,15410627
2270,2012-02-22 00:00:00+05:30,137.23,138.82,136.64,138.26,12916571
2271,2012-02-23 00:00:00+05:30,138.46,139.29,136.34,138.29,16348170
2272,2012-02-24 00:00:00+05:30,138.29,139.85,138.09,138.82,9087283
2273,2012-02-27 00:00:00+05:30,139.22,141.14,138.23,140.75,17411638
2274,2012-02-28 00:00:00+05:30,140.65,141.54,139.25,139.68,13148708
2275,2012-02-29 00:00:00+05:30,139.88,141.21,137.0,137.66,13287791
2276,2012-03-01 00:00:00+05:30,137.63,139.15,135.77,137.13,7606248
2277,2012-03-02 00:00:00+05:30,137.3,137.6,134.85,136.07,8559814
2278,2012-03-05 00:00:00+05:30,135.97,137.86,135.04,137.23,12057473
2279,2012-03-06 00:00:00+05:30,137.0,140.35,136.04,139.49,15072998
2280,2012-03-07 00:00:00+05:30,139.22,139.88,137.96,139.19,7873155
2281,2012-03-09 00:00:00+05:30,139.98,141.04,137.6,138.06,14828314
2282,2012-03-12 00:00:00+05:30,139.49,139.49,136.64,137.1,5739901
2283,2012-03-13 00:00:00+05:30,137.23,138.89,137.23,138.59,8735071
2284,2012-03-14 00:00:00+05:30,139.22,141.44,139.22,140.88,9815912
2285,2012-03-15 00:00:00+05:30,140.55,141.28,137.76,138.49,15582761
2286,2012-03-16 00:00:00+05:30,138.06,149.17,138.06,143.3,65857132
2287,2012-03-19 00:00:00+05:30,143.86,148.3,142.83,146.18,35503969
2288,2012-03-20 00:00:00+05:30,146.15,148.83,145.25,148.24,16086654
2289,2012-03-21 00:00:00+05:30,148.24,149.1,146.41,148.4,16109481
2290,2012-03-22 00:00:00+05:30,148.3,150.29,144.62,145.65,16527254
2291,2012-03-23 00:00:00+05:30,146.78,149.0,145.68,147.47,11781150
2292,2012-03-26 00:00:00+05:30,147.84,148.7,146.51,147.64,10333533
2293,2012-03-27 00:00:00+05:30,148.4,150.66,147.18,149.86,11361045
2294,2012-03-28 00:00:00+05:30,149.83,151.09,148.9,150.36,8839627
2295,2012-03-29 00:00:00+05:30,148.5,150.72,147.01,148.87,16726340
2296,2012-03-30 00:00:00+05:30,148.9,151.05,148.8,150.42,13713350
2297,2012-04-02 00:00:00+05:30,150.76,151.39,149.6,150.46,14596399
2298,2012-04-03 00:00:00+05:30,151.25,151.39,150.19,150.56,8818285
2299,2012-04-04 00:00:00+05:30,150.16,151.75,149.56,150.76,7152482
2300,2012-04-09 00:00:00+05:30,149.56,150.52,148.01,148.54,5189598
2301,2012-04-10 00:00:00+05:30,148.63,152.48,148.01,152.05,8229388
2302,2012-04-11 00:00:00+05:30,151.75,152.55,150.09,152.31,9471922
2303,2012-04-12 00:00:00+05:30,151.58,155.79,151.58,155.63,19552911
2304,2012-04-13 00:00:00+05:30,155.63,159.67,154.34,156.62,14551059
2305,2012-04-16 00:00:00+05:30,156.29,160.44,155.56,159.81,5950161
2306,2012-04-17 00:00:00+05:30,162.82,164.08,158.81,163.22,8157966
2307,2012-04-18 00:00:00+05:30,163.29,164.45,159.57,160.27,13021103
2308,2012-04-19 00:00:00+05:30,160.9,162.29,158.28,161.79,9550151
2309,2012-04-20 00:00:00+05:30,161.5,164.02,160.87,162.56,6333212
2310,2012-04-23 00:00:00+05:30,162.76,164.21,161.79,162.26,9887360
2311,2012-04-24 00:00:00+05:30,162.52,162.92,157.68,162.46,9389386
2312,2012-04-25 00:00:00+05:30,162.69,163.62,160.8,163.05,6292619
2313,2012-04-26 00:00:00+05:30,163.35,165.67,162.09,165.11,10554489
2315,2012-04-27 00:00:00+05:30,164.88,167.63,162.39,162.95,9282289
2316,2012-04-30 00:00:00+05:30,164.41,165.28,162.49,162.76,4779777
2317,2012-05-02 00:00:00+05:30,162.79,164.31,161.43,162.16,7175766
2318,2012-05-03 00:00:00+05:30,162.69,163.05,159.77,160.24,5652127
2319,2012-05-04 00:00:00+05:30,160.04,162.39,157.35,157.88,9590287
2320,2012-05-07 00:00:00+05:30,155.79,158.45,154.7,156.69,7580213
2321,2012-05-08 00:00:00+05:30,157.12,160.37,148.4,150.42,17027620
2322,2012-05-09 00:00:00+05:30,152.48,159.77,150.56,159.04,19974861
2323,2012-05-10 00:00:00+05:30,160.04,161.36,156.69,158.61,9774749
2324,2012-05-11 00:00:00+05:30,157.58,157.92,153.37,155.3,7821570
2325,2012-05-14 00:00:00+05:30,155.13,156.46,153.81,155.46,4975421
2326,2012-05-15 00:00:00+05:30,154.14,156.19,152.55,153.04,7615364
2327,2012-05-16 00:00:00+05:30,151.82,153.14,150.09,150.69,7650366
2328,2012-05-17 00:00:00+05:30,151.82,156.89,151.82,155.63,15198575
2329,2012-05-18 00:00:00+05:30,153.97,159.77,152.48,158.81,12564605
2330,2012-05-21 00:00:00+05:30,158.88,159.74,155.13,155.7,6220903
2331,2012-05-22 00:00:00+05:30,157.32,158.58,152.55,154.3,10250669
2332,2012-05-23 00:00:00+05:30,153.18,154.47,152.48,153.61,6542972
2333,2012-05-24 00:00:00+05:30,153.61,155.6,153.14,154.7,8680161
2334,2012-05-25 00:00:00+05:30,154.47,156.46,153.01,153.71,13703738
2335,2012-05-28 00:00:00+05:30,154.47,156.46,153.87,155.83,5304750
2336,2012-05-29 00:00:00+05:30,156.29,156.42,152.48,153.08,7913331
2337,2012-05-30 00:00:00+05:30,153.08,155.36,152.81,153.74,8153664
2338,2012-05-31 00:00:00+05:30,151.95,154.14,150.82,152.05,30869833
2339,2012-06-01 00:00:00+05:30,151.75,155.6,151.75,155.03,10131608
2340,2012-06-04 00:00:00+05:30,154.07,155.3,152.05,152.55,6034472
2341,2012-06-05 00:00:00+05:30,152.98,154.27,149.17,149.76,7608005
2342,2012-06-06 00:00:00+05:30,149.76,157.12,149.76,155.5,15399199
2343,2012-06-07 00:00:00+05:30,156.19,158.65,154.2,156.69,9896486
2344,2012-06-08 00:00:00+05:30,156.95,159.97,155.63,158.58,7080872
2345,2012-06-11 00:00:00+05:30,157.65,159.77,156.79,158.94,4965288
2346,2012-06-12 00:00:00+05:30,157.22,161.93,156.16,161.13,6512771
2347,2012-06-13 00:00:00+05:30,160.67,162.36,160.53,161.79,5593798
2348,2012-06-14 00:00:00+05:30,161.13,164.84,161.13,162.23,8802646
2349,2012-06-15 00:00:00+05:30,162.39,164.94,161.76,164.41,10444038
2350,2012-06-18 00:00:00+05:30,164.08,165.74,160.77,161.23,5114040
2351,2012-06-19 00:00:00+05:30,160.9,165.74,160.9,165.34,9333200
2352,2012-06-20 00:00:00+05:30,165.34,165.51,162.32,163.12,6276011
2353,2012-06-21 00:00:00+05:30,162.82,167.06,162.76,166.67,6964720
2354,2012-06-22 00:00:00+05:30,165.74,167.73,163.58,166.07,3949484
2355,2012-06-25 00:00:00+05:30,165.74,168.32,165.14,165.77,5237596
2356,2012-06-26 00:00:00+05:30,165.31,165.64,163.29,163.78,6130030
2357,2012-06-27 00:00:00+05:30,164.61,165.47,163.92,164.28,5051286
2358,2012-06-28 00:00:00+05:30,164.41,167.53,163.85,166.6,12662857
2359,2012-06-29 00:00:00+05:30,166.83,172.37,166.83,171.64,13675283
2360,2012-07-02 00:00:00+05:30,171.81,172.63,164.05,165.77,14742979
2361,2012-07-03 00:00:00+05:30,165.74,165.9,162.72,163.42,15076253
2362,2012-07-04 00:00:00+05:30,164.94,165.01,162.09,163.19,8554113
2363,2012-07-05 00:00:00+05:30,163.75,166.4,163.29,166.14,5619070
2364,2012-07-06 00:00:00+05:30,166.4,168.06,164.88,167.56,6910511
2365,2012-07-09 00:00:00+05:30,166.17,168.99,166.07,166.83,6682958
2366,2012-07-10 00:00:00+05:30,166.9,171.84,165.14,171.31,9055802
2367,2012-07-11 00:00:00+05:30,170.28,170.91,167.53,167.93,7358865
2368,2012-07-12 00:00:00+05:30,168.06,170.25,166.5,166.87,4759595
2369,2012-07-13 00:00:00+05:30,166.63,168.69,165.97,168.09,3499163
2370,2012-07-16 00:00:00+05:30,167.53,168.79,166.37,167.1,2550643
2371,2012-07-17 00:00:00+05:30,168.03,169.72,167.53,169.39,4701932
2372,2012-07-18 00:00:00+05:30,169.98,170.18,168.23,169.02,4948751
2373,2012-07-19 00:00:00+05:30,168.79,169.75,167.53,168.46,4428675
2374,2012-07-20 00:00:00+05:30,167.66,169.02,167.26,167.63,2846658
2375,2012-07-23 00:00:00+05:30,166.67,166.8,164.78,165.44,3846869
2376,2012-07-24 00:00:00+05:30,166.24,167.33,164.81,165.94,5285388
2377,2012-07-25 00:00:00+05:30,166.07,169.25,164.74,168.89,7942184
2378,2012-07-26 00:00:00+05:30,169.58,170.38,164.48,165.37,21080249
2379,2012-07-27 00:00:00+05:30,168.82,169.45,166.93,169.02,9637676
2380,2012-07-30 00:00:00+05:30,169.62,171.57,168.72,171.18,8136850
2381,2012-07-31 00:00:00+05:30,171.37,172.9,169.48,171.14,8779560
2382,2012-08-01 00:00:00+05:30,171.01,172.04,169.92,171.74,2871462
2383,2012-08-02 00:00:00+05:30,172.37,173.69,171.71,173.33,5254636
2384,2012-08-03 00:00:00+05:30,172.27,172.97,170.81,171.94,3726283
2385,2012-08-06 00:00:00+05:30,172.77,173.66,170.71,171.31,2879212
2386,2012-08-07 00:00:00+05:30,171.41,173.6,170.45,173.23,5092128
2387,2012-08-08 00:00:00+05:30,173.03,174.72,171.97,173.4,6931289
2388,2012-08-09 00:00:00+05:30,173.3,176.91,173.3,176.08,7562553
2389,2012-08-10 00:00:00+05:30,175.35,178.34,175.22,177.51,8279502
2390,2012-08-13 00:00:00+05:30,177.24,178.3,175.15,176.94,7210835
2391,2012-08-14 00:00:00+05:30,176.94,178.6,175.48,177.54,5320039
2392,2012-08-16 00:00:00+05:30,177.24,178.0,170.71,171.27,14645584
2393,2012-08-17 00:00:00+05:30,171.11,174.62,171.11,173.76,7806197
2394,2012-08-21 00:00:00+05:30,173.76,173.83,171.94,172.87,9571045
2395,2012-08-22 00:00:00+05:30,172.47,174.42,171.94,173.46,4443351
2396,2012-08-23 00:00:00+05:30,173.83,175.65,173.36,175.19,7566690
2397,2012-08-24 00:00:00+05:30,174.82,176.55,173.76,175.78,10739882
2398,2012-08-27 00:00:00+05:30,175.72,176.51,175.02,175.92,2568046
2399,2012-08-28 00:00:00+05:30,175.92,178.0,175.92,177.77,5812228
2400,2012-08-29 00:00:00+05:30,178.27,178.87,176.84,178.57,5837287
2401,2012-08-30 00:00:00+05:30,178.27,181.15,176.41,179.4,23958955
2402,2012-08-31 00:00:00+05:30,179.0,179.33,176.55,177.44,7843767
2403,2012-09-03 00:00:00+05:30,178.34,178.9,176.58,177.41,5977231
2404,2012-09-04 00:00:00+05:30,177.08,178.24,176.11,176.68,3900218
2405,2012-09-05 00:00:00+05:30,176.35,178.53,176.35,177.51,6393089
2406,2012-09-06 00:00:00+05:30,177.04,177.31,172.43,172.67,6902015
2407,2012-09-07 00:00:00+05:30,174.36,174.82,172.63,174.19,10291946
2408,2012-09-10 00:00:00+05:30,174.95,176.01,173.86,175.45,6376529
2409,2012-09-11 00:00:00+05:30,175.42,177.57,174.42,177.21,3741974
2410,2012-09-12 00:00:00+05:30,177.51,179.0,176.88,178.53,5542660
2411,2012-09-13 00:00:00+05:30,178.43,179.2,177.64,178.77,5415235
2412,2012-09-14 00:00:00+05:30,180.06,180.85,176.91,177.84,16516596
2413,2012-09-17 00:00:00+05:30,178.04,178.24,166.47,168.06,28472090
2414,2012-09-18 00:00:00+05:30,168.36,171.21,166.93,168.52,13158729
2415,2012-09-20 00:00:00+05:30,168.85,170.58,168.13,170.02,10857990
2416,2012-09-21 00:00:00+05:30,171.04,175.39,170.28,173.43,18020017
2417,2012-09-24 00:00:00+05:30,173.36,173.43,168.42,169.62,11315712
2418,2012-09-25 00:00:00+05:30,169.65,173.56,169.05,172.9,10701314
2419,2012-09-26 00:00:00+05:30,174.16,175.42,172.67,174.89,15386378
2420,2012-09-27 00:00:00+05:30,175.09,177.67,173.76,176.98,18493253
2421,2012-09-28 00:00:00+05:30,176.68,180.89,176.41,180.59,14168953
2422,2012-10-01 00:00:00+05:30,179.99,182.31,179.4,181.15,7567860
2423,2012-10-03 00:00:00+05:30,181.32,181.48,177.41,179.16,12835477
2424,2012-10-04 00:00:00+05:30,179.2,183.27,179.2,182.51,9900047
2425,2012-10-05 00:00:00+05:30,183.31,185.63,146.02,182.74,12239585
2426,2012-10-08 00:00:00+05:30,182.78,185.23,181.68,184.14,8602894
2427,2012-10-09 00:00:00+05:30,184.63,186.46,184.17,185.66,5781288
2428,2012-10-10 00:00:00+05:30,185.3,186.82,184.3,186.29,5996527
2429,2012-10-11 00:00:00+05:30,185.0,188.71,183.21,187.95,8793337
2430,2012-10-12 00:00:00+05:30,188.78,189.08,186.69,187.95,4883144
2431,2012-10-15 00:00:00+05:30,187.68,190.63,185.69,190.1,5152275
2432,2012-10-16 00:00:00+05:30,188.94,191.2,188.35,189.9,6833192
2433,2012-10-17 00:00:00+05:30,189.77,191.83,189.01,191.1,4378074
2434,2012-10-18 00:00:00+05:30,191.26,193.58,189.7,193.32,12710134
2435,2012-10-19 00:00:00+05:30,193.19,198.22,192.39,197.23,20224692
2436,2012-10-22 00:00:00+05:30,197.56,197.76,193.02,194.91,10990241
2437,2012-10-23 00:00:00+05:30,195.47,195.47,191.26,192.26,5300367
2438,2012-10-25 00:00:00+05:30,193.12,194.91,191.36,193.62,11914891
2439,2012-10-26 00:00:00+05:30,192.99,193.52,189.04,189.51,6254747
2440,2012-10-29 00:00:00+05:30,189.61,192.26,189.44,191.1,4441436
2441,2012-10-30 00:00:00+05:30,190.37,191.2,188.01,188.35,5177355
2442,2012-10-31 00:00:00+05:30,188.91,189.31,186.52,187.32,5701140
2443,2012-11-01 00:00:00+05:30,186.99,187.48,183.77,185.16,6572528
2444,2012-11-02 00:00:00+05:30,186.62,190.14,186.56,187.75,10677456
2445,2012-11-05 00:00:00+05:30,188.31,191.59,187.52,191.36,5836905
2446,2012-11-06 00:00:00+05:30,191.53,193.05,189.57,191.69,5815776
2447,2012-11-07 00:00:00+05:30,192.16,192.75,190.3,192.22,6319160
2448,2012-11-08 00:00:00+05:30,190.93,193.22,190.57,191.59,3746237
2449,2012-11-09 00:00:00+05:30,190.96,192.52,190.0,191.03,3808828
2450,2012-11-12 00:00:00+05:30,190.87,192.26,187.75,188.15,5331768
2452,2012-11-13 00:00:00+05:30,189.47,189.51,187.62,188.21,1005482
2453,2012-11-15 00:00:00+05:30,187.52,187.52,182.68,183.27,12207421
2454,2012-11-16 00:00:00+05:30,183.97,186.32,181.09,182.08,8208430
2455,2012-11-19 00:00:00+05:30,181.68,187.42,180.99,186.75,8227663
2456,2012-11-20 00:00:00+05:30,187.95,188.78,185.1,185.99,6718436
2457,2012-11-21 00:00:00+05:30,185.99,190.43,184.7,189.67,8277622
2458,2012-11-22 00:00:00+05:30,190.57,191.76,188.68,191.59,6132518
2459,2012-11-23 00:00:00+05:30,191.56,191.56,187.55,190.0,3801682
2460,2012-11-26 00:00:00+05:30,190.77,190.93,188.94,190.33,2143024
2461,2012-11-27 00:00:00+05:30,190.33,195.57,190.27,195.07,9345713
2462,2012-11-29 00:00:00+05:30,194.94,198.85,194.68,197.56,15523234
2463,2012-11-30 00:00:00+05:30,196.33,198.22,194.78,197.89,8566656
2464,2012-12-03 00:00:00+05:30,197.23,197.76,195.01,196.33,5488549
2465,2012-12-04 00:00:00+05:30,195.41,196.37,194.25,195.67,4626467
2466,2012-12-05 00:00:00+05:30,195.31,198.19,195.31,197.49,8914888
2467,2012-12-06 00:00:00+05:30,197.86,200.35,195.57,199.78,8858203
2468,2012-12-07 00:00:00+05:30,199.38,200.88,198.12,199.88,5125980
2469,2012-12-10 00:00:00+05:30,199.28,200.64,197.56,200.18,4062044
2470,2012-12-11 00:00:00+05:30,200.18,202.67,199.58,201.07,8551042
2471,2012-12-12 00:00:00+05:30,201.14,203.2,201.11,202.83,6977963
2472,2012-12-13 00:00:00+05:30,202.27,202.47,193.78,195.74,18416662
2473,2012-12-14 00:00:00+05:30,194.01,196.83,192.42,196.2,6712781
2474,2012-12-17 00:00:00+05:30,194.61,195.57,193.42,194.28,5678119
2475,2012-12-18 00:00:00+05:30,194.64,196.24,192.32,194.31,6357277
2476,2012-12-19 00:00:00+05:30,193.82,195.84,191.43,192.32,15196009
2477,2012-12-20 00:00:00+05:30,192.22,192.32,189.64,190.33,11467863
2478,2012-12-21 00:00:00+05:30,189.37,191.89,186.62,190.3,35541802
2479,2012-12-24 00:00:00+05:30,191.86,192.75,189.87,190.3,7327185
2480,2012-12-26 00:00:00+05:30,190.6,192.92,189.37,192.59,6477869
2481,2012-12-27 00:00:00+05:30,193.91,194.08,190.6,191.2,10653167
2482,2012-12-28 00:00:00+05:30,190.4,192.26,190.4,191.86,5076231
2483,2012-12-31 00:00:00+05:30,191.0,191.89,189.61,190.14,3423937
2484,2013-01-01 00:00:00+05:30,190.5,191.73,190.04,190.43,3982063
2485,2013-01-02 00:00:00+05:30,190.93,191.96,188.61,189.21,9795328
2486,2013-01-03 00:00:00+05:30,189.67,189.94,187.48,187.98,6524407
2487,2013-01-04 00:00:00+05:30,188.81,188.81,185.69,187.22,9042455
2488,2013-01-07 00:00:00+05:30,188.48,188.94,184.63,185.0,12167297
2489,2013-01-08 00:00:00+05:30,185.06,189.74,185.06,189.41,13434558
2490,2013-01-09 00:00:00+05:30,188.78,189.41,184.77,185.3,10669098
2491,2013-01-10 00:00:00+05:30,185.66,186.95,184.63,186.29,12519898
2492,2013-01-11 00:00:00+05:30,185.46,186.09,180.39,181.25,13911147
2493,2013-01-14 00:00:00+05:30,181.35,184.63,181.35,184.24,10276838
2494,2013-01-15 00:00:00+05:30,184.47,189.08,182.15,188.35,17807775
2495,2013-01-16 00:00:00+05:30,188.91,189.51,187.25,188.28,8931348
2496,2013-01-17 00:00:00+05:30,187.68,190.17,186.62,189.14,12209716
2497,2013-01-18 00:00:00+05:30,190.07,192.16,188.71,190.57,24557714
2498,2013-01-21 00:00:00+05:30,191.59,193.58,189.8,193.28,20156610
2499,2013-01-22 00:00:00+05:30,193.32,193.42,190.93,191.69,12640135
2500,2013-01-23 00:00:00+05:30,191.93,194.54,191.43,194.08,11721823
2501,2013-01-24 00:00:00+05:30,194.25,197.96,194.15,197.2,20116134
2502,2013-01-25 00:00:00+05:30,198.22,199.22,197.0,198.72,20651274
2503,2013-01-28 00:00:00+05:30,198.89,199.68,197.83,199.38,8345389
2504,2013-01-29 00:00:00+05:30,198.29,203.36,198.29,202.3,14330713
2505,2013-01-30 00:00:00+05:30,202.07,203.49,198.89,201.67,11138680
2506,2013-01-31 00:00:00+05:30,202.63,205.12,200.94,203.96,13790783
2507,2013-02-01 00:00:00+05:30,204.02,205.48,201.9,205.12,9906596
2508,2013-02-04 00:00:00+05:30,205.12,206.11,203.03,203.69,11610354
2509,2013-02-05 00:00:00+05:30,202.2,203.33,200.21,200.51,7980302
2510,2013-02-06 00:00:00+05:30,201.11,202.8,199.62,202.1,12330998
2511,2013-02-07 00:00:00+05:30,200.91,202.47,200.21,201.57,6476687
2512,2013-02-08 00:00:00+05:30,200.21,203.1,198.36,200.05,11290545
2513,2013-02-11 00:00:00+05:30,200.88,201.21,196.6,198.32,8051701
2514,2013-02-12 00:00:00+05:30,197.89,199.52,197.56,198.92,6626747
2515,2013-02-13 00:00:00+05:30,199.55,201.87,198.36,199.12,10594472
2516,2013-02-14 00:00:00+05:30,199.12,200.18,198.29,199.38,11560882
2517,2013-02-15 00:00:00+05:30,198.56,200.18,198.46,199.28,7008392
2518,2013-02-18 00:00:00+05:30,199.19,199.48,198.06,199.09,11202048
2519,2013-02-19 00:00:00+05:30,198.89,200.58,197.89,199.98,5588523
2520,2013-02-20 00:00:00+05:30,200.84,202.67,198.46,198.89,11077656
2522,2013-02-21 00:00:00+05:30,198.56,199.22,195.41,196.63,15478757
2523,2013-02-22 00:00:00+05:30,196.24,197.73,192.66,193.58,9779746
2524,2013-02-25 00:00:00+05:30,194.18,195.47,191.66,194.01,8252071
2525,2013-02-26 00:00:00+05:30,194.25,197.79,191.46,192.82,10622345
2526,2013-02-27 00:00:00+05:30,193.58,197.16,193.09,195.44,15952832
2527,2013-02-28 00:00:00+05:30,196.14,201.47,193.05,195.44,48343583
2528,2013-03-01 00:00:00+05:30,195.57,197.36,191.59,193.09,16860875
2529,2013-03-04 00:00:00+05:30,193.09,194.94,188.68,193.91,13727994
2530,2013-03-05 00:00:00+05:30,194.71,197.36,192.26,193.98,15225020
2531,2013-03-06 00:00:00+05:30,196.14,196.14,189.84,190.3,14403421
2532,2013-03-07 00:00:00+05:30,189.7,195.44,189.11,193.82,15833933
2533,2013-03-08 00:00:00+05:30,195.21,198.22,193.88,197.36,9024812
2534,2013-03-11 00:00:00+05:30,197.56,198.56,196.57,197.26,6630247
2535,2013-03-12 00:00:00+05:30,196.83,199.19,195.7,198.12,6036131
2536,2013-03-13 00:00:00+05:30,197.56,200.71,197.56,199.98,11207535
2537,2013-03-14 00:00:00+05:30,199.98,201.47,198.89,200.15,8280214
2538,2013-03-15 00:00:00+05:30,200.25,200.88,199.65,200.15,9436952
2539,2013-03-18 00:00:00+05:30,199.42,202.47,199.25,201.7,6060287
2540,2013-03-19 00:00:00+05:30,203.53,203.86,201.31,203.06,12761852
2541,2013-03-20 00:00:00+05:30,202.2,204.19,201.64,203.66,15227888
2542,2013-03-21 00:00:00+05:30,203.69,204.12,201.67,202.2,14061249
2543,2013-03-22 00:00:00+05:30,203.13,203.53,200.98,202.6,7699469
2544,2013-03-25 00:00:00+05:30,202.96,204.19,199.72,200.48,9199459
2545,2013-03-26 00:00:00+05:30,200.88,204.19,200.21,203.1,8976720
2546,2013-03-28 00:00:00+05:30,203.99,205.52,201.94,205.15,12478039
2547,2013-04-01 00:00:00+05:30,204.85,205.45,202.67,203.66,4059380
2548,2013-04-02 00:00:00+05:30,203.26,204.59,201.8,203.63,6130058
2549,2013-04-03 00:00:00+05:30,203.49,205.12,201.77,203.93,7238010
2550,2013-04-04 00:00:00+05:30,203.46,203.76,197.96,198.59,6659116
2551,2013-04-05 00:00:00+05:30,198.52,198.52,192.26,193.12,10561175
2552,2013-04-08 00:00:00+05:30,193.88,194.78,189.34,194.15,7556478
2553,2013-04-09 00:00:00+05:30,194.41,195.87,189.57,190.4,9315187
2554,2013-04-10 00:00:00+05:30,192.92,192.92,186.39,188.84,13420982
2555,2013-04-11 00:00:00+05:30,190.67,191.49,187.85,189.14,15278110
2556,2013-04-12 00:00:00+05:30,190.83,196.0,189.61,194.18,12941665
2557,2013-04-15 00:00:00+05:30,193.58,199.48,191.73,198.85,11249866
2558,2013-04-16 00:00:00+05:30,198.79,204.79,197.36,204.16,10081092
2559,2013-04-17 00:00:00+05:30,204.19,208.17,203.59,207.57,11273965
2560,2013-04-18 00:00:00+05:30,206.25,209.83,205.72,209.03,8825865
2561,2013-04-22 00:00:00+05:30,207.94,210.82,207.54,210.16,6824168
2562,2013-04-23 00:00:00+05:30,210.49,210.82,208.2,210.55,4370817
2563,2013-04-25 00:00:00+05:30,209.06,214.3,208.96,212.05,18560932
2564,2013-04-26 00:00:00+05:30,210.49,212.05,209.96,211.42,6455630
2565,2013-04-29 00:00:00+05:30,210.89,215.46,209.93,215.23,6204316
2566,2013-04-30 00:00:00+05:30,216.12,222.49,216.12,218.01,12815405
2567,2013-05-02 00:00:00+05:30,217.15,222.06,215.59,221.13,9189448
2568,2013-05-03 00:00:00+05:30,220.86,221.03,218.05,219.24,8680498
2569,2013-05-06 00:00:00+05:30,218.78,220.43,215.73,216.26,3957776
2570,2013-05-07 00:00:00+05:30,216.19,222.75,216.19,222.29,7669524
2571,2013-05-08 00:00:00+05:30,223.25,228.59,221.66,227.26,7132998
2572,2013-05-09 00:00:00+05:30,228.36,229.35,226.5,228.39,6004223
2573,2013-05-10 00:00:00+05:30,227.79,234.79,226.73,234.12,9901376
2574,2013-05-13 00:00:00+05:30,234.69,234.69,221.66,222.62,16419204
2575,2013-05-14 00:00:00+05:30,224.68,225.31,220.8,222.65,10203162
2576,2013-05-15 00:00:00+05:30,224.11,228.02,222.75,227.03,12404461
2577,2013-05-16 00:00:00+05:30,226.17,227.73,220.53,223.42,11077161
2578,2013-05-17 00:00:00+05:30,224.51,226.37,220.83,222.02,24402301
2579,2013-05-20 00:00:00+05:30,222.09,226.8,221.43,221.86,11083098
2580,2013-05-21 00:00:00+05:30,221.43,222.36,218.01,219.44,7706805
2581,2013-05-22 00:00:00+05:30,218.21,223.42,218.21,222.45,9757459
2582,2013-05-23 00:00:00+05:30,221.03,222.72,219.01,220.43,7726023
2583,2013-05-24 00:00:00+05:30,221.43,221.53,217.91,218.71,10614924
2584,2013-05-27 00:00:00+05:30,218.78,221.83,218.44,221.36,8008480
2585,2013-05-28 00:00:00+05:30,220.53,226.63,220.5,225.41,8197501
2586,2013-05-29 00:00:00+05:30,226.07,227.49,223.71,227.16,6836809
2587,2013-05-30 00:00:00+05:30,227.0,235.95,226.66,234.89,16890525
2588,2013-05-31 00:00:00+05:30,233.03,233.03,224.48,225.34,11126302
2589,2013-06-03 00:00:00+05:30,225.84,226.66,220.9,222.79,7278038
2590,2013-06-04 00:00:00+05:30,222.65,224.54,222.16,223.62,9254273
2591,2013-06-05 00:00:00+05:30,222.42,223.38,219.01,221.43,8365120
2592,2013-06-06 00:00:00+05:30,221.43,223.25,218.84,222.02,6394964
2593,2013-06-07 00:00:00+05:30,220.76,224.41,219.54,221.33,6522950
2594,2013-06-10 00:00:00+05:30,221.46,224.08,221.33,223.42,4775478
2595,2013-06-11 00:00:00+05:30,221.96,223.58,220.76,221.66,9871102
2596,2013-06-12 00:00:00+05:30,220.63,221.39,217.48,219.44,10105121
2597,2013-06-13 00:00:00+05:30,218.21,219.01,214.47,216.79,12352495
2598,2013-06-14 00:00:00+05:30,218.38,220.76,216.29,219.94,8107093
2599,2013-06-17 00:00:00+05:30,220.63,220.63,216.19,220.0,5108964
2600,2013-06-18 00:00:00+05:30,219.14,220.17,217.65,218.88,8104332
2601,2013-06-19 00:00:00+05:30,218.74,219.24,216.92,218.71,6809843
2602,2013-06-20 00:00:00+05:30,217.35,217.38,211.48,213.94,15620885
2603,2013-06-21 00:00:00+05:30,213.47,215.33,210.49,213.7,10081100
2604,2013-06-24 00:00:00+05:30,212.38,215.86,206.41,208.43,12685843
2605,2013-06-25 00:00:00+05:30,209.83,213.14,206.18,211.95,12458815
2606,2013-06-26 00:00:00+05:30,213.31,216.72,211.28,214.1,13188341
2607,2013-06-27 00:00:00+05:30,216.06,216.72,210.19,213.27,15447917
2608,2013-06-28 00:00:00+05:30,213.87,218.78,212.97,215.03,13819629
2609,2013-07-01 00:00:00+05:30,215.46,216.65,213.8,216.09,13293914
2610,2013-07-02 00:00:00+05:30,215.46,216.49,213.8,215.36,9031016
2611,2013-07-03 00:00:00+05:30,214.67,217.12,212.25,216.36,10135745
2612,2013-07-04 00:00:00+05:30,216.46,225.27,216.36,224.64,9645743
2613,2013-07-05 00:00:00+05:30,226.73,228.72,225.8,227.13,6815042
2614,2013-07-08 00:00:00+05:30,226.2,231.11,224.58,229.85,7952408
2615,2013-07-09 00:00:00+05:30,229.02,231.94,229.02,230.34,6940651
2616,2013-07-10 00:00:00+05:30,231.31,231.31,227.46,229.08,6719470
2617,2013-07-11 00:00:00+05:30,233.26,234.95,229.25,234.29,6915353
2618,2013-07-12 00:00:00+05:30,234.19,234.19,230.44,232.43,6394097
2619,2013-07-15 00:00:00+05:30,233.59,234.26,230.58,233.76,6656906
2620,2013-07-16 00:00:00+05:30,230.71,239.99,230.71,238.7,9762686
2621,2013-07-17 00:00:00+05:30,239.33,245.56,239.16,244.2,17965221
2622,2013-07-18 00:00:00+05:30,244.13,246.55,241.85,244.4,11436513
2623,2013-07-19 00:00:00+05:30,244.3,246.55,242.11,244.66,8103912
2624,2013-07-22 00:00:00+05:30,243.47,245.63,242.94,244.5,5949510
2625,2013-07-23 00:00:00+05:30,245.53,249.34,244.93,249.11,7412783
2626,2013-07-24 00:00:00+05:30,248.94,251.92,244.56,249.14,10686650
2627,2013-07-25 00:00:00+05:30,247.88,247.95,235.85,237.94,21235393
2628,2013-07-26 00:00:00+05:30,239.1,247.12,231.8,244.07,17561373
2629,2013-07-29 00:00:00+05:30,241.98,243.77,235.75,237.31,7964435
2630,2013-07-30 00:00:00+05:30,235.75,237.74,231.37,232.43,5585275
2631,2013-07-31 00:00:00+05:30,232.03,235.28,222.79,226.53,19964448
2632,2013-08-01 00:00:00+05:30,227.73,231.4,223.45,225.01,9546836
2633,2013-08-02 00:00:00+05:30,225.41,228.06,218.54,220.73,9044087
2634,2013-08-05 00:00:00+05:30,220.93,226.03,220.2,222.36,8635821
2635,2013-08-06 00:00:00+05:30,222.32,222.62,218.11,218.94,11109765
2636,2013-08-07 00:00:00+05:30,219.44,220.6,211.15,213.54,11836563
2637,2013-08-08 00:00:00+05:30,213.54,216.92,212.41,215.69,9115864
2638,2013-08-12 00:00:00+05:30,218.71,223.75,215.46,222.52,18346205
2639,2013-08-13 00:00:00+05:30,223.68,224.87,220.5,221.56,14909844
2640,2013-08-14 00:00:00+05:30,220.86,223.42,218.18,221.99,9639458
2641,2013-08-16 00:00:00+05:30,221.43,224.08,210.49,212.41,18002066
2642,2013-08-19 00:00:00+05:30,212.41,213.37,205.52,208.1,12379661
2643,2013-08-20 00:00:00+05:30,206.97,213.94,200.88,209.03,18708473
2644,2013-08-21 00:00:00+05:30,212.15,212.74,196.33,199.45,14922129
2645,2013-08-22 00:00:00+05:30,199.55,205.98,192.26,204.16,20115054
2646,2013-08-23 00:00:00+05:30,204.65,205.42,199.58,204.52,14739127
2647,2013-08-26 00:00:00+05:30,205.68,207.27,202.9,203.86,8696437
2648,2013-08-27 00:00:00+05:30,203.03,203.36,192.69,197.49,17306206
2649,2013-08-28 00:00:00+05:30,196.24,202.07,189.08,197.69,20711260
2650,2013-08-29 00:00:00+05:30,198.69,204.85,195.57,202.57,17358513
2651,2013-08-30 00:00:00+05:30,202.86,206.84,198.89,204.65,17055787
2652,2013-09-02 00:00:00+05:30,205.52,214.67,204.72,212.41,13712036
2653,2013-09-03 00:00:00+05:30,213.07,214.57,195.97,199.35,20205511
2654,2013-09-04 00:00:00+05:30,202.2,202.2,194.64,198.79,20956116
2655,2013-09-05 00:00:00+05:30,204.02,209.76,203.86,206.94,13624506
2656,2013-09-06 00:00:00+05:30,207.51,211.35,205.72,209.76,11033587
2657,2013-09-10 00:00:00+05:30,212.15,224.34,211.48,222.69,18161722
2658,2013-09-11 00:00:00+05:30,222.75,223.42,216.82,218.74,11302903
2659,2013-09-12 00:00:00+05:30,219.94,224.68,218.28,223.08,16206450
2660,2013-09-13 00:00:00+05:30,223.98,224.68,218.74,219.67,11005878
2661,2013-09-16 00:00:00+05:30,222.12,224.74,219.01,221.39,10647882
2662,2013-09-17 00:00:00+05:30,220.17,225.27,219.8,224.54,6579112
2663,2013-09-18 00:00:00+05:30,226.07,228.72,224.87,227.76,10132797
2664,2013-09-19 00:00:00+05:30,230.97,236.34,230.87,235.65,14783788
2665,2013-09-20 00:00:00+05:30,235.28,237.34,229.58,235.55,12846745
2666,2013-09-23 00:00:00+05:30,232.76,236.68,229.81,231.94,7868918
2667,2013-09-24 00:00:00+05:30,230.24,234.45,228.85,231.34,12601378
2668,2013-09-25 00:00:00+05:30,231.7,232.03,223.32,228.55,10854720
2669,2013-09-26 00:00:00+05:30,227.59,232.03,226.07,231.57,11848273
2670,2013-09-27 00:00:00+05:30,232.63,232.63,228.75,230.64,8281048
2671,2013-09-30 00:00:00+05:30,228.95,229.71,224.31,225.67,8331927
2672,2013-10-01 00:00:00+05:30,225.64,227.73,224.08,227.39,6400640
2673,2013-10-03 00:00:00+05:30,229.38,229.38,223.42,224.58,11574526
2674,2013-10-04 00:00:00+05:30,224.58,226.57,222.32,225.31,6663286
2675,2013-10-07 00:00:00+05:30,224.68,226.03,220.1,225.44,7841255
2676,2013-10-08 00:00:00+05:30,226.9,231.14,225.14,230.48,8390908
2677,2013-10-09 00:00:00+05:30,230.38,232.37,227.76,231.07,7784351
2678,2013-10-10 00:00:00+05:30,229.85,232.57,228.52,230.15,5129635
2679,2013-10-11 00:00:00+05:30,231.11,232.0,225.87,226.86,5345365
2680,2013-10-14 00:00:00+05:30,227.73,227.73,224.51,225.27,4019939
2681,2013-10-15 00:00:00+05:30,224.74,227.26,221.0,225.41,7515369
2682,2013-10-17 00:00:00+05:30,225.41,229.71,224.87,229.05,6741907
2683,2013-10-18 00:00:00+05:30,230.51,236.08,228.82,235.05,11753056
2684,2013-10-21 00:00:00+05:30,235.35,236.01,227.39,228.52,9770461
2685,2013-10-22 00:00:00+05:30,227.0,228.59,225.74,226.43,6527041
2686,2013-10-23 00:00:00+05:30,226.83,228.39,224.41,226.47,7096187
2687,2013-10-24 00:00:00+05:30,227.0,230.94,225.54,227.23,9660388
2688,2013-10-25 00:00:00+05:30,228.65,230.05,222.75,225.44,8802364
2689,2013-10-28 00:00:00+05:30,224.08,224.08,216.32,217.42,20201299
2690,2013-10-29 00:00:00+05:30,216.99,220.13,214.13,217.38,17061022
2691,2013-10-30 00:00:00+05:30,218.44,221.1,215.83,220.83,15703247
2692,2013-10-31 00:00:00+05:30,219.67,223.08,219.01,222.09,16451844
2693,2013-11-01 00:00:00+05:30,220.86,221.43,216.79,217.48,10340525
2694,2013-11-05 00:00:00+05:30,218.18,218.71,210.89,211.48,19512888
2695,2013-11-06 00:00:00+05:30,212.15,213.84,210.29,211.28,9105283
2696,2013-11-07 00:00:00+05:30,211.52,214.67,208.83,212.44,10819571
2697,2013-11-08 00:00:00+05:30,212.71,214.6,210.29,211.85,6661991
2698,2013-11-11 00:00:00+05:30,210.75,213.41,207.57,209.93,9415741
2699,2013-11-12 00:00:00+05:30,210.82,212.74,210.02,212.08,6387641
2700,2013-11-13 00:00:00+05:30,212.15,212.15,207.84,208.27,7396812
2701,2013-11-14 00:00:00+05:30,206.84,210.82,206.84,208.47,6432989
2702,2013-11-18 00:00:00+05:30,209.49,216.79,209.49,216.19,12527788
2703,2013-11-19 00:00:00+05:30,216.72,217.22,213.8,214.47,7184034
2704,2013-11-20 00:00:00+05:30,214.37,216.02,212.15,212.64,11257582
2705,2013-11-21 00:00:00+05:30,211.68,212.15,206.25,207.47,9989582
2706,2013-11-22 00:00:00+05:30,208.8,209.43,204.02,204.65,8951778
2707,2013-11-25 00:00:00+05:30,206.41,210.09,206.18,209.63,6516743
2708,2013-11-26 00:00:00+05:30,209.0,209.63,204.89,206.01,10219497
2709,2013-11-27 00:00:00+05:30,204.89,208.96,204.89,208.27,7364243
2710,2013-11-28 00:00:00+05:30,209.49,210.02,206.84,207.84,10173408
2711,2013-11-29 00:00:00+05:30,207.54,212.81,207.54,212.41,7474748
2712,2013-12-02 00:00:00+05:30,212.78,214.6,211.25,213.14,5085721
2713,2013-12-03 00:00:00+05:30,213.44,213.44,210.46,211.62,5571163
2714,2013-12-04 00:00:00+05:30,211.48,211.75,206.74,207.41,6589582
2715,2013-12-05 00:00:00+05:30,209.49,211.12,203.89,204.69,15412301
2716,2013-12-06 00:00:00+05:30,205.35,207.07,204.49,206.21,12720281
2717,2013-12-09 00:00:00+05:30,209.49,210.55,205.95,207.54,9375437
2718,2013-12-10 00:00:00+05:30,207.67,211.15,207.51,210.75,16106652
2719,2013-12-11 00:00:00+05:30,210.16,213.31,210.16,212.71,10507281
2720,2013-12-12 00:00:00+05:30,212.71,213.47,209.3,210.02,6252730
2721,2013-12-13 00:00:00+05:30,209.23,210.49,207.07,209.03,7155215
2722,2013-12-16 00:00:00+05:30,208.4,208.83,205.98,207.37,6392975
2723,2013-12-17 00:00:00+05:30,208.73,209.39,206.91,209.03,8170756
2725,2013-12-18 00:00:00+05:30,209.03,210.59,207.37,209.2,11976702
2726,2013-12-19 00:00:00+05:30,210.16,210.49,206.25,207.94,11225010
2727,2013-12-20 00:00:00+05:30,208.17,209.43,205.75,208.96,15025757
2728,2013-12-23 00:00:00+05:30,208.96,212.08,208.73,211.62,8737717
2729,2013-12-24 00:00:00+05:30,211.98,212.15,210.49,211.52,6601421
2730,2013-12-26 00:00:00+05:30,211.55,213.07,210.62,212.31,15461162
2731,2013-12-27 00:00:00+05:30,212.81,214.57,212.15,213.77,8181660
2732,2013-12-30 00:00:00+05:30,213.47,214.8,212.15,213.74,5758993
2733,2013-12-31 00:00:00+05:30,214.13,214.8,212.34,213.37,5206773
2734,2014-01-01 00:00:00+05:30,213.67,214.4,212.88,213.74,1859277
2735,2014-01-02 00:00:00+05:30,213.7,215.46,208.37,208.8,6784783
2736,2014-01-03 00:00:00+05:30,208.83,209.49,205.75,208.67,11999871
2737,2014-01-06 00:00:00+05:30,208.83,209.96,207.84,209.26,8155123
2738,2014-01-07 00:00:00+05:30,209.83,210.42,207.34,209.96,7779134
2739,2014-01-08 00:00:00+05:30,210.49,210.82,208.0,210.06,7475483
2740,2014-01-09 00:00:00+05:30,209.96,209.96,207.27,209.23,7663865
2741,2014-01-10 00:00:00+05:30,210.62,215.13,208.17,213.87,9187303
2742,2014-01-13 00:00:00+05:30,214.53,216.32,213.87,215.76,6358393
2743,2014-01-14 00:00:00+05:30,216.12,218.78,214.7,215.1,7568297
2744,2014-01-15 00:00:00+05:30,215.53,218.44,213.04,218.01,8848780
2745,2014-01-16 00:00:00+05:30,218.11,219.37,214.57,215.79,4745585
2746,2014-01-17 00:00:00+05:30,216.12,217.45,213.8,215.36,11277886
2747,2014-01-20 00:00:00+05:30,215.13,219.11,214.2,218.91,8607177
2748,2014-01-21 00:00:00+05:30,218.94,220.33,217.78,218.15,6975026
2749,2014-01-22 00:00:00+05:30,217.78,217.95,214.0,217.02,11368404
2750,2014-01-23 00:00:00+05:30,216.36,218.78,215.66,218.08,6293116
2751,2014-01-24 00:00:00+05:30,217.38,219.04,214.4,214.96,5127519
2752,2014-01-27 00:00:00+05:30,212.48,215.79,211.25,214.93,9243973
2753,2014-01-28 00:00:00+05:30,214.9,217.42,211.42,216.55,13114553
2754,2014-01-29 00:00:00+05:30,216.99,217.78,214.93,215.46,9125375
2755,2014-01-30 00:00:00+05:30,213.17,215.92,210.82,215.2,15342445
2756,2014-01-31 00:00:00+05:30,215.39,215.92,213.54,215.53,9381577
2757,2014-02-03 00:00:00+05:30,213.9,215.3,211.95,212.34,6615349
2758,2014-02-04 00:00:00+05:30,211.15,215.96,209.43,215.39,12881437
2759,2014-02-05 00:00:00+05:30,213.8,215.3,210.49,211.45,9123967
2760,2014-02-06 00:00:00+05:30,212.15,215.66,209.83,215.16,11600992
2761,2014-02-07 00:00:00+05:30,216.79,216.79,212.28,214.43,11930073
2762,2014-02-10 00:00:00+05:30,213.84,215.69,212.81,215.46,6820138
2763,2014-02-11 00:00:00+05:30,214.86,216.29,213.84,215.53,7577664
2764,2014-02-12 00:00:00+05:30,215.79,216.79,211.48,212.51,9120985
2765,2014-02-13 00:00:00+05:30,212.61,214.13,209.0,210.09,4144250
2766,2014-02-14 00:00:00+05:30,210.89,212.34,208.63,212.01,5808106
2767,2014-02-17 00:00:00+05:30,212.81,213.64,210.52,212.21,4950969
2768,2014-02-18 00:00:00+05:30,212.15,213.17,209.59,210.09,5848972
2769,2014-02-19 00:00:00+05:30,210.69,211.38,209.56,209.93,3234814
2770,2014-02-20 00:00:00+05:30,209.49,210.12,206.44,206.74,6814762
2771,2014-02-21 00:00:00+05:30,207.84,210.72,207.24,210.55,6881251
2772,2014-02-24 00:00:00+05:30,209.49,212.48,209.49,212.18,4149389
2773,2014-02-25 00:00:00+05:30,211.55,213.74,211.55,213.44,5354053
2774,2014-02-26 00:00:00+05:30,214.0,218.68,213.8,217.95,11931961
2775,2014-02-28 00:00:00+05:30,215.43,220.1,215.43,217.22,11908638
2776,2014-03-03 00:00:00+05:30,217.32,219.41,216.16,218.25,9397136
2777,2014-03-04 00:00:00+05:30,219.04,221.43,217.58,219.87,9292987
2778,2014-03-05 00:00:00+05:30,219.94,221.39,218.41,220.96,6070310
2779,2014-03-06 00:00:00+05:30,220.57,222.19,219.01,221.79,5680848
2780,2014-03-07 00:00:00+05:30,220.17,225.01,219.44,224.18,20048745
2781,2014-03-10 00:00:00+05:30,222.75,224.08,221.59,222.49,9000370
2782,2014-03-11 00:00:00+05:30,222.36,222.95,217.98,221.43,9007792
2783,2014-03-12 00:00:00+05:30,221.63,227.39,221.59,226.07,10328975
2784,2014-03-13 00:00:00+05:30,226.3,229.91,226.27,227.66,6025213
2785,2014-03-14 00:00:00+05:30,226.8,230.81,225.41,230.18,6641651
2786,2014-03-18 00:00:00+05:30,232.03,236.68,230.48,235.95,13239234
2787,2014-03-19 00:00:00+05:30,236.01,238.66,235.71,238.47,8512440
2788,2014-03-20 00:00:00+05:30,237.7,237.7,233.56,235.88,11044584
2789,2014-03-21 00:00:00+05:30,236.34,237.8,233.73,237.14,10778651
2790,2014-03-24 00:00:00+05:30,236.05,240.85,235.58,239.1,10542518
2791,2014-03-25 00:00:00+05:30,238.0,241.98,237.8,240.52,8674059
2792,2014-03-26 00:00:00+05:30,240.65,241.02,234.52,238.03,14587474
2793,2014-03-27 00:00:00+05:30,238.0,240.45,236.05,238.6,25478691
2795,2014-03-28 00:00:00+05:30,239.66,239.66,234.69,237.64,9372790
2796,2014-03-31 00:00:00+05:30,238.1,239.33,231.8,233.92,11999370
2797,2014-04-01 00:00:00+05:30,234.36,234.42,229.28,233.33,9875081
2798,2014-04-02 00:00:00+05:30,233.76,234.02,225.64,228.29,25116389
2799,2014-04-03 00:00:00+05:30,228.45,230.48,225.9,229.32,10361121
2800,2014-04-04 00:00:00+05:30,229.98,231.24,226.93,228.55,10310547
2801,2014-04-07 00:00:00+05:30,228.55,229.91,225.84,229.02,11313186
2802,2014-04-09 00:00:00+05:30,229.12,231.7,227.39,230.68,9052312
2803,2014-04-10 00:00:00+05:30,230.84,231.84,227.39,227.96,10623768
2804,2014-04-11 00:00:00+05:30,227.26,228.59,225.64,227.73,11682087
2805,2014-04-15 00:00:00+05:30,227.2,228.02,223.22,226.03,6933707
2806,2014-04-16 00:00:00+05:30,226.03,230.48,226.03,229.42,6535502
2807,2014-04-17 00:00:00+05:30,230.18,234.52,228.06,234.19,8211261
2808,2014-04-21 00:00:00+05:30,233.63,235.81,231.44,234.29,6625580
2809,2014-04-22 00:00:00+05:30,233.96,234.72,231.4,232.53,4956245
2810,2014-04-23 00:00:00+05:30,233.36,235.35,231.07,234.16,11323405
2811,2014-04-25 00:00:00+05:30,234.49,236.01,227.06,227.69,6860332
2812,2014-04-28 00:00:00+05:30,229.02,229.02,225.41,226.73,7286192
2813,2014-04-29 00:00:00+05:30,226.07,227.33,224.41,225.6,6433298
2814,2014-04-30 00:00:00+05:30,225.6,228.69,224.48,225.9,6455705
2815,2014-05-02 00:00:00+05:30,226.13,227.06,225.41,225.57,4343340
2816,2014-05-05 00:00:00+05:30,225.74,229.05,225.74,228.52,6559871
2817,2014-05-06 00:00:00+05:30,229.38,232.7,228.92,230.68,7488024
2818,2014-05-07 00:00:00+05:30,230.71,232.3,229.05,229.81,7036539
2819,2014-05-08 00:00:00+05:30,230.05,230.61,225.8,226.83,8314260
2820,2014-05-09 00:00:00+05:30,227.26,231.5,226.23,229.08,7906473
2821,2014-05-12 00:00:00+05:30,228.95,238.66,228.72,238.1,11111490
2822,2014-05-13 00:00:00+05:30,238.66,241.88,237.34,239.23,11042193
2823,2014-05-14 00:00:00+05:30,239.53,244.63,239.53,242.41,10312376
2824,2014-05-15 00:00:00+05:30,242.41,245.09,241.42,244.07,9562243
2825,2014-05-16 00:00:00+05:30,245.16,256.9,233.69,236.64,38847019
2826,2014-05-19 00:00:00+05:30,238.66,239.33,223.08,224.15,24233843
2827,2014-05-20 00:00:00+05:30,226.73,235.35,221.79,225.97,9241520
2828,2014-05-21 00:00:00+05:30,225.11,227.33,224.54,226.5,10660242
2829,2014-05-22 00:00:00+05:30,227.39,230.38,225.64,229.25,10526996
2830,2014-05-23 00:00:00+05:30,231.37,231.5,225.87,227.46,9985090
2831,2014-05-26 00:00:00+05:30,229.25,230.58,225.5,228.49,12332126
2832,2014-05-27 00:00:00+05:30,228.72,230.44,226.86,227.92,6847921
2833,2014-05-28 00:00:00+05:30,228.06,228.19,225.8,227.29,6250381
2834,2014-05-29 00:00:00+05:30,228.72,230.71,225.67,227.06,15314612
2835,2014-05-30 00:00:00+05:30,228.59,228.59,222.85,226.57,11046871
2836,2014-06-02 00:00:00+05:30,226.73,227.46,222.36,223.18,10862324
2837,2014-06-03 00:00:00+05:30,220.96,222.42,219.44,221.03,10778003
2838,2014-06-04 00:00:00+05:30,220.43,221.29,217.95,219.41,15073865
2839,2014-06-05 00:00:00+05:30,219.47,222.69,216.12,221.26,21187697
2840,2014-06-06 00:00:00+05:30,222.09,224.64,220.8,223.22,15429998
2841,2014-06-09 00:00:00+05:30,224.48,225.97,222.29,224.05,12047732
2842,2014-06-10 00:00:00+05:30,224.74,225.37,221.79,223.65,8485179
2843,2014-06-11 00:00:00+05:30,224.74,225.21,219.11,220.96,16938912
2844,2014-06-12 00:00:00+05:30,221.43,222.89,219.54,221.49,9816670
2845,2014-06-13 00:00:00+05:30,223.32,223.32,220.0,220.5,8104422
2846,2014-06-16 00:00:00+05:30,221.59,223.68,220.63,222.89,9772753
2847,2014-06-17 00:00:00+05:30,222.72,224.18,221.66,222.79,5872392
2848,2014-06-18 00:00:00+05:30,223.05,223.28,220.27,220.73,6610936
2849,2014-06-19 00:00:00+05:30,221.99,223.35,220.9,222.92,8462634
2850,2014-06-20 00:00:00+05:30,223.08,224.24,221.03,222.55,6731207
2851,2014-06-23 00:00:00+05:30,222.09,222.09,207.17,208.8,32138778
2852,2014-06-24 00:00:00+05:30,208.83,213.94,208.83,212.48,17407471
2853,2014-06-25 00:00:00+05:30,211.55,211.95,209.16,209.53,13070750
2854,2014-06-26 00:00:00+05:30,208.83,210.72,207.84,209.66,13153374
2855,2014-06-27 00:00:00+05:30,210.16,212.78,209.56,211.98,11015688
2856,2014-06-30 00:00:00+05:30,212.54,217.05,212.51,215.49,21486547
2857,2014-07-01 00:00:00+05:30,217.18,217.18,214.8,215.59,14407860
2858,2014-07-02 00:00:00+05:30,216.22,218.91,215.79,218.34,8960911
2859,2014-07-03 00:00:00+05:30,218.44,220.53,217.98,219.67,9740800
2860,2014-07-04 00:00:00+05:30,220.23,222.16,218.74,221.03,10311198
2861,2014-07-07 00:00:00+05:30,221.03,222.75,218.58,221.96,16395936
2862,2014-07-08 00:00:00+05:30,221.43,223.71,219.77,222.62,15217699
2863,2014-07-09 00:00:00+05:30,223.08,227.39,222.55,226.4,25287186
2864,2014-07-10 00:00:00+05:30,225.77,231.37,223.42,226.83,40856774
2865,2014-07-11 00:00:00+05:30,228.72,232.37,227.39,229.32,13902096
2866,2014-07-14 00:00:00+05:30,230.21,231.57,226.27,228.69,6656302
2867,2014-07-15 00:00:00+05:30,229.05,230.68,226.33,226.96,5685075
2868,2014-07-16 00:00:00+05:30,226.53,228.85,225.41,228.19,8279292
2869,2014-07-17 00:00:00+05:30,227.46,229.38,227.13,228.22,5495281
2870,2014-07-18 00:00:00+05:30,227.39,230.05,226.53,228.12,5874286
2871,2014-07-21 00:00:00+05:30,228.72,232.03,228.12,231.94,7874082
2872,2014-07-22 00:00:00+05:30,232.7,234.59,231.84,233.96,7846577
2873,2014-07-23 00:00:00+05:30,234.36,235.35,231.47,234.45,7746572
2874,2014-07-24 00:00:00+05:30,234.69,236.74,233.69,236.31,6045218
2875,2014-07-25 00:00:00+05:30,236.68,238.13,233.63,236.87,8180895
2876,2014-07-28 00:00:00+05:30,235.52,237.5,235.08,236.81,4329462
2877,2014-07-30 00:00:00+05:30,238.93,241.65,237.27,238.17,11409486
2878,2014-07-31 00:00:00+05:30,237.34,238.66,234.69,236.05,9879443
2879,2014-08-01 00:00:00+05:30,236.01,237.31,230.81,231.74,9191591
2880,2014-08-04 00:00:00+05:30,234.69,235.35,231.57,235.02,6235052
2881,2014-08-05 00:00:00+05:30,236.01,236.81,231.07,236.01,4787262
2882,2014-08-06 00:00:00+05:30,234.95,235.58,228.12,229.42,7367190
2883,2014-08-07 00:00:00+05:30,229.61,232.47,227.69,229.55,4738241
2884,2014-08-08 00:00:00+05:30,228.89,231.7,227.53,231.07,4225511
2885,2014-08-11 00:00:00+05:30,232.37,233.26,229.42,230.51,5387508
2886,2014-08-12 00:00:00+05:30,231.84,231.84,227.73,230.08,4187211
2887,2014-08-13 00:00:00+05:30,231.7,237.34,230.38,236.87,10389791
2888,2014-08-14 00:00:00+05:30,236.58,239.89,235.35,236.58,6623317
2889,2014-08-18 00:00:00+05:30,235.08,235.35,229.75,232.47,6957293
2890,2014-08-19 00:00:00+05:30,232.7,233.59,230.28,231.11,7754099
2891,2014-08-20 00:00:00+05:30,232.7,232.7,227.99,228.69,6836212
2892,2014-08-21 00:00:00+05:30,228.69,230.71,228.22,229.48,6004457
2893,2014-08-22 00:00:00+05:30,229.55,230.61,226.43,227.82,6859712
2894,2014-08-25 00:00:00+05:30,229.85,232.03,227.79,231.57,4054655
2895,2014-08-26 00:00:00+05:30,232.0,234.55,231.74,233.66,5938161
2896,2014-08-27 00:00:00+05:30,234.45,235.28,232.93,233.59,7142175
2897,2014-08-28 00:00:00+05:30,233.36,236.68,233.26,235.55,12613726
2898,2014-09-01 00:00:00+05:30,237.34,237.34,231.8,232.4,7068479
2899,2014-09-02 00:00:00+05:30,232.37,236.15,231.37,235.15,7335486
2900,2014-09-03 00:00:00+05:30,235.55,235.81,230.91,231.31,9825793
2901,2014-09-04 00:00:00+05:30,231.77,233.92,231.44,232.3,8789430
2902,2014-09-05 00:00:00+05:30,232.43,233.36,230.94,232.57,7310417
2903,2014-09-08 00:00:00+05:30,234.02,235.35,232.2,234.65,6320083
2904,2014-09-09 00:00:00+05:30,232.7,238.4,232.7,237.47,5794234
2905,2014-09-10 00:00:00+05:30,236.68,236.68,232.53,232.73,10109718
2906,2014-09-11 00:00:00+05:30,232.73,233.99,231.7,232.83,8812386
2907,2014-09-12 00:00:00+05:30,232.83,237.31,232.8,235.78,8148618
2908,2014-09-15 00:00:00+05:30,234.98,235.35,232.03,233.16,6346990
2909,2014-09-16 00:00:00+05:30,233.1,235.55,232.03,234.12,7795106
2910,2014-09-17 00:00:00+05:30,234.36,237.67,233.23,235.18,9334300
2911,2014-09-18 00:00:00+05:30,235.42,238.0,234.16,237.8,6350018
2912,2014-09-19 00:00:00+05:30,237.34,239.19,234.82,238.27,8325954
2913,2014-09-22 00:00:00+05:30,238.0,246.62,236.94,245.79,12629144
2914,2014-09-23 00:00:00+05:30,245.29,248.54,243.84,245.82,13675446
2915,2014-09-24 00:00:00+05:30,245.69,251.26,245.56,250.07,10118615
2916,2014-09-25 00:00:00+05:30,250.27,251.86,246.82,249.7,13116534
2917,2014-09-26 00:00:00+05:30,248.31,249.57,244.37,246.42,10181724
2918,2014-09-29 00:00:00+05:30,245.76,247.22,241.65,242.71,3012728
2919,2014-09-30 00:00:00+05:30,241.58,246.88,240.65,245.43,9817181
2920,2014-10-01 00:00:00+05:30,245.29,245.29,240.89,241.38,3939644
2921,2014-10-07 00:00:00+05:30,240.45,242.91,237.4,240.49,9716905
2922,2014-10-08 00:00:00+05:30,240.65,243.93,240.16,242.44,8339845
2923,2014-10-09 00:00:00+05:30,242.68,244.17,241.22,242.31,5978506
2924,2014-10-10 00:00:00+05:30,241.71,242.18,233.59,234.09,5166787
2925,2014-10-13 00:00:00+05:30,233.96,233.96,230.18,232.4,5505444
2927,2014-10-14 00:00:00+05:30,232.4,233.36,227.73,230.05,7805028
2928,2014-10-16 00:00:00+05:30,228.72,234.36,227.69,233.66,12754616
2929,2014-10-17 00:00:00+05:30,233.29,238.6,232.93,234.65,11275140
2930,2014-10-20 00:00:00+05:30,235.35,237.24,232.57,233.36,8036827
2931,2014-10-21 00:00:00+05:30,233.43,233.96,230.71,232.93,6476903
2932,2014-10-22 00:00:00+05:30,233.66,234.02,231.04,231.37,8138407
2933,2014-10-23 00:00:00+05:30,232.1,232.9,231.47,232.3,703907
2934,2014-10-27 00:00:00+05:30,232.86,232.96,230.71,231.74,5609770
2935,2014-10-28 00:00:00+05:30,232.86,233.23,231.27,232.13,4912703
2936,2014-10-29 00:00:00+05:30,233.96,235.35,232.23,234.98,6893189
2937,2014-10-30 00:00:00+05:30,234.09,237.17,233.03,235.28,14854645
2938,2014-10-31 00:00:00+05:30,236.58,238.66,233.53,235.48,14774251
2939,2014-11-03 00:00:00+05:30,236.61,237.11,234.16,235.65,7441368
2940,2014-11-05 00:00:00+05:30,235.81,238.53,235.68,238.1,7591856
2941,2014-11-07 00:00:00+05:30,237.57,239.0,234.02,235.78,9335210
2942,2014-11-10 00:00:00+05:30,236.01,246.95,235.81,246.42,23584351
2943,2014-11-11 00:00:00+05:30,245.49,246.75,240.35,241.38,7215483
2944,2014-11-12 00:00:00+05:30,241.48,245.29,241.42,244.96,6646198
2945,2014-11-13 00:00:00+05:30,245.86,245.86,242.87,244.2,4851966
2946,2014-11-14 00:00:00+05:30,244.03,245.72,243.54,244.76,7479950
2947,2014-11-17 00:00:00+05:30,244.63,246.26,241.71,245.43,5988076
2948,2014-11-18 00:00:00+05:30,244.8,246.42,243.64,245.46,9536711
2949,2014-11-19 00:00:00+05:30,245.46,250.1,243.04,243.87,12718907
2950,2014-11-20 00:00:00+05:30,244.63,246.22,244.03,245.33,5063121
2951,2014-11-21 00:00:00+05:30,245.39,249.74,245.0,249.37,6646483
2952,2014-11-24 00:00:00+05:30,246.62,249.24,246.62,248.58,8574394
2953,2014-11-25 00:00:00+05:30,248.08,251.13,231.14,235.61,25213140
2954,2014-11-26 00:00:00+05:30,237.67,242.84,237.4,240.92,21441614
2955,2014-11-27 00:00:00+05:30,240.09,240.95,235.52,239.06,15975541
2956,2014-11-28 00:00:00+05:30,239.06,242.64,238.66,240.75,10463490
2957,2014-12-01 00:00:00+05:30,240.09,243.27,240.09,241.71,8216881
2958,2014-12-02 00:00:00+05:30,241.58,243.24,241.05,242.51,8593434
2959,2014-12-03 00:00:00+05:30,242.64,242.64,236.74,240.82,7861826
2960,2014-12-04 00:00:00+05:30,247.32,254.58,247.32,254.01,26675338
2961,2014-12-05 00:00:00+05:30,253.91,259.88,253.68,259.45,16281645
2962,2014-12-08 00:00:00+05:30,260.67,264.98,260.08,263.72,15081607
2963,2014-12-09 00:00:00+05:30,264.19,265.18,259.75,261.44,13880760
2964,2014-12-10 00:00:00+05:30,262.36,262.86,256.13,261.87,9291812
2965,2014-12-11 00:00:00+05:30,261.87,264.49,258.88,262.93,10808724
2966,2014-12-12 00:00:00+05:30,262.53,265.38,260.54,262.33,8706592
2967,2014-12-15 00:00:00+05:30,261.87,264.98,259.51,260.24,8571774
2968,2014-12-16 00:00:00+05:30,257.89,258.55,250.53,252.32,13550537
2969,2014-12-17 00:00:00+05:30,250.3,255.04,243.04,246.49,15643604
2970,2014-12-18 00:00:00+05:30,250.93,250.93,241.98,248.51,6259339
2971,2014-12-19 00:00:00+05:30,249.24,249.24,243.64,244.5,9425558
2972,2014-12-22 00:00:00+05:30,245.03,250.73,244.63,248.01,16791747
2973,2014-12-23 00:00:00+05:30,247.91,250.27,247.15,248.38,5067313
2974,2014-12-24 00:00:00+05:30,248.28,250.9,243.47,246.22,20624697
2975,2014-12-26 00:00:00+05:30,247.22,247.22,242.91,243.93,2913865
2976,2014-12-29 00:00:00+05:30,243.37,246.26,243.3,245.19,3306203
2977,2014-12-30 00:00:00+05:30,245.46,246.26,243.5,244.17,3161437
2978,2014-12-31 00:00:00+05:30,244.6,245.69,243.64,244.43,3682547
2979,2015-01-01 00:00:00+05:30,245.07,245.93,244.0,244.77,2538978
2980,2015-01-02 00:00:00+05:30,244.83,246.77,244.83,245.53,6599676
2981,2015-01-05 00:00:00+05:30,245.8,247.87,245.03,246.5,8238987
2982,2015-01-06 00:00:00+05:30,245.77,246.27,239.33,240.17,13093040
2983,2015-01-07 00:00:00+05:30,238.0,242.67,235.33,235.7,11960580
2984,2015-01-08 00:00:00+05:30,236.97,242.23,236.97,241.6,8449164
2985,2015-01-09 00:00:00+05:30,242.07,243.9,235.4,237.93,10808513
2986,2015-01-12 00:00:00+05:30,238.3,240.9,237.4,238.57,9868950
2987,2015-01-13 00:00:00+05:30,238.93,241.13,238.2,240.07,11623503
2988,2015-01-14 00:00:00+05:30,239.8,239.8,230.73,231.87,16224852
2989,2015-01-15 00:00:00+05:30,235.4,239.93,233.93,238.6,16047717
2990,2015-01-16 00:00:00+05:30,238.97,241.3,236.23,240.07,10813589
2991,2015-01-19 00:00:00+05:30,240.0,241.17,237.33,239.2,6853235
2992,2015-01-20 00:00:00+05:30,239.4,247.9,238.73,247.4,12014673
2993,2015-01-21 00:00:00+05:30,248.63,248.63,232.8,235.13,32448215
2995,2015-01-22 00:00:00+05:30,235.33,239.87,232.57,233.77,29627576
2996,2015-01-23 00:00:00+05:30,235.63,237.3,232.53,232.97,16747499
2997,2015-01-27 00:00:00+05:30,233.33,240.67,232.9,240.1,25255862
2998,2015-01-28 00:00:00+05:30,240.0,242.3,238.37,241.53,12317799
2999,2015-01-29 00:00:00+05:30,242.0,248.0,240.0,246.8,21093768
3000,2015-01-30 00:00:00+05:30,246.67,248.0,242.43,245.7,13917158
3001,2015-02-02 00:00:00+05:30,244.67,246.13,239.6,240.43,8493861
3002,2015-02-03 00:00:00+05:30,240.97,244.67,240.97,244.03,6298908
3003,2015-02-04 00:00:00+05:30,245.0,247.0,243.57,245.07,5807210
3004,2015-02-05 00:00:00+05:30,243.93,248.07,242.47,245.93,9478187
3005,2015-02-06 00:00:00+05:30,244.07,249.6,244.07,249.0,7324875
3006,2015-02-09 00:00:00+05:30,247.43,249.23,244.47,245.27,7188008
3007,2015-02-10 00:00:00+05:30,245.4,248.0,244.6,246.6,8011749
3008,2015-02-11 00:00:00+05:30,247.37,248.6,245.23,247.43,4545473
3009,2015-02-12 00:00:00+05:30,248.0,248.0,243.1,246.93,5294225
3010,2015-02-13 00:00:00+05:30,247.47,252.83,246.7,252.03,9026030
3011,2015-02-16 00:00:00+05:30,252.27,260.67,252.0,259.73,11606474
3012,2015-02-18 00:00:00+05:30,256.67,268.0,256.67,262.17,13669322
3013,2015-02-19 00:00:00+05:30,261.97,262.47,255.73,259.5,6980186
3014,2015-02-20 00:00:00+05:30,258.33,265.27,256.23,264.03,8931408
3015,2015-02-23 00:00:00+05:30,263.33,265.87,259.5,260.17,5852228
3016,2015-02-24 00:00:00+05:30,261.33,265.33,259.1,263.8,8238782
3017,2015-02-25 00:00:00+05:30,265.07,266.67,262.3,266.47,15751802
3018,2015-02-26 00:00:00+05:30,265.27,267.6,261.3,263.77,11702547
3019,2015-02-27 00:00:00+05:30,263.2,264.43,256.03,262.47,34417139
3020,2015-03-02 00:00:00+05:30,238.67,238.67,228.0,228.83,50722677
3021,2015-03-03 00:00:00+05:30,229.0,230.33,226.0,227.7,44994020
3022,2015-03-04 00:00:00+05:30,230.0,233.87,228.6,229.5,32171963
3023,2015-03-05 00:00:00+05:30,231.33,232.73,227.8,230.83,20499398
3024,2015-03-09 00:00:00+05:30,229.13,229.93,224.83,225.57,16301916
3025,2015-03-10 00:00:00+05:30,226.67,228.47,223.4,225.7,13036884
3026,2015-03-11 00:00:00+05:30,226.9,227.13,225.03,225.47,12702704
3027,2015-03-12 00:00:00+05:30,226.03,232.17,225.87,231.1,27323129
3028,2015-03-13 00:00:00+05:30,232.2,233.33,224.47,226.27,15651522
3029,2015-03-16 00:00:00+05:30,227.33,227.73,223.33,223.6,8595248
3030,2015-03-17 00:00:00+05:30,226.33,227.1,224.17,226.67,10940511
3031,2015-03-18 00:00:00+05:30,227.5,227.5,224.0,224.43,8757089
3032,2015-03-19 00:00:00+05:30,225.67,227.23,221.0,222.23,10462350
3033,2015-03-20 00:00:00+05:30,222.47,222.47,217.59,218.3,10572912
3034,2015-03-23 00:00:00+05:30,217.57,219.87,216.67,218.26,11393547
3035,2015-03-24 00:00:00+05:30,218.07,219.87,217.33,217.7,10715486
3036,2015-03-25 00:00:00+05:30,219.1,219.1,217.33,217.83,7249757
3037,2015-03-26 00:00:00+05:30,217.33,219.3,213.73,214.93,24193097
3038,2015-03-27 00:00:00+05:30,216.0,216.83,210.07,211.67,21403253
3039,2015-03-30 00:00:00+05:30,213.09,219.67,213.09,218.37,16516767
3040,2015-03-31 00:00:00+05:30,219.2,219.2,216.0,217.23,12279566
3041,2015-04-01 00:00:00+05:30,217.23,222.0,216.09,221.63,10839779
3042,2015-04-06 00:00:00+05:30,219.57,227.77,219.4,227.33,19315928
3043,2015-04-07 00:00:00+05:30,227.4,228.67,224.67,227.07,10549575
3044,2015-04-08 00:00:00+05:30,228.0,231.3,227.67,230.83,12381639
3045,2015-04-09 00:00:00+05:30,231.27,232.63,229.33,231.43,7667537
3046,2015-04-10 00:00:00+05:30,231.33,231.73,228.17,231.1,5593371
3047,2015-04-13 00:00:00+05:30,231.33,234.93,229.9,234.33,10891653
3048,2015-04-15 00:00:00+05:30,236.0,239.07,234.27,236.63,17492244
3049,2015-04-16 00:00:00+05:30,235.23,237.6,231.1,233.4,7865738
3050,2015-04-17 00:00:00+05:30,233.67,235.5,231.8,234.57,8807339
3051,2015-04-20 00:00:00+05:30,234.73,234.73,227.07,227.93,11275532
3052,2015-04-21 00:00:00+05:30,227.9,232.47,227.33,227.97,10890329
3053,2015-04-22 00:00:00+05:30,226.67,230.0,225.7,228.93,10768515
3054,2015-04-23 00:00:00+05:30,228.93,231.0,225.53,228.07,8924630
3055,2015-04-24 00:00:00+05:30,228.0,233.3,227.43,231.97,17318819
3056,2015-04-27 00:00:00+05:30,232.6,234.53,229.47,229.9,9371889
3057,2015-04-28 00:00:00+05:30,229.93,230.0,222.4,225.03,10686608
3058,2015-04-29 00:00:00+05:30,223.37,224.0,218.2,218.77,10091042
3059,2015-04-30 00:00:00+05:30,218.53,218.93,214.13,214.9,20037666
3060,2015-05-04 00:00:00+05:30,215.59,220.6,213.4,220.13,7209372
3061,2015-05-05 00:00:00+05:30,219.07,219.33,215.73,217.5,13458044
3062,2015-05-06 00:00:00+05:30,217.33,218.57,210.8,212.23,20211861
3063,2015-05-07 00:00:00+05:30,212.33,215.8,210.4,215.03,10601880
3064,2015-05-08 00:00:00+05:30,217.03,219.53,215.09,218.67,12156900
3065,2015-05-11 00:00:00+05:30,220.0,220.5,216.26,217.63,8795975
3066,2015-05-12 00:00:00+05:30,218.33,218.67,215.4,216.17,14296277
3067,2015-05-13 00:00:00+05:30,217.9,219.87,214.0,218.57,10627956
3068,2015-05-14 00:00:00+05:30,218.0,218.0,214.93,216.47,8038298
3069,2015-05-15 00:00:00+05:30,216.73,218.6,216.57,217.59,5449191
3070,2015-05-18 00:00:00+05:30,218.2,222.6,217.5,222.0,6909570
3071,2015-05-19 00:00:00+05:30,221.17,223.93,220.5,221.7,8570939
3072,2015-05-20 00:00:00+05:30,221.67,222.8,220.33,221.3,5162051
3073,2015-05-21 00:00:00+05:30,222.0,222.27,217.33,218.26,7181828
3074,2015-05-22 00:00:00+05:30,219.33,222.17,216.97,219.43,12481646
3075,2015-05-25 00:00:00+05:30,214.3,216.33,210.93,211.2,23429841
3076,2015-05-26 00:00:00+05:30,211.67,211.67,208.5,209.33,11023632
3077,2015-05-27 00:00:00+05:30,210.0,212.5,209.33,211.8,9133685
3078,2015-05-28 00:00:00+05:30,212.07,214.97,211.0,214.3,19995216
3079,2015-05-29 00:00:00+05:30,214.67,219.97,212.43,218.07,19800852
3080,2015-06-01 00:00:00+05:30,217.0,222.5,217.0,221.37,10060566
3081,2015-06-02 00:00:00+05:30,219.27,219.53,211.73,212.43,10848668
3082,2015-06-03 00:00:00+05:30,209.2,209.23,200.4,202.93,20673920
3083,2015-06-04 00:00:00+05:30,203.33,204.43,198.8,201.07,11005214
3084,2015-06-05 00:00:00+05:30,200.97,205.26,196.67,202.87,16952342
3085,2015-06-08 00:00:00+05:30,204.67,205.5,201.5,202.9,10292948
3086,2015-06-09 00:00:00+05:30,201.26,202.0,199.8,200.4,9910851
3087,2015-06-10 00:00:00+05:30,200.4,202.26,199.07,200.73,9495678
3088,2015-06-11 00:00:00+05:30,201.33,201.33,196.8,198.03,11093535
3089,2015-06-12 00:00:00+05:30,197.87,200.09,196.67,198.37,8332143
3090,2015-06-15 00:00:00+05:30,198.0,201.83,196.0,199.0,8358516
3091,2015-06-16 00:00:00+05:30,198.67,200.09,196.83,199.3,7925889
3092,2015-06-17 00:00:00+05:30,199.0,202.07,198.17,200.73,10478310
3093,2015-06-18 00:00:00+05:30,200.8,202.93,200.13,201.26,10877231
3094,2015-06-19 00:00:00+05:30,201.87,203.63,201.59,203.33,8432328
3095,2015-06-22 00:00:00+05:30,204.13,208.09,203.13,206.93,6930591
3096,2015-06-23 00:00:00+05:30,206.93,210.0,205.07,209.7,7304831
3097,2015-06-24 00:00:00+05:30,210.13,212.07,207.37,209.09,7095483
3098,2015-06-25 00:00:00+05:30,207.07,210.3,206.5,208.23,10481765
3099,2015-06-26 00:00:00+05:30,208.23,208.23,204.7,205.3,5303367
3100,2015-06-29 00:00:00+05:30,203.47,207.3,202.5,206.63,9358835
3101,2015-06-30 00:00:00+05:30,206.8,211.23,205.37,210.09,11208213
3102,2015-07-01 00:00:00+05:30,210.17,210.93,208.33,209.07,8522591
3103,2015-07-02 00:00:00+05:30,209.4,211.53,209.0,210.03,6318825
3104,2015-07-03 00:00:00+05:30,209.53,211.26,208.23,210.4,4932245
3105,2015-07-06 00:00:00+05:30,208.59,212.43,208.0,212.26,4255448
3106,2015-07-07 00:00:00+05:30,212.43,212.87,210.73,211.57,7314093
3107,2015-07-08 00:00:00+05:30,210.09,210.67,206.26,208.63,11181192
3108,2015-07-09 00:00:00+05:30,208.53,209.93,206.57,207.07,6463005
3109,2015-07-10 00:00:00+05:30,206.0,207.8,204.37,206.59,7216086
3110,2015-07-13 00:00:00+05:30,208.67,210.93,205.97,209.73,6378113
3111,2015-07-14 00:00:00+05:30,209.3,211.0,207.09,208.2,5262650
3112,2015-07-15 00:00:00+05:30,207.57,210.13,207.57,209.33,5476899
3113,2015-07-16 00:00:00+05:30,209.87,213.26,208.2,211.97,5621997
3114,2015-07-17 00:00:00+05:30,212.37,215.93,211.76,214.87,5906159
3115,2015-07-20 00:00:00+05:30,214.53,215.63,212.8,213.67,4762983
3116,2015-07-21 00:00:00+05:30,213.67,214.97,208.33,208.93,6807573
3117,2015-07-22 00:00:00+05:30,208.07,211.97,207.13,209.67,7761359
3118,2015-07-23 00:00:00+05:30,210.07,211.63,208.0,210.07,5422179
3119,2015-07-24 00:00:00+05:30,210.0,210.4,208.33,209.7,4043730
3120,2015-07-27 00:00:00+05:30,207.67,208.9,206.53,207.76,5118398
3121,2015-07-28 00:00:00+05:30,207.97,209.26,206.37,207.47,6543582
3122,2015-07-29 00:00:00+05:30,207.33,208.0,200.4,202.67,9357954
3123,2015-07-30 00:00:00+05:30,202.67,211.9,200.0,210.63,19974737
3124,2015-07-31 00:00:00+05:30,211.97,218.26,210.2,217.33,16320411
3125,2015-08-03 00:00:00+05:30,217.33,222.33,216.73,221.03,14353091
3126,2015-08-04 00:00:00+05:30,220.97,221.03,216.37,219.93,9935279
3127,2015-08-05 00:00:00+05:30,219.93,222.03,217.73,221.2,5709989
3128,2015-08-06 00:00:00+05:30,220.37,220.67,216.0,217.5,8460197
3129,2015-08-07 00:00:00+05:30,216.0,217.07,214.67,216.3,4471841
3131,2015-08-10 00:00:00+05:30,216.33,218.17,212.9,213.97,5584850
3132,2015-08-11 00:00:00+05:30,213.4,214.59,210.9,213.4,5315648
3133,2015-08-12 00:00:00+05:30,213.33,213.33,210.67,211.17,11926686
3134,2015-08-13 00:00:00+05:30,211.59,213.13,202.0,210.9,6644727
3135,2015-08-14 00:00:00+05:30,211.67,213.5,209.73,212.09,7597824
3136,2015-08-17 00:00:00+05:30,212.87,213.2,210.33,211.26,4328919
3137,2015-08-18 00:00:00+05:30,211.0,212.4,208.4,209.9,9079850
3138,2015-08-19 00:00:00+05:30,209.33,212.0,206.0,211.26,7373897
3139,2015-08-20 00:00:00+05:30,212.07,220.23,210.9,219.57,18008402
3140,2015-08-21 00:00:00+05:30,219.3,220.87,215.17,220.5,17768258
3141,2015-08-24 00:00:00+05:30,214.03,219.67,210.4,213.47,16485140
3142,2015-08-25 00:00:00+05:30,214.7,217.43,208.33,213.26,21275217
3143,2015-08-26 00:00:00+05:30,211.73,213.9,209.07,211.76,16155689
3144,2015-08-27 00:00:00+05:30,215.67,218.37,210.9,217.13,20038835
3145,2015-08-28 00:00:00+05:30,219.57,219.57,216.47,218.0,9725322
3146,2015-08-31 00:00:00+05:30,216.5,219.0,214.4,216.76,9634683
3147,2015-09-01 00:00:00+05:30,215.0,215.93,209.53,210.3,9470865
3148,2015-09-02 00:00:00+05:30,212.59,215.37,210.09,213.4,13014680
3149,2015-09-03 00:00:00+05:30,212.9,216.47,212.73,213.33,10088448
3150,2015-09-04 00:00:00+05:30,213.33,214.33,209.83,211.4,15716597
3151,2015-09-07 00:00:00+05:30,210.87,213.0,207.43,208.97,7112327
3152,2015-09-08 00:00:00+05:30,208.73,210.4,206.87,208.59,10240566
3153,2015-09-09 00:00:00+05:30,210.17,210.93,208.57,209.59,6123207
3154,2015-09-10 00:00:00+05:30,207.33,210.53,206.9,208.9,8968275
3155,2015-09-11 00:00:00+05:30,209.8,210.76,208.09,209.17,6712322
3156,2015-09-14 00:00:00+05:30,209.17,210.13,207.73,209.09,7474416
3157,2015-09-15 00:00:00+05:30,208.67,211.93,208.33,211.59,5174855
3158,2015-09-16 00:00:00+05:30,212.43,215.23,211.47,214.76,5589585
3159,2015-09-18 00:00:00+05:30,216.67,218.67,209.83,212.0,12828255
3160,2015-09-21 00:00:00+05:30,210.93,211.53,208.93,209.5,6798498
3161,2015-09-22 00:00:00+05:30,210.59,212.17,206.67,208.09,14938508
3162,2015-09-23 00:00:00+05:30,204.67,212.7,204.67,210.73,11655003
3163,2015-09-24 00:00:00+05:30,209.87,215.57,209.67,215.03,14121254
3164,2015-09-28 00:00:00+05:30,215.43,216.67,212.26,212.83,6358347
3165,2015-09-29 00:00:00+05:30,212.63,216.67,211.33,213.59,8298573
3166,2015-09-30 00:00:00+05:30,214.67,219.9,213.33,219.2,13463322
3167,2015-10-01 00:00:00+05:30,218.03,222.57,218.03,219.17,6206747
3168,2015-10-05 00:00:00+05:30,220.0,221.0,217.87,219.67,9321171
3169,2015-10-06 00:00:00+05:30,221.33,229.1,219.2,228.57,10720508
3170,2015-10-07 00:00:00+05:30,229.3,233.33,228.2,231.5,10707506
3171,2015-10-08 00:00:00+05:30,231.17,231.17,223.6,226.07,9368313
3172,2015-10-09 00:00:00+05:30,227.27,229.87,226.8,228.97,5534714
3173,2015-10-12 00:00:00+05:30,228.7,232.27,225.9,227.17,6068418
3174,2015-10-13 00:00:00+05:30,226.67,230.6,226.43,229.37,7005234
3175,2015-10-14 00:00:00+05:30,229.47,230.43,228.33,229.4,9082619
3176,2015-10-15 00:00:00+05:30,229.33,234.93,229.1,232.93,9495548
3177,2015-10-16 00:00:00+05:30,232.03,233.33,229.0,232.53,9636885
3178,2015-10-19 00:00:00+05:30,232.0,234.67,230.13,234.0,11187713
3179,2015-10-20 00:00:00+05:30,233.67,234.17,231.87,232.43,7386677
3180,2015-10-21 00:00:00+05:30,232.73,233.33,231.77,232.37,5465787
3181,2015-10-23 00:00:00+05:30,233.4,239.3,233.4,238.9,8724758
3182,2015-10-26 00:00:00+05:30,239.23,239.87,236.67,237.67,7896530
3183,2015-10-27 00:00:00+05:30,236.47,237.97,235.5,237.33,14940123
3184,2015-10-28 00:00:00+05:30,236.23,239.3,236.0,236.8,9712458
3185,2015-10-29 00:00:00+05:30,236.73,237.33,231.4,233.33,7638666
3186,2015-10-30 00:00:00+05:30,234.3,234.3,220.6,223.1,27778047
3187,2015-11-02 00:00:00+05:30,222.0,226.47,219.97,224.8,10326032
3188,2015-11-03 00:00:00+05:30,224.53,225.93,221.87,223.23,3911081
3189,2015-11-04 00:00:00+05:30,224.57,225.47,222.67,223.8,4980087
3190,2015-11-05 00:00:00+05:30,222.67,226.13,222.17,224.77,5388102
3191,2015-11-06 00:00:00+05:30,223.77,226.3,223.33,225.13,4463298
3192,2015-11-09 00:00:00+05:30,221.0,229.33,220.23,228.7,11999874
3193,2015-11-10 00:00:00+05:30,227.2,230.03,223.43,224.5,7228746
3194,2015-11-11 00:00:00+05:30,225.93,226.0,222.07,222.83,793040
3195,2015-11-13 00:00:00+05:30,220.27,222.53,218.07,219.87,18630920
3196,2015-11-16 00:00:00+05:30,220.0,226.0,219.73,225.53,8773749
3197,2015-11-17 00:00:00+05:30,228.13,233.5,226.07,232.73,11572887
3199,2015-11-18 00:00:00+05:30,234.0,234.1,229.4,231.9,9966221
3200,2015-11-19 00:00:00+05:30,233.33,235.33,232.53,234.7,16937771
3201,2015-11-20 00:00:00+05:30,234.83,234.83,228.73,229.63,9858141
3202,2015-11-23 00:00:00+05:30,228.9,229.9,224.17,224.83,8989701
3203,2015-11-24 00:00:00+05:30,226.1,226.4,221.53,223.93,13086351
3204,2015-11-26 00:00:00+05:30,224.1,230.0,223.23,228.53,9415475
3205,2015-11-27 00:00:00+05:30,229.6,230.0,225.9,229.57,5677127
3206,2015-11-30 00:00:00+05:30,228.8,231.2,227.03,228.37,17255165
3207,2015-12-01 00:00:00+05:30,230.13,231.33,227.33,230.83,10126925
3208,2015-12-02 00:00:00+05:30,230.67,233.17,228.27,232.93,4635017
3209,2015-12-03 00:00:00+05:30,230.73,231.93,228.2,228.9,5594216
3210,2015-12-04 00:00:00+05:30,227.53,227.83,223.33,223.97,13623824
3211,2015-12-07 00:00:00+05:30,223.33,223.93,207.03,209.03,50870427
3212,2015-12-08 00:00:00+05:30,207.33,212.13,207.07,209.83,19004238
3213,2015-12-09 00:00:00+05:30,213.0,213.0,210.17,211.59,15074450
3214,2015-12-10 00:00:00+05:30,211.67,214.5,211.33,214.17,8328300
3215,2015-12-11 00:00:00+05:30,214.0,214.97,210.26,214.0,9011226
3216,2015-12-14 00:00:00+05:30,213.33,214.93,211.43,213.4,7292186
3217,2015-12-15 00:00:00+05:30,213.33,215.93,212.0,215.3,10089569
3218,2015-12-16 00:00:00+05:30,215.33,216.43,212.07,212.83,7798697
3219,2015-12-17 00:00:00+05:30,213.13,214.5,210.87,213.67,8683829
3220,2015-12-18 00:00:00+05:30,213.93,215.33,210.93,211.4,14226303
3221,2015-12-21 00:00:00+05:30,213.33,218.3,211.37,217.7,8042634
3222,2015-12-22 00:00:00+05:30,216.7,217.0,213.0,213.5,6092220
3223,2015-12-23 00:00:00+05:30,214.67,216.0,213.33,214.33,5272521
3224,2015-12-24 00:00:00+05:30,215.33,216.5,213.73,215.8,3658226
3225,2015-12-28 00:00:00+05:30,215.13,218.03,214.97,217.47,9082361
3226,2015-12-29 00:00:00+05:30,217.63,218.67,215.57,216.57,4435326
3227,2015-12-30 00:00:00+05:30,217.67,218.33,216.17,217.7,4799706
3228,2015-12-31 00:00:00+05:30,217.0,220.0,215.57,218.53,8033028
3229,2015-12-31 09:15:00+05:30,217.0,220.0,215.57,218.53,8033028
3230,2016-01-01 09:15:00+05:30,218.4,219.33,217.1,218.33,1479458
3231,2016-01-04 09:15:00+05:30,217.0,217.4,214.37,216.73,5906445
3232,2016-01-05 09:15:00+05:30,216.73,217.6,216.03,216.57,5816483
3233,2016-01-06 09:15:00+05:30,218.0,218.0,209.7,210.07,15234480
3234,2016-01-07 09:15:00+05:30,209.2,209.2,205.77,206.4,11809211
3235,2016-01-08 09:15:00+05:30,207.47,211.33,206.5,209.1,9840336
3236,2016-01-11 09:15:00+05:30,206.67,211.2,206.5,210.7,6876723
3237,2016-01-12 09:15:00+05:30,210.17,211.27,208.33,210.1,6954767
3238,2016-01-13 09:15:00+05:30,211.57,213.6,209.77,210.5,6862586
3239,2016-01-14 09:15:00+05:30,209.1,212.5,208.17,211.5,11491224
3240,2016-01-15 09:15:00+05:30,210.07,211.6,208.2,209.27,7979745
3241,2016-01-18 09:15:00+05:30,209.27,212.43,208.83,210.27,11830011
3242,2016-01-19 09:15:00+05:30,210.17,211.67,207.97,209.37,6836111
3243,2016-01-20 09:15:00+05:30,206.93,213.33,203.33,205.97,9643707
3244,2016-01-21 09:15:00+05:30,207.77,207.77,202.43,204.27,12559260
3245,2016-01-22 09:15:00+05:30,206.0,208.5,201.73,205.83,15241478
3246,2016-01-25 09:15:00+05:30,203.57,207.9,202.7,206.27,9329444
3247,2016-01-27 09:15:00+05:30,206.3,209.47,204.63,208.63,8511431
3248,2016-01-28 09:15:00+05:30,208.47,214.57,207.77,212.37,13890530
3249,2016-01-29 09:15:00+05:30,215.23,217.33,211.23,213.47,12496232
3250,2016-02-01 09:15:00+05:30,212.43,216.67,209.9,216.5,7351553
3251,2016-02-02 09:15:00+05:30,215.93,217.27,214.3,216.17,7066827
3252,2016-02-03 09:15:00+05:30,214.5,216.17,213.07,214.63,4921793
3253,2016-02-04 09:15:00+05:30,214.93,216.4,214.0,214.53,3186770
3254,2016-02-05 09:15:00+05:30,215.33,217.3,214.67,215.97,6504092
3255,2016-02-08 09:15:00+05:30,216.53,216.6,209.5,210.17,6267885
3256,2016-02-09 09:15:00+05:30,208.83,209.17,206.5,208.27,11473299
3257,2016-02-10 09:15:00+05:30,208.07,208.63,204.67,206.0,7865657
3258,2016-02-11 09:15:00+05:30,207.13,207.13,198.3,199.03,14039940
3259,2016-02-12 09:15:00+05:30,199.47,203.43,199.23,200.07,13195535
3260,2016-02-15 09:15:00+05:30,202.0,204.0,198.93,202.47,12016136
3261,2016-02-16 09:15:00+05:30,203.0,204.0,195.77,197.0,10581429
3262,2016-02-17 09:15:00+05:30,197.67,201.2,192.7,199.9,13094396
3263,2016-02-18 09:15:00+05:30,201.0,204.47,200.57,203.63,9389507
3264,2016-02-19 09:15:00+05:30,203.33,204.07,200.67,203.03,6927288
3265,2016-02-22 09:15:00+05:30,201.77,201.77,195.6,199.9,14704284
3266,2016-02-23 09:15:00+05:30,198.63,198.63,195.1,195.87,8856930
3267,2016-02-24 09:15:00+05:30,195.33,196.93,190.67,191.73,13820903
3268,2016-02-25 09:15:00+05:30,189.73,193.53,189.33,190.8,14568018
3269,2016-02-26 09:15:00+05:30,192.67,194.67,190.1,193.97,12006186
3270,2016-02-29 09:15:00+05:30,193.33,201.1,178.67,197.1,76486230
3271,2016-03-01 09:15:00+05:30,203.33,218.0,203.33,216.9,64902461
3272,2016-03-02 09:15:00+05:30,218.67,222.6,212.3,213.03,23765316
3273,2016-03-03 09:15:00+05:30,215.33,216.67,211.17,212.1,9848283
3274,2016-03-04 09:15:00+05:30,213.33,214.5,209.83,210.13,11380187
3275,2016-03-08 09:15:00+05:30,210.67,216.0,210.67,213.5,12623628
3276,2016-03-09 09:15:00+05:30,211.33,213.8,208.47,213.27,20128458
3277,2016-03-10 09:15:00+05:30,213.17,214.53,208.57,210.73,13399833
3278,2016-03-11 09:15:00+05:30,210.73,214.67,210.0,214.2,11699415
3279,2016-03-14 09:15:00+05:30,215.0,217.33,214.67,216.7,7422849
3280,2016-03-15 09:15:00+05:30,217.33,217.33,210.0,211.0,15608775
3281,2016-03-16 09:15:00+05:30,211.03,215.6,210.67,214.7,9367686
3282,2016-03-17 09:15:00+05:30,215.5,216.67,214.33,215.77,12552098
3283,2016-03-18 09:15:00+05:30,216.93,217.87,214.67,216.5,13850510
3284,2016-03-21 09:15:00+05:30,217.83,224.13,217.5,220.97,16159554
3285,2016-03-22 09:15:00+05:30,219.0,220.53,214.83,215.43,19048382
3286,2016-03-23 09:15:00+05:30,216.67,216.73,213.57,216.17,15421409
3287,2016-03-28 09:15:00+05:30,218.0,219.87,213.53,214.97,16439958
3288,2016-03-29 09:15:00+05:30,214.1,218.03,212.67,213.33,18008063
3289,2016-03-30 09:15:00+05:30,213.73,219.5,213.73,218.23,13899990
3290,2016-03-31 09:15:00+05:30,217.2,221.67,216.6,218.83,27471111
3291,2016-04-01 09:15:00+05:30,217.4,224.53,217.0,224.03,14300010
3292,2016-04-04 09:15:00+05:30,218.0,222.0,217.37,220.47,13682421
3293,2016-04-05 09:15:00+05:30,218.73,220.23,216.13,217.63,8631653
3294,2016-04-06 09:15:00+05:30,217.9,219.27,216.67,217.27,6636908
3295,2016-04-07 09:15:00+05:30,218.0,218.0,212.67,212.97,10026689
3296,2016-04-08 09:15:00+05:30,213.0,214.97,212.67,214.13,4800860
3297,2016-04-11 09:15:00+05:30,214.67,218.87,211.33,218.17,13833053
3298,2016-04-12 09:15:00+05:30,216.67,217.1,214.0,214.93,5958261
3299,2016-04-13 09:15:00+05:30,216.67,221.8,216.33,220.83,11937851
3300,2016-04-18 09:15:00+05:30,223.33,225.57,220.7,223.6,14199515
3301,2016-04-20 09:15:00+05:30,223.57,225.53,221.73,223.67,8999022
3302,2016-04-21 09:15:00+05:30,223.73,224.33,218.4,219.97,6944757
3303,2016-04-22 09:15:00+05:30,217.3,220.77,216.3,217.2,6273474
3304,2016-04-25 09:15:00+05:30,214.2,217.0,213.6,213.97,6089987
3305,2016-04-26 09:15:00+05:30,208.8,218.9,208.33,218.27,14466173
3306,2016-04-27 09:15:00+05:30,217.37,223.0,217.37,222.37,9318708
3307,2016-04-28 09:15:00+05:30,220.0,221.33,214.37,215.27,19474997
3308,2016-04-29 09:15:00+05:30,215.43,217.4,213.4,216.63,10331436
3309,2016-05-02 09:15:00+05:30,215.5,216.0,212.93,214.1,3262547
3310,2016-05-03 09:15:00+05:30,214.4,215.63,209.33,210.7,10711707
3311,2016-05-04 09:15:00+05:30,210.0,213.0,206.77,208.43,6165228
3312,2016-05-05 09:15:00+05:30,208.0,213.53,207.73,211.77,6332543
3313,2016-05-06 09:15:00+05:30,208.63,212.93,204.0,211.8,15583725
3314,2016-05-09 09:15:00+05:30,213.33,217.27,213.0,216.53,8528999
3315,2016-05-10 09:15:00+05:30,216.67,217.33,214.47,215.67,8246721
3316,2016-05-11 09:15:00+05:30,213.33,214.5,210.73,212.0,10740996
3317,2016-05-12 09:15:00+05:30,212.7,214.07,210.07,212.13,5568479
3318,2016-05-13 09:15:00+05:30,212.0,214.47,210.1,212.9,9440912
3319,2016-05-16 09:15:00+05:30,212.2,220.0,211.4,219.6,12970170
3320,2016-05-17 09:15:00+05:30,220.0,222.3,219.13,220.33,11982807
3321,2016-05-18 09:15:00+05:30,218.4,223.2,217.2,221.8,7615394
3322,2016-05-19 09:15:00+05:30,222.67,222.67,215.0,216.57,8587776
3323,2016-05-20 09:15:00+05:30,217.83,225.8,216.53,220.23,20264129
3324,2016-05-23 09:15:00+05:30,233.1,236.33,226.33,231.23,52818605
3325,2016-05-24 09:15:00+05:30,232.0,234.53,231.1,232.03,15668553
3326,2016-05-25 09:15:00+05:30,233.6,238.3,233.23,237.37,9955493
3327,2016-05-26 09:15:00+05:30,237.33,242.67,235.73,241.63,12589418
3328,2016-05-27 09:15:00+05:30,241.97,242.6,237.47,239.53,10520235
3329,2016-05-30 09:15:00+05:30,235.6,239.0,235.2,237.67,7362554
3330,2016-05-31 09:15:00+05:30,237.33,239.63,232.83,234.03,14496537
3331,2016-06-01 09:15:00+05:30,235.33,241.47,235.33,240.93,11949324
3332,2016-06-02 09:15:00+05:30,239.9,240.33,235.47,238.67,13199892
3333,2016-06-03 09:15:00+05:30,239.9,239.9,235.03,235.93,7107488
3334,2016-06-06 09:15:00+05:30,235.8,237.97,234.23,237.07,7409499
3335,2016-06-07 09:15:00+05:30,238.0,242.5,238.0,241.83,10599804
3336,2016-06-08 09:15:00+05:30,242.67,243.33,240.47,241.87,7329513
3337,2016-06-09 09:15:00+05:30,241.73,241.97,235.07,236.07,11617670
3338,2016-06-10 09:15:00+05:30,235.37,239.1,233.37,233.8,10749395
3339,2016-06-13 09:15:00+05:30,232.4,235.7,230.43,233.27,11732891
3340,2016-06-14 09:15:00+05:30,233.93,236.0,231.87,235.53,7558314
3341,2016-06-15 09:15:00+05:30,236.0,240.0,235.83,239.7,9523287
3342,2016-06-16 09:15:00+05:30,239.6,239.6,234.07,236.6,8721843
3343,2016-06-17 09:15:00+05:30,236.9,240.47,236.9,239.9,8980355
3344,2016-06-20 09:15:00+05:30,240.33,240.67,236.73,238.7,8686214
3345,2016-06-21 09:15:00+05:30,238.33,239.8,237.0,239.0,6657389
3346,2016-06-22 09:15:00+05:30,237.3,239.43,235.03,236.47,8912036
3347,2016-06-23 09:15:00+05:30,236.67,241.0,236.67,240.17,8657765
3348,2016-06-24 09:15:00+05:30,235.03,240.07,233.47,236.07,12047384
3349,2016-06-27 09:15:00+05:30,236.07,240.93,236.07,239.3,10245026
3350,2016-06-28 09:15:00+05:30,240.0,246.1,239.3,245.67,15696560
3351,2016-06-29 09:15:00+05:30,246.63,246.63,242.67,244.2,11554817
3352,2016-06-30 09:15:00+05:30,245.33,247.8,244.1,245.6,20901951
3353,2016-07-01 09:15:00+05:30,243.3,259.75,242.6,252.35,27944232
3354,2016-07-04 09:15:00+05:30,254.0,254.0,244.0,244.9,13996866
3355,2016-07-05 09:15:00+05:30,245.85,247.0,242.2,243.55,8989659
3356,2016-07-07 09:15:00+05:30,244.5,248.65,243.9,247.0,8960871
3357,2016-07-08 09:15:00+05:30,247.4,247.4,242.5,245.85,6899736
3358,2016-07-11 09:15:00+05:30,248.3,251.6,246.75,249.15,7268008
3359,2016-07-12 09:15:00+05:30,250.95,251.95,247.0,248.4,4143359
3360,2016-07-13 09:15:00+05:30,248.45,249.2,246.0,247.1,4343149
3361,2016-07-14 09:15:00+05:30,247.0,251.0,245.1,248.7,6091985
3362,2016-07-15 09:15:00+05:30,249.0,252.55,247.55,248.85,9345945
3363,2016-07-18 09:15:00+05:30,249.05,249.95,247.6,248.9,6825393
3364,2016-07-19 09:15:00+05:30,249.0,250.0,245.6,249.05,6721210
3365,2016-07-20 09:15:00+05:30,249.05,252.0,247.95,250.25,9312596
3366,2016-07-21 09:15:00+05:30,253.0,253.5,246.5,250.6,11716926
3367,2016-07-22 09:15:00+05:30,253.15,256.2,247.15,249.85,15780372
3368,2016-07-25 09:15:00+05:30,249.5,252.0,249.0,251.75,8870687
3369,2016-07-26 09:15:00+05:30,251.65,253.55,250.5,251.75,6817790
3370,2016-07-27 09:15:00+05:30,251.0,253.7,246.3,247.4,8898401
3371,2016-07-28 09:15:00+05:30,249.4,255.4,248.25,254.3,11350187
3372,2016-07-29 09:15:00+05:30,254.2,256.5,251.4,252.45,12129756
3373,2016-08-01 09:15:00+05:30,252.0,255.2,249.55,250.6,9557988
3374,2016-08-02 09:15:00+05:30,251.0,262.0,251.0,260.8,16779344
3375,2016-08-03 09:15:00+05:30,260.0,260.0,251.25,252.7,10985767
3376,2016-08-04 09:15:00+05:30,254.0,254.85,250.2,252.1,8661776
3377,2016-08-05 09:15:00+05:30,252.15,256.5,251.1,252.55,4365077
3378,2016-08-08 09:15:00+05:30,253.0,254.75,249.5,249.95,8415212
3379,2016-08-09 09:15:00+05:30,250.0,250.0,246.1,247.65,9358418
3380,2016-08-10 09:15:00+05:30,248.0,248.4,245.8,246.5,5255295
3381,2016-08-11 09:15:00+05:30,247.0,252.8,246.55,251.65,10744356
3382,2016-08-12 09:15:00+05:30,250.55,255.5,250.3,254.1,8284563
3383,2016-08-16 09:15:00+05:30,254.25,258.0,253.45,255.1,10293289
3384,2016-08-17 09:15:00+05:30,254.55,256.75,252.2,253.7,8328306
3385,2016-08-18 09:15:00+05:30,254.4,255.4,251.5,252.15,6682090
3386,2016-08-19 09:15:00+05:30,252.0,252.4,249.75,250.95,5326232
3387,2016-08-22 09:15:00+05:30,251.65,254.75,251.5,254.1,4184797
3388,2016-08-23 09:15:00+05:30,254.4,255.0,250.3,251.4,6446460
3389,2016-08-24 09:15:00+05:30,251.2,252.0,249.1,250.25,5382879
3390,2016-08-25 09:15:00+05:30,252.1,255.0,250.25,253.45,9518272
3391,2016-08-26 09:15:00+05:30,253.35,254.9,252.05,253.8,4753304
3392,2016-08-29 09:15:00+05:30,253.0,253.95,251.05,252.8,4272618
3393,2016-08-30 09:15:00+05:30,253.7,257.9,253.05,257.3,7692800
3394,2016-08-31 09:15:00+05:30,258.3,261.5,256.4,260.05,12773632
3395,2016-09-01 09:15:00+05:30,261.0,263.0,259.1,261.0,8373128
3396,2016-09-02 09:15:00+05:30,262.0,263.7,260.25,262.9,9154358
3397,2016-09-06 09:15:00+05:30,263.0,265.9,261.1,262.6,9166823
3398,2016-09-07 09:15:00+05:30,264.0,264.95,262.0,262.8,6409700
3399,2016-09-08 09:15:00+05:30,263.5,265.55,262.7,264.9,8324999
3400,2016-09-09 09:15:00+05:30,263.0,264.45,257.05,258.3,9755948
3401,2016-09-12 09:15:00+05:30,255.95,256.7,251.75,252.25,7344276
3402,2016-09-14 09:15:00+05:30,251.0,253.1,249.55,251.85,12537688
3403,2016-09-15 09:15:00+05:30,252.5,257.9,252.5,255.9,7778214
3404,2016-09-16 09:15:00+05:30,256.0,262.2,255.4,260.35,14038158
3405,2016-09-19 09:15:00+05:30,261.5,262.6,258.25,258.85,6474978
3406,2016-09-20 09:15:00+05:30,259.2,259.25,255.25,256.95,6686674
3407,2016-09-21 09:15:00+05:30,256.7,258.8,253.0,253.65,8800312
3408,2016-09-22 09:15:00+05:30,255.45,257.2,253.75,255.25,7692200
3409,2016-09-23 09:15:00+05:30,255.0,257.0,251.8,253.45,4952284
3410,2016-09-26 09:15:00+05:30,253.0,253.25,247.5,248.05,9687011
3411,2016-09-27 09:15:00+05:30,248.65,249.25,245.0,245.85,6644898
3412,2016-09-28 09:15:00+05:30,246.3,249.4,245.5,246.95,7362899
3413,2016-09-29 09:15:00+05:30,248.1,249.3,241.0,245.7,17433461
3414,2016-09-30 09:15:00+05:30,245.65,246.95,240.5,241.35,9545123
3415,2016-10-03 09:15:00+05:30,244.2,244.2,241.55,242.3,6465942
3416,2016-10-04 09:15:00+05:30,243.0,243.95,240.35,241.2,7705953
3417,2016-10-05 09:15:00+05:30,241.8,243.25,239.2,240.2,6230512
3418,2016-10-06 09:15:00+05:30,242.0,242.0,235.65,237.4,8652862
3419,2016-10-07 09:15:00+05:30,237.9,240.25,236.75,238.95,4010140
3420,2016-10-10 09:15:00+05:30,242.0,242.6,239.55,240.1,5046890
3421,2016-10-13 09:15:00+05:30,240.1,241.45,236.95,238.95,10678038
3422,2016-10-14 09:15:00+05:30,239.0,240.5,238.05,239.9,9223856
3423,2016-10-17 09:15:00+05:30,239.9,241.75,238.5,240.6,6143393
3424,2016-10-18 09:15:00+05:30,241.0,246.55,240.3,245.95,11780776
3425,2016-10-19 09:15:00+05:30,245.65,245.65,238.4,239.45,8410637
3426,2016-10-20 09:15:00+05:30,241.0,241.35,238.1,239.35,4402661
3427,2016-10-21 09:15:00+05:30,239.0,241.15,238.75,240.15,10592011
3428,2016-10-24 09:15:00+05:30,241.0,242.0,239.7,241.35,9575846
3429,2016-10-25 09:15:00+05:30,242.9,242.9,238.15,238.75,5948249
3430,2016-10-26 09:15:00+05:30,239.85,242.5,233.5,238.75,23931286
3431,2016-10-27 09:15:00+05:30,241.2,244.8,239.65,243.1,15352545
3432,2016-10-28 09:15:00+05:30,244.3,244.3,239.5,243.1,9315645
3433,2016-11-01 09:15:00+05:30,242.8,242.8,239.15,239.95,5517915
3434,2016-11-02 09:15:00+05:30,237.0,238.95,235.1,237.3,4687370
3435,2016-11-03 09:15:00+05:30,237.05,242.3,236.0,240.3,8868972
3436,2016-11-04 09:15:00+05:30,251.5,256.4,247.05,249.05,35263032
3437,2016-11-07 09:15:00+05:30,253.8,259.65,247.0,256.5,24268097
3438,2016-11-08 09:15:00+05:30,256.5,257.4,252.2,255.6,9935323
3439,2016-11-09 09:15:00+05:30,239.15,255.0,238.55,248.15,23027306
3440,2016-11-10 09:15:00+05:30,252.85,253.0,245.55,251.05,11567186
3441,2016-11-11 09:15:00+05:30,248.0,248.95,241.0,242.95,12741988
3442,2016-11-15 09:15:00+05:30,241.95,246.9,235.8,237.5,21196400
3443,2016-11-16 09:15:00+05:30,237.95,239.1,228.05,230.9,30665889
3444,2016-11-17 09:15:00+05:30,228.45,234.0,228.4,231.5,9283059
3445,2016-11-18 09:15:00+05:30,230.0,231.4,227.1,227.85,8257422
3446,2016-11-21 09:15:00+05:30,228.2,228.6,223.6,224.2,7585897
3447,2016-11-22 09:15:00+05:30,225.0,228.1,223.5,226.1,9215388
3448,2016-11-23 09:15:00+05:30,227.25,227.8,223.5,224.65,10322937
3449,2016-11-24 09:15:00+05:30,225.0,225.25,222.1,223.5,18004034
3450,2016-11-25 09:15:00+05:30,224.5,230.45,223.05,228.8,7597501
3451,2016-11-28 09:15:00+05:30,228.4,234.2,227.3,233.7,9120749
3452,2016-11-29 09:15:00+05:30,233.05,235.65,230.25,231.05,8613611
3453,2016-11-30 09:15:00+05:30,232.0,234.4,229.15,232.5,11081186
3454,2016-12-01 09:15:00+05:30,232.8,235.0,231.05,233.5,5160029
3455,2016-12-02 09:15:00+05:30,233.0,233.0,228.0,228.5,8371200
3456,2016-12-05 09:15:00+05:30,228.9,233.2,227.45,232.55,5123051
3457,2016-12-06 09:15:00+05:30,233.0,233.0,229.15,230.2,4911337
3458,2016-12-07 09:15:00+05:30,231.5,231.5,226.5,227.2,8107530
3459,2016-12-08 09:15:00+05:30,229.05,235.3,228.3,233.3,7365288
3460,2016-12-09 09:15:00+05:30,234.05,239.6,232.55,236.15,8328221
3461,2016-12-12 09:15:00+05:30,234.2,234.7,231.95,232.3,3038619
3462,2016-12-13 09:15:00+05:30,234.8,236.9,232.2,235.65,7440621
3463,2016-12-14 09:15:00+05:30,236.0,236.5,232.0,233.15,6313305
3464,2016-12-15 09:15:00+05:30,232.0,234.4,228.5,229.7,5332924
3465,2016-12-16 09:15:00+05:30,230.8,230.8,226.0,226.35,12925203
3466,2016-12-19 09:15:00+05:30,225.35,229.0,225.35,227.0,5455325
3467,2016-12-20 09:15:00+05:30,228.5,230.8,227.5,229.95,5917510
3468,2016-12-21 09:15:00+05:30,229.0,229.8,225.5,226.3,12883058
3469,2016-12-22 09:15:00+05:30,225.25,228.4,224.25,227.55,6420828
3470,2016-12-23 09:15:00+05:30,227.5,227.5,223.8,224.7,10763084
3471,2016-12-26 09:15:00+05:30,224.9,225.85,222.0,225.0,8735299
3472,2016-12-27 09:15:00+05:30,226.0,234.9,224.35,234.05,15605810
3473,2016-12-28 09:15:00+05:30,232.7,236.4,232.7,235.45,14166131
3474,2016-12-29 09:15:00+05:30,235.3,237.0,232.3,236.0,14052730
3475,2016-12-30 09:15:00+05:30,237.45,242.4,236.3,241.65,10420088
3476,2017-01-02 09:15:00+05:30,242.0,242.25,238.6,240.95,4887504
3477,2017-01-03 09:15:00+05:30,240.9,245.7,239.25,243.35,7508925
3478,2017-01-04 09:15:00+05:30,242.85,247.0,240.1,245.45,9310104
3479,2017-01-05 09:15:00+05:30,244.5,247.85,244.1,246.75,9178665
3480,2017-01-06 09:15:00+05:30,247.0,249.0,242.2,242.7,8093288
3481,2017-01-09 09:15:00+05:30,242.85,246.6,242.1,245.85,4854672
3482,2017-01-10 09:15:00+05:30,246.0,249.85,245.7,248.95,11977335
3483,2017-01-11 09:56:00+05:30,249.8,250.5,246.6,247.55,7637281
3484,2017-01-12 09:15:00+05:30,247.7,247.7,244.15,244.65,5601066
3485,2017-01-13 09:15:00+05:30,246.0,251.0,242.5,249.65,4384819
3486,2017-01-16 09:15:00+05:30,249.25,250.85,247.1,248.8,4635410
3487,2017-01-17 09:15:00+05:30,248.8,252.3,248.8,251.95,4811618
3488,2017-01-18 09:15:00+05:30,251.6,254.3,249.8,250.85,7254738
3489,2017-01-19 09:15:00+05:30,249.75,254.75,249.55,254.15,9184429
3490,2017-01-20 09:15:00+05:30,254.25,256.3,253.7,255.4,10843902
3491,2017-01-23 09:15:00+05:30,255.1,260.15,255.05,259.65,10690194
3492,2017-01-24 09:15:00+05:30,259.6,260.75,257.35,259.85,8031785
3493,2017-01-25 09:15:00+05:30,259.95,266.4,259.6,265.5,17451497
3494,2017-01-27 09:15:00+05:30,263.5,266.95,256.1,257.4,24497031
3495,2017-01-30 09:15:00+05:30,258.4,261.0,255.5,256.1,8910592
3496,2017-01-31 09:15:00+05:30,256.2,259.95,254.6,258.1,9995686
3497,2017-02-01 09:15:00+05:30,260.0,270.1,258.5,269.7,33840797
3498,2017-02-02 09:15:00+05:30,271.0,279.9,269.5,274.3,29722686
3499,2017-02-03 09:15:00+05:30,274.0,275.5,270.5,273.05,9009906
3500,2017-02-06 09:15:00+05:30,274.9,279.0,274.1,276.8,8221552
3501,2017-02-07 09:15:00+05:30,278.6,292.15,275.6,277.1,24315156
3502,2017-02-08 09:15:00+05:30,275.5,279.0,272.0,274.8,10702679
3503,2017-02-09 09:15:00+05:30,276.0,278.4,272.65,277.65,4882374
3504,2017-02-10 09:15:00+05:30,278.7,279.1,271.55,273.35,7680000
3505,2017-02-13 09:15:00+05:30,275.4,276.35,268.6,270.6,8967548
3506,2017-02-14 09:15:00+05:30,270.0,273.5,269.15,270.8,6655626
3507,2017-02-15 09:15:00+05:30,271.2,275.5,271.2,273.4,7537315
3508,2017-02-16 09:15:00+05:30,270.05,271.5,265.7,266.65,10575410
3509,2017-02-17 09:15:00+05:30,267.35,268.9,264.0,268.15,9341064
3510,2017-02-20 09:15:00+05:30,266.0,267.45,265.55,266.05,5714329
3511,2017-02-21 09:15:00+05:30,266.0,266.25,260.8,263.15,9871075
3512,2017-02-22 09:15:00+05:30,264.4,266.25,261.65,263.45,8488101
3513,2017-02-23 09:15:00+05:30,264.0,268.2,261.6,265.65,12361234
3514,2017-02-27 09:15:00+05:30,265.55,266.0,257.85,264.6,5075088
3515,2017-02-28 09:15:00+05:30,263.0,264.6,260.9,262.2,8240790
3516,2017-03-01 09:15:00+05:30,262.4,269.7,262.4,268.5,14578413
3517,2017-03-02 09:15:00+05:30,268.5,270.25,263.5,264.75,10066049
3518,2017-03-03 09:15:00+05:30,262.0,263.4,258.15,261.55,9987225
3519,2017-03-06 09:15:00+05:30,262.7,265.05,261.55,264.1,9559221
3520,2017-03-07 09:15:00+05:30,264.3,265.0,261.15,264.25,6917130
3521,2017-03-08 09:15:00+05:30,264.45,265.5,263.5,264.15,5771334
3522,2017-03-09 09:15:00+05:30,266.1,266.3,262.3,264.95,9481938
3523,2017-03-10 09:15:00+05:30,264.95,265.05,262.65,263.45,5662302
3524,2017-03-14 09:15:00+05:30,266.2,271.65,265.2,267.1,17821655
3525,2017-03-15 09:15:00+05:30,265.2,270.7,265.2,268.2,13938663
3526,2017-03-16 09:15:00+05:30,270.25,271.25,267.5,268.45,8685534
3527,2017-03-17 09:15:00+05:30,276.8,288.9,276.8,281.25,52012274
3528,2017-03-20 09:15:00+05:30,282.9,284.2,277.8,281.9,15897260
3529,2017-03-21 09:15:00+05:30,283.2,288.6,283.0,287.9,13225065
3530,2017-03-22 09:15:00+05:30,285.0,287.85,278.6,279.85,12397015
3531,2017-03-23 09:15:00+05:30,277.5,282.5,275.1,277.6,16897153
3532,2017-03-24 09:15:00+05:30,278.85,283.0,278.75,281.0,7123953
3533,2017-03-27 09:15:00+05:30,280.45,282.9,276.3,281.6,12154973
3534,2017-03-28 09:15:00+05:30,281.6,282.2,280.05,280.5,6289874
3535,2017-03-29 09:15:00+05:30,280.2,283.7,280.2,283.2,8500724
3536,2017-03-30 09:15:00+05:30,284.0,284.65,280.05,282.75,14394053
3537,2017-03-31 09:15:00+05:30,281.0,283.0,278.75,280.3,9561098
3538,2017-04-03 09:15:00+05:30,282.8,283.6,278.65,281.55,7228785
3539,2017-04-05 09:15:00+05:30,283.2,283.5,277.7,278.95,10288783
3540,2017-04-06 09:15:00+05:30,278.2,279.15,273.2,274.1,15641571
3541,2017-04-07 09:15:00+05:30,273.0,274.15,270.9,272.65,9128592
3542,2017-04-10 09:15:00+05:30,275.0,275.0,272.1,273.55,5476450
3543,2017-04-11 09:15:00+05:30,273.1,282.6,271.8,282.05,10934606
3544,2017-04-12 09:15:00+05:30,281.7,284.8,279.55,281.9,7229006
3545,2017-04-13 09:15:00+05:30,281.9,282.0,277.5,279.15,3934247
3546,2017-04-17 09:15:00+05:30,276.55,282.5,275.55,279.1,4831017
3547,2017-04-18 09:15:00+05:30,280.2,284.0,278.1,279.05,4330981
3548,2017-04-19 09:15:00+05:30,281.15,281.5,277.85,278.7,4952956
3549,2017-04-20 09:15:00+05:30,279.7,281.5,278.35,279.5,4237611
3550,2017-04-21 09:15:00+05:30,282.0,282.0,272.7,274.35,8706432
3551,2017-04-24 09:15:00+05:30,276.4,277.55,271.15,276.75,7118774
3552,2017-04-25 09:15:00+05:30,278.0,282.0,273.9,281.3,12721177
3553,2017-04-26 09:15:00+05:30,283.3,292.9,282.0,290.9,18942043
3554,2017-04-27 09:15:00+05:30,291.4,291.9,284.5,285.8,13553616
3555,2017-04-28 09:15:00+05:30,285.8,286.5,277.35,278.0,12374841
3556,2017-05-02 09:15:00+05:30,280.5,281.3,276.5,279.2,7028028
3557,2017-05-03 09:15:00+05:30,279.5,279.5,275.5,277.25,6039290
3558,2017-05-04 09:15:00+05:30,277.9,282.2,276.15,281.2,7771540
3559,2017-05-05 09:15:00+05:30,280.95,280.95,276.4,277.15,4036786
3560,2017-05-08 09:15:00+05:30,277.55,278.5,272.55,272.95,10629552
3561,2017-05-09 09:15:00+05:30,273.5,276.65,271.0,271.5,6748832
3562,2017-05-10 09:15:00+05:30,272.2,275.7,272.0,273.95,4578228
3563,2017-05-11 09:15:00+05:30,275.5,279.15,274.0,276.65,9415397
3564,2017-05-12 09:15:00+05:30,277.3,277.3,274.05,274.95,4499390
3565,2017-05-15 09:15:00+05:30,275.9,278.9,275.5,277.95,5462855
3566,2017-05-16 09:15:00+05:30,278.5,284.3,278.0,283.45,11204308
3567,2017-05-17 09:15:00+05:30,284.1,284.4,279.25,281.65,8297700
3568,2017-05-18 09:15:00+05:30,278.0,281.05,277.05,277.9,7924261
3569,2017-05-19 09:15:00+05:30,282.25,295.65,281.95,286.2,35724128
3570,2017-05-22 09:15:00+05:30,292.45,304.8,291.3,303.6,35939315
3571,2017-05-23 09:15:00+05:30,301.9,303.9,298.25,300.15,19784738
3572,2017-05-24 09:15:00+05:30,300.0,301.95,297.9,299.9,9457848
3573,2017-05-25 09:15:00+05:30,300.0,304.7,295.35,300.05,22769975
3574,2017-05-26 09:15:00+05:30,302.0,313.8,299.55,309.1,21742467
3575,2017-05-29 09:15:00+05:30,304.0,319.85,303.5,315.85,19665146
3576,2017-05-30 09:15:00+05:30,312.9,315.2,310.05,311.45,8547146
3577,2017-05-31 09:15:00+05:30,311.45,313.4,307.0,311.8,12308066
3578,2017-06-01 09:15:00+05:30,312.0,316.75,310.8,314.2,8253042
3579,2017-06-02 09:15:00+05:30,316.1,319.9,315.2,319.2,11073749
3580,2017-06-05 09:15:00+05:30,315.0,318.25,313.3,317.45,9482413
3581,2017-06-06 09:15:00+05:30,317.5,319.0,309.3,311.05,9841205
3582,2017-06-07 09:15:00+05:30,311.3,314.75,310.35,312.25,11534375
3583,2017-06-08 09:15:00+05:30,313.0,313.25,309.4,311.6,7781415
3584,2017-06-09 09:15:00+05:30,310.75,312.6,304.7,306.0,10065468
3585,2017-06-12 09:15:00+05:30,307.0,307.5,302.5,304.4,6266299
3586,2017-06-13 09:15:00+05:30,305.05,306.0,302.2,305.25,5107002
3587,2017-06-14 09:15:00+05:30,304.95,306.0,299.15,299.85,14574048
3588,2017-06-15 09:15:00+05:30,302.95,302.95,299.5,301.9,7427656
3589,2017-06-16 09:15:00+05:30,302.5,309.6,302.5,306.8,12323676
3590,2017-06-19 09:15:00+05:30,309.0,311.85,308.1,310.9,6982651
3591,2017-06-20 09:15:00+05:30,312.0,312.2,308.1,308.7,8260929
3592,2017-06-21 09:15:00+05:30,309.4,311.0,307.2,308.95,8279767
3593,2017-06-22 09:15:00+05:30,308.65,314.2,308.2,311.3,8944754
3594,2017-06-23 09:15:00+05:30,310.0,312.9,308.6,311.0,7176861
3595,2017-06-27 09:15:00+05:30,311.75,316.5,311.0,312.35,9688675
3596,2017-06-28 09:15:00+05:30,311.6,311.6,307.1,308.35,7919072
3597,2017-06-29 09:15:00+05:30,309.1,313.25,308.6,311.6,9929212
3598,2017-06-30 09:15:00+05:30,310.25,324.7,310.25,323.65,23196959
3599,2017-07-03 09:15:00+05:30,346.0,354.8,340.3,342.5,47079622
3600,2017-07-04 09:15:00+05:30,342.8,343.45,336.25,337.25,11232007
3601,2017-07-05 09:15:00+05:30,337.25,337.85,330.25,331.05,11978317
3602,2017-07-06 09:15:00+05:30,334.3,338.75,331.3,337.1,13429462
3603,2017-07-07 09:15:00+05:30,338.0,338.2,333.05,334.3,9919790
3604,2017-07-10 09:15:00+05:30,341.0,367.7,331.0,333.3,1397176
3605,2017-07-11 09:15:00+05:30,335.0,335.05,330.0,330.4,8336685
3606,2017-07-12 09:15:00+05:30,328.4,333.6,327.4,328.85,10249263
3607,2017-07-13 09:15:00+05:30,332.0,339.5,331.0,338.75,17491942
3608,2017-07-14 09:15:00+05:30,339.95,339.95,334.8,337.15,5586611
3609,2017-07-17 09:15:00+05:30,335.0,335.0,320.7,325.15,20320210
3610,2017-07-18 09:15:00+05:30,292.65,292.65,276.4,284.55,149479681
3611,2017-07-19 09:15:00+05:30,287.8,292.9,286.2,291.45,39134264
3612,2017-07-20 09:15:00+05:30,294.0,294.9,288.4,289.5,15306864
3613,2017-07-21 09:15:00+05:30,291.5,291.75,286.55,288.9,13174402
3614,2017-07-24 09:15:00+05:30,290.0,295.35,288.1,293.25,17794337
3615,2017-07-25 09:15:00+05:30,295.0,295.15,290.85,291.4,9559657
3616,2017-07-26 09:15:00+05:30,292.0,294.25,291.5,293.65,9209593
3617,2017-07-27 09:15:00+05:30,294.7,295.4,286.75,288.55,18892800
3618,2017-07-28 09:15:00+05:30,294.3,294.75,287.15,291.55,18494629
3619,2017-07-31 09:15:00+05:30,289.5,290.3,284.5,285.25,21247233
3620,2017-08-01 09:15:00+05:30,285.3,288.55,285.0,287.85,13542016
3621,2017-08-02 09:15:00+05:30,289.8,289.9,284.3,285.45,9867353
3622,2017-08-03 09:15:00+05:30,285.0,285.4,280.65,281.4,10199231
3623,2017-08-04 09:15:00+05:30,280.4,284.4,279.65,280.75,11283020
3624,2017-08-07 09:15:00+05:30,281.6,283.0,279.45,279.85,8451267
3625,2017-08-08 09:15:00+05:30,280.1,281.4,273.5,274.15,12741118
3626,2017-08-09 09:15:00+05:30,274.0,275.4,270.4,272.85,9910187
3627,2017-08-10 09:15:00+05:30,272.65,274.65,270.75,273.1,9995867
3628,2017-08-11 09:15:00+05:30,271.0,274.45,270.1,271.5,14409594
3629,2017-08-14 09:15:00+05:30,274.4,274.4,270.5,271.25,9693041
3630,2017-08-16 09:15:00+05:30,272.0,281.75,271.35,279.2,18692336
3631,2017-08-17 09:15:00+05:30,281.85,282.9,277.9,280.0,13703999
3632,2017-08-18 09:15:00+05:30,279.25,284.0,276.8,281.85,14869905
3633,2017-08-21 09:15:00+05:30,282.35,285.0,280.95,281.6,13088154
3634,2017-08-22 09:15:00+05:30,282.0,285.0,280.35,282.9,11956919
3635,2017-08-23 09:15:00+05:30,283.5,285.6,281.6,282.55,8747634
3636,2017-08-24 09:15:00+05:30,282.0,283.5,281.1,281.45,10819303
3637,2017-08-28 09:15:00+05:30,282.1,283.0,279.3,282.45,9974428
3638,2017-08-29 09:15:00+05:30,282.35,282.9,279.4,280.25,6141239
3639,2017-08-30 09:15:00+05:30,281.15,282.9,280.6,282.0,6534233
3640,2017-08-31 09:15:00+05:30,283.0,283.15,280.4,282.25,11221831
3641,2017-09-01 09:15:00+05:30,282.2,284.35,280.7,283.6,7247857
3642,2017-09-04 09:15:00+05:30,283.45,283.85,282.0,283.1,8480587
3643,2017-09-05 09:15:00+05:30,282.65,283.9,281.6,282.85,7820187
3644,2017-09-06 09:15:00+05:30,280.5,281.0,275.25,275.7,14165258
3645,2017-09-07 09:15:00+05:30,277.0,277.55,269.55,270.4,19218142
3646,2017-09-08 09:15:00+05:30,271.15,273.3,270.0,272.35,9716093
3647,2017-09-11 09:15:00+05:30,272.4,274.4,271.5,273.6,9314031
3648,2017-09-12 09:15:00+05:30,275.5,278.25,274.6,277.65,11464781
3649,2017-09-13 09:15:00+05:30,277.4,277.5,270.95,271.5,12126147
3650,2017-09-14 09:15:00+05:30,272.3,272.5,270.4,272.0,7041114
3651,2017-09-15 09:15:00+05:30,272.0,272.75,268.2,269.3,13147594
3652,2017-09-18 09:15:00+05:30,271.0,271.7,266.25,267.0,10152294
3653,2017-09-19 09:15:00+05:30,268.0,270.0,264.1,267.85,33882424
3654,2017-09-20 09:15:00+05:30,269.4,272.0,267.75,271.55,9604767
3655,2017-09-21 09:15:00+05:30,272.0,272.4,267.1,269.55,7759828
3656,2017-09-22 09:15:00+05:30,269.5,270.95,267.05,268.45,6877525
3657,2017-09-25 09:15:00+05:30,268.5,269.65,260.9,262.25,17583222
3658,2017-09-26 09:15:00+05:30,263.3,263.75,261.05,262.45,9581360
3659,2017-09-27 09:15:00+05:30,265.1,265.5,256.8,258.5,17533620
3660,2017-09-28 09:15:00+05:30,260.4,263.4,259.1,261.55,21604711
3661,2017-09-29 09:15:00+05:30,262.8,262.9,257.45,258.3,12172012
3662,2017-10-03 09:15:00+05:30,262.5,262.75,258.5,261.4,11497927
3663,2017-10-04 09:15:00+05:30,264.1,268.5,263.15,267.4,10779322
3664,2017-10-05 09:15:00+05:30,267.4,269.4,264.4,265.25,6937298
3665,2017-10-06 09:15:00+05:30,265.8,267.5,264.65,266.15,7856190
3666,2017-10-09 09:15:00+05:30,268.0,269.15,266.4,268.0,6088623
3667,2017-10-10 09:15:00+05:30,267.1,267.9,265.15,266.2,5472538
3668,2017-10-11 09:15:00+05:30,266.5,267.75,264.45,265.4,7664687
3669,2017-10-12 09:15:00+05:30,265.55,269.2,264.0,267.0,9165813
3670,2017-10-13 09:15:00+05:30,266.25,267.6,264.2,265.95,12040762
3671,2017-10-16 09:15:00+05:30,266.0,269.95,265.5,267.5,9152244
3672,2017-10-17 09:15:00+05:30,268.0,268.7,265.95,267.25,10628854
3673,2017-10-18 09:15:00+05:30,268.0,270.75,267.1,270.35,7229879
3674,2017-10-23 09:15:00+05:30,270.0,272.75,265.8,267.05,9768072
3675,2017-10-24 09:15:00+05:30,268.45,268.45,266.1,267.0,8400196
3676,2017-10-25 09:15:00+05:30,268.4,271.5,268.2,269.25,5940597
3677,2017-10-26 09:15:00+05:30,270.8,270.8,267.15,268.4,9260157
3678,2017-10-27 09:15:00+05:30,270.6,276.0,267.45,269.35,22968176
3679,2017-10-30 09:15:00+05:30,269.0,270.6,263.45,265.15,17589111
3680,2017-10-31 09:15:00+05:30,266.05,266.95,263.9,265.7,8139444
3681,2017-11-01 09:15:00+05:30,267.0,271.2,266.3,269.85,7237682
3682,2017-11-02 09:15:00+05:30,269.7,269.95,265.3,265.65,9683859
3683,2017-11-03 09:15:00+05:30,267.0,267.9,264.9,265.4,5980143
3684,2017-11-06 09:15:00+05:30,266.25,267.9,264.3,264.9,9020725
3685,2017-11-07 09:15:00+05:30,265.7,267.7,263.65,265.3,9506715
3686,2017-11-08 09:15:00+05:30,265.35,266.5,264.7,265.4,5957114
3687,2017-11-09 09:15:00+05:30,266.4,266.5,259.3,260.05,20246351
3688,2017-11-10 09:15:00+05:30,260.55,265.2,259.4,261.7,16792035
3689,2017-11-13 09:15:00+05:30,263.0,263.3,258.0,258.3,7396182
3690,2017-11-14 09:15:00+05:30,258.5,260.85,256.0,256.55,8335504
3691,2017-11-15 09:15:00+05:30,257.0,257.35,250.4,253.3,17011726
3692,2017-11-16 09:15:00+05:30,254.7,255.6,252.4,255.1,9959845
3693,2017-11-17 09:15:00+05:30,256.5,259.0,256.0,258.0,9998498
3694,2017-11-20 09:15:00+05:30,258.6,260.7,257.25,259.2,7916268
3695,2017-11-21 09:15:00+05:30,259.5,259.5,255.2,255.8,16626216
3696,2017-11-22 09:15:00+05:30,256.0,258.65,255.6,258.15,8609960
3697,2017-11-23 09:15:00+05:30,258.35,260.7,256.4,258.15,7524346
3698,2017-11-24 09:15:00+05:30,258.5,261.45,258.05,260.75,7347756
3699,2017-11-27 09:15:00+05:30,260.0,260.5,257.3,259.25,4836535
3700,2017-11-28 09:15:00+05:30,259.1,259.2,256.0,257.0,17508901
3701,2017-11-29 09:15:00+05:30,258.0,258.7,257.0,258.05,8697821
3702,2017-11-30 09:15:00+05:30,257.9,258.2,254.65,256.05,22116235
3703,2017-12-01 09:15:00+05:30,256.95,259.6,254.65,255.2,6593537
3704,2017-12-04 09:15:00+05:30,256.0,256.3,253.55,255.1,6111791
3705,2017-12-05 09:15:00+05:30,255.0,255.35,252.5,253.85,8991412
3706,2017-12-06 09:15:00+05:30,253.25,253.25,250.85,251.6,8244499
3707,2017-12-07 09:15:00+05:30,250.0,254.1,250.0,253.35,5426456
3708,2017-12-08 09:15:00+05:30,253.75,263.2,253.4,262.2,13132943
3709,2017-12-11 09:15:00+05:30,264.65,267.5,263.3,266.25,17181015
3710,2017-12-12 09:15:00+05:30,264.5,265.2,260.5,261.55,9243049
3711,2017-12-13 09:15:00+05:30,259.6,262.4,257.6,259.0,8653465
3712,2017-12-14 09:15:00+05:30,260.9,266.15,257.55,264.25,8043427
3713,2017-12-15 09:15:00+05:30,266.0,267.05,263.45,264.6,12269517
3714,2017-12-18 09:15:00+05:30,265.5,265.5,259.05,263.2,9293059
3715,2017-12-19 09:15:00+05:30,263.4,265.4,263.1,264.25,5881181
3716,2017-12-20 09:15:00+05:30,264.7,264.7,262.7,263.3,7441512
3717,2017-12-21 09:15:00+05:30,265.9,265.9,261.6,263.05,6771408
3718,2017-12-22 09:15:00+05:30,263.5,264.2,262.15,263.1,6405364
3719,2017-12-26 09:15:00+05:30,263.25,265.0,262.65,264.15,9549857
3720,2017-12-27 09:15:00+05:30,264.2,264.3,261.65,262.15,6091016
3721,2017-12-28 09:15:00+05:30,263.4,264.05,261.05,261.85,15889965
3722,2017-12-29 09:15:00+05:30,262.5,264.0,262.25,263.25,6565616
3723,2018-01-01 09:15:00+05:30,263.25,266.3,261.25,262.3,10461011
3724,2018-01-02 09:15:00+05:30,262.6,264.2,260.45,260.75,5688384
3725,2018-01-03 09:15:00+05:30,261.3,262.65,260.6,261.15,11018996
3726,2018-01-04 09:15:00+05:30,260.95,262.75,260.6,261.55,9368913
3727,2018-01-05 09:15:00+05:30,261.9,263.5,261.9,262.9,9211954
3728,2018-01-08 09:15:00+05:30,264.0,266.8,263.25,265.6,14433239
3729,2018-01-09 09:15:00+05:30,265.5,272.0,264.75,270.55,25737663
3730,2018-01-10 09:15:00+05:30,273.45,274.0,269.05,269.4,16441299
3731,2018-01-11 09:15:00+05:30,269.5,271.0,268.1,269.8,11287447
3732,2018-01-12 09:15:00+05:30,270.25,271.35,266.15,267.55,8179762
3733,2018-01-15 09:15:00+05:30,268.0,271.1,267.0,267.6,10538330
3734,2018-01-16 09:15:00+05:30,268.2,268.7,260.8,261.7,12935712
3735,2018-01-17 09:15:00+05:30,262.0,267.0,259.55,266.05,16375659
3736,2018-01-18 09:15:00+05:30,268.0,275.25,266.65,273.4,26442702
3737,2018-01-19 09:15:00+05:30,276.0,277.5,271.1,274.55,25710521
3738,2018-01-22 09:15:00+05:30,275.0,275.5,271.7,273.65,8339156
3739,2018-01-23 09:15:00+05:30,274.0,277.25,273.55,276.6,18244388
3740,2018-01-24 09:15:00+05:30,276.65,282.0,276.05,281.45,17305234
3741,2018-01-25 09:15:00+05:30,281.0,283.2,278.6,281.25,13124518
3742,2018-01-29 09:15:00+05:30,281.15,283.3,275.0,275.65,9569723
3743,2018-01-30 09:15:00+05:30,275.0,276.45,271.95,275.2,13057276
3744,2018-01-31 09:15:00+05:30,273.9,276.0,269.85,271.4,18945945
3745,2018-02-01 09:15:00+05:30,272.0,290.3,267.4,275.3,59362154
3746,2018-02-02 09:15:00+05:30,274.4,285.65,270.8,275.35,35008302
3747,2018-02-05 09:15:00+05:30,273.55,281.7,271.85,279.25,19706340
3748,2018-02-06 09:15:00+05:30,269.95,277.3,268.15,273.5,15822723
3749,2018-02-07 09:15:00+05:30,278.0,278.75,274.0,275.15,12956103
3750,2018-02-08 09:15:00+05:30,275.7,276.9,272.65,274.1,9779911
3751,2018-02-09 09:15:00+05:30,271.0,272.5,267.8,271.35,14204123
3752,2018-02-12 09:15:00+05:30,272.45,273.85,269.3,269.85,6713679
3753,2018-02-14 09:15:00+05:30,270.0,271.0,265.1,266.5,11303222
3754,2018-02-15 09:15:00+05:30,266.5,269.9,264.8,268.1,11736246
3755,2018-02-16 09:15:00+05:30,269.85,270.75,265.6,266.45,6164187
3756,2018-02-19 09:15:00+05:30,266.0,267.8,262.5,264.1,6069585
3757,2018-02-20 09:15:00+05:30,264.0,265.8,262.15,263.25,9301017
3758,2018-02-21 09:15:00+05:30,264.0,268.95,263.45,268.2,10555155
3759,2018-02-22 09:15:00+05:30,267.2,269.0,265.45,267.1,19118686
3760,2018-02-23 09:15:00+05:30,267.45,270.0,266.1,269.05,6529253
3761,2018-02-26 09:15:00+05:30,268.55,269.5,266.0,266.55,8378818
3762,2018-02-27 09:15:00+05:30,268.0,268.2,265.5,266.4,7429924
3763,2018-02-28 09:15:00+05:30,265.0,266.3,263.05,265.05,13451146
3764,2018-03-01 09:15:00+05:30,264.2,266.1,262.85,264.0,7781553
3765,2018-03-05 09:15:00+05:30,263.3,263.3,260.0,260.25,6623613
3766,2018-03-06 09:15:00+05:30,261.05,262.4,255.5,256.5,8180373
3767,2018-03-07 09:15:00+05:30,256.5,260.5,253.55,259.9,15153219
3768,2018-03-08 09:15:00+05:30,260.3,261.9,257.75,258.85,6027032
3769,2018-03-09 09:15:00+05:30,259.0,260.9,258.25,259.25,6110339
3770,2018-03-12 09:15:00+05:30,264.0,270.85,262.95,270.1,19900387
3771,2018-03-13 09:15:00+05:30,269.65,272.0,267.2,269.45,8326884
3772,2018-03-14 09:15:00+05:30,268.05,269.05,265.3,268.05,7907101
3773,2018-03-15 09:15:00+05:30,267.0,269.9,265.2,265.55,5557668
3774,2018-03-16 09:15:00+05:30,266.4,266.4,258.85,260.5,20680532
3775,2018-03-19 09:15:00+05:30,260.55,262.2,258.3,259.15,12926158
3776,2018-03-20 09:15:00+05:30,258.15,259.95,257.5,259.2,7481088
3777,2018-03-21 09:15:00+05:30,260.05,261.65,258.7,259.05,12920867
3778,2018-03-22 09:15:00+05:30,260.0,261.45,257.85,258.3,8011131
3779,2018-03-23 09:15:00+05:30,256.0,258.8,254.75,256.0,11185677
3780,2018-03-26 09:15:00+05:30,252.9,260.0,252.5,258.1,12499724
3781,2018-03-27 09:15:00+05:30,258.8,260.5,256.9,258.9,8769415
3782,2018-03-28 09:15:00+05:30,258.0,258.95,254.35,255.5,12270479
3783,2018-04-02 09:15:00+05:30,257.0,258.95,255.45,258.25,7029064
3784,2018-04-03 09:15:00+05:30,258.0,260.0,257.5,258.5,5098212
3785,2018-04-04 09:15:00+05:30,259.5,259.8,257.1,258.6,8392947
3786,2018-04-05 09:15:00+05:30,255.5,260.0,255.5,259.65,9113610
3787,2018-04-06 09:15:00+05:30,260.5,262.0,260.05,260.85,6098959
3788,2018-04-09 09:15:00+05:30,261.15,266.6,260.9,265.8,9217475
3789,2018-04-10 09:15:00+05:30,266.35,268.7,265.1,266.7,14682547
3790,2018-04-11 09:15:00+05:30,266.9,267.55,263.4,265.15,5232228
3791,2018-04-12 09:15:00+05:30,265.1,265.15,261.4,261.95,6125006
3792,2018-04-13 09:15:00+05:30,263.0,263.5,260.0,260.75,4991314
3793,2018-04-16 09:15:00+05:30,260.5,264.9,260.0,264.45,5212182
3794,2018-04-17 09:15:00+05:30,265.4,268.4,262.7,267.6,13207767
3795,2018-04-18 09:15:00+05:30,268.7,278.9,268.0,275.35,23815794
3796,2018-04-19 09:15:00+05:30,277.25,280.0,275.25,277.35,12823460
3797,2018-04-20 09:15:00+05:30,276.0,279.25,273.5,276.2,10790554
3798,2018-04-23 09:15:00+05:30,276.0,277.2,275.0,275.5,11746220
3799,2018-04-24 09:15:00+05:30,276.0,278.85,274.65,276.0,8449353
3800,2018-04-25 09:15:00+05:30,275.5,276.3,272.7,274.1,4928817
3801,2018-04-26 09:15:00+05:30,274.55,279.1,273.0,278.25,20282977
3802,2018-04-27 09:15:00+05:30,279.6,280.95,278.4,279.4,9732842
3803,2018-04-30 09:15:00+05:30,279.6,283.85,279.6,281.45,5918966
3804,2018-05-02 09:15:00+05:30,282.1,288.7,280.25,287.25,16071685
3805,2018-05-03 09:15:00+05:30,287.5,289.7,283.05,285.0,9366444
3806,2018-05-04 09:15:00+05:30,287.0,287.0,275.85,277.15,10904195
3807,2018-05-07 09:15:00+05:30,278.3,283.4,276.9,282.25,6475767
3808,2018-05-08 09:15:00+05:30,283.15,285.95,282.0,282.7,6588906
3809,2018-05-09 09:15:00+05:30,281.5,284.0,281.5,282.3,4214376
3810,2018-05-10 09:15:00+05:30,282.95,283.95,277.3,280.15,5672203
3811,2018-05-11 09:15:00+05:30,281.9,284.0,279.75,283.65,3892106
3812,2018-05-14 09:15:00+05:30,283.0,287.3,282.0,284.8,6479302
3813,2018-05-15 09:15:00+05:30,284.85,286.0,280.7,281.85,7777542
3814,2018-05-16 09:15:00+05:30,279.95,288.8,279.55,285.85,18062869
3815,2018-05-17 09:15:00+05:30,288.0,288.7,278.45,278.95,10755084
3816,2018-05-18 09:15:00+05:30,278.55,285.55,276.0,282.3,15422138
3817,2018-05-21 09:15:00+05:30,282.3,284.0,278.5,282.35,8579200
3818,2018-05-22 09:15:00+05:30,282.0,283.1,278.05,278.75,4730984
3819,2018-05-23 09:15:00+05:30,279.0,279.4,272.95,273.45,7891899
3820,2018-05-24 09:15:00+05:30,274.0,276.8,271.75,274.85,6282351
3821,2018-05-25 09:15:00+05:30,272.4,275.0,268.75,272.3,9244273
3822,2018-05-28 09:15:00+05:30,274.0,277.5,272.4,275.3,6997081
3823,2018-05-29 09:15:00+05:30,274.8,277.75,272.45,274.05,8830998
3824,2018-05-30 09:15:00+05:30,272.5,273.7,270.65,271.9,8005601
3825,2018-05-31 09:15:00+05:30,272.2,272.7,269.6,271.65,13212672
3826,2018-06-01 09:15:00+05:30,271.15,271.7,269.1,269.95,6607768
3827,2018-06-04 09:15:00+05:30,270.25,271.95,267.5,268.9,7984112
3828,2018-06-05 09:15:00+05:30,269.0,269.85,266.85,267.5,5788321
3829,2018-06-06 09:15:00+05:30,268.0,271.15,267.8,270.4,7296797
3830,2018-06-07 09:15:00+05:30,270.5,272.3,270.1,271.05,6797792
3831,2018-06-08 09:15:00+05:30,271.1,271.5,267.0,267.9,6769606
3832,2018-06-11 09:15:00+05:30,268.5,271.9,268.15,269.25,8572974
3833,2018-06-12 09:15:00+05:30,269.3,274.6,269.25,270.25,8449515
3834,2018-06-13 09:15:00+05:30,271.5,271.8,267.2,267.85,7817856
3835,2018-06-14 09:15:00+05:30,266.5,268.9,266.0,267.25,9169601
3836,2018-06-15 09:15:00+05:30,267.5,267.75,263.6,264.5,10814596
3837,2018-06-18 09:15:00+05:30,264.45,265.5,263.5,264.55,6281093
3838,2018-06-19 09:15:00+05:30,264.9,267.15,262.65,266.05,7336092
3839,2018-06-20 09:15:00+05:30,266.45,267.0,263.05,263.75,9540207
3840,2018-06-21 09:15:00+05:30,264.4,264.8,260.4,260.85,7137481
3841,2018-06-22 09:15:00+05:30,260.55,266.8,260.0,265.15,16820667
3842,2018-06-25 09:15:00+05:30,265.15,265.4,259.75,262.6,13617718
3843,2018-06-26 09:15:00+05:30,262.45,266.15,262.15,264.8,10087090
3844,2018-06-27 09:15:00+05:30,264.9,265.0,261.5,262.75,10036967
3845,2018-06-28 09:15:00+05:30,262.0,264.0,259.0,260.5,14637010
3846,2018-06-29 09:15:00+05:30,261.8,267.55,260.3,266.2,10907020
3847,2018-07-02 09:15:00+05:30,267.0,267.1,260.05,263.05,18097981
3848,2018-07-03 09:15:00+05:30,263.5,266.75,261.15,265.45,10385004
3849,2018-07-04 09:15:00+05:30,266.3,266.3,262.2,264.4,7881279
3850,2018-07-05 09:15:00+05:30,264.6,273.8,263.5,272.5,15473199
3851,2018-07-06 09:15:00+05:30,272.75,274.75,270.15,272.65,12936762
3852,2018-07-09 09:15:00+05:30,275.0,276.0,272.2,274.4,9782072
3853,2018-07-10 09:15:00+05:30,275.5,277.5,273.1,277.05,11486223
3854,2018-07-11 09:15:00+05:30,276.85,280.3,273.75,275.75,11362662
3855,2018-07-12 09:15:00+05:30,275.75,278.15,273.3,277.2,9902834
3856,2018-07-13 09:15:00+05:30,278.0,278.3,269.2,270.4,18590126
3857,2018-07-16 09:15:00+05:30,270.3,273.3,269.7,271.6,10281018
3858,2018-07-17 09:15:00+05:30,271.05,273.0,269.3,269.85,10033333
3859,2018-07-18 09:15:00+05:30,271.1,271.3,267.6,268.55,7050253
3860,2018-07-19 09:15:00+05:30,268.9,274.6,266.25,273.3,8956760
3861,2018-07-20 09:15:00+05:30,273.25,274.8,270.65,274.0,6572535
3862,2018-07-23 09:51:00+05:30,279.5,286.65,277.15,284.15,26056261
3863,2018-07-24 09:15:00+05:30,284.5,287.0,283.55,285.65,12111542
3864,2018-07-25 09:15:00+05:30,284.25,286.95,283.2,286.15,13301823
3865,2018-07-26 09:15:00+05:30,287.0,291.15,284.2,287.2,20698478
3866,2018-07-27 09:15:00+05:30,300.0,307.15,295.0,302.55,75862167
3867,2018-07-30 09:15:00+05:30,302.0,303.6,300.0,301.05,17080727
3868,2018-07-31 09:15:00+05:30,300.75,301.35,295.55,297.7,14563274
3869,2018-08-01 09:15:00+05:30,298.05,302.95,296.1,301.6,14624672
3870,2018-08-02 09:15:00+05:30,300.5,303.5,297.3,299.2,9847568
3871,2018-08-03 09:15:00+05:30,300.0,305.4,298.15,303.95,12470372
3872,2018-08-06 09:15:00+05:30,305.0,306.9,300.0,301.8,7683950
3873,2018-08-07 09:15:00+05:30,302.95,304.2,299.75,301.1,7188877
3874,2018-08-08 09:15:00+05:30,300.25,302.4,300.0,300.95,6442258
3875,2018-08-09 09:15:00+05:30,301.75,304.6,300.05,302.5,9221385
3876,2018-08-10 09:15:00+05:30,302.0,306.9,301.15,304.8,14777932
3877,2018-08-13 09:15:00+05:30,304.0,307.8,303.15,305.95,9957591
3878,2018-08-14 09:15:00+05:30,307.0,310.2,306.85,307.9,12315926
3879,2018-08-16 09:15:00+05:30,307.9,308.5,305.1,307.45,18674289
3880,2018-08-17 09:15:00+05:30,307.8,315.3,307.8,313.75,25413745
3881,2018-08-20 09:15:00+05:30,314.2,315.0,311.3,313.3,19218118
3882,2018-08-21 09:15:00+05:30,314.5,317.0,312.0,312.9,13618791
3883,2018-08-23 09:15:00+05:30,314.0,316.4,307.35,312.0,11309613
3884,2018-08-24 09:15:00+05:30,311.0,312.0,307.0,310.4,5445848
3885,2018-08-27 09:15:00+05:30,311.2,314.85,310.5,313.4,5278766
3886,2018-08-28 09:15:00+05:30,314.0,315.8,311.0,311.65,6609740
3887,2018-08-29 09:15:00+05:30,311.7,315.45,310.0,312.8,10349504
3888,2018-08-30 09:15:00+05:30,313.5,320.6,313.5,319.85,24973007
3889,2018-08-31 09:15:00+05:30,322.0,322.6,317.2,319.85,18084699
3890,2018-09-03 09:15:00+05:30,322.95,322.95,311.05,313.2,9112998
3891,2018-09-04 09:15:00+05:30,312.0,312.2,307.0,309.6,11184441
3892,2018-09-05 09:15:00+05:30,310.4,314.45,309.25,310.25,10139205
3893,2018-09-06 09:15:00+05:30,311.4,311.75,308.05,310.8,7609714
3894,2018-09-07 09:15:00+05:30,311.6,313.2,308.1,310.45,7188478
3895,2018-09-10 09:15:00+05:30,310.2,310.75,305.55,306.55,9635849
3896,2018-09-11 09:15:00+05:30,306.65,306.75,295.55,297.2,26006624
3897,2018-09-12 09:15:00+05:30,297.75,307.6,295.4,306.8,19423600
3898,2018-09-14 09:15:00+05:30,307.0,308.65,305.05,307.15,12823479
3899,2018-09-17 09:15:00+05:30,305.0,306.1,301.5,302.0,5825628
3900,2018-09-18 09:15:00+05:30,302.2,304.9,299.3,303.25,8199623
3901,2018-09-19 09:15:00+05:30,304.5,305.65,298.0,299.65,6150336
3902,2018-09-21 09:15:00+05:30,300.4,306.6,300.4,303.95,16337218
3903,2018-09-24 09:15:00+05:30,305.0,306.35,292.5,297.95,14452668
3904,2018-09-25 09:15:00+05:30,296.9,302.35,292.35,301.15,13273933
3905,2018-09-26 09:15:00+05:30,303.0,303.0,289.75,293.15,19891787
3906,2018-09-27 09:15:00+05:30,293.5,295.1,289.5,293.3,12084852
3907,2018-09-28 09:15:00+05:30,295.0,300.0,291.8,297.75,24606864
3908,2018-10-01 09:15:00+05:30,300.85,302.95,293.4,297.1,9025533
3909,2018-10-03 09:15:00+05:30,297.0,300.0,294.65,295.2,7570160
3910,2018-10-04 09:15:00+05:30,293.85,295.7,285.15,287.1,8105763
3911,2018-10-05 09:15:00+05:30,285.5,286.0,275.1,276.5,17622969
3912,2018-10-08 09:15:00+05:30,279.0,279.4,269.15,273.2,16430487
3913,2018-10-09 09:15:00+05:30,275.5,275.5,267.75,268.5,10540674
3914,2018-10-10 09:15:00+05:30,269.9,271.15,267.2,270.1,11479650
3915,2018-10-11 09:15:00+05:30,265.0,269.3,263.65,265.2,10609934
3916,2018-10-12 09:15:00+05:30,267.5,277.65,267.3,275.2,13425871
3917,2018-10-15 09:15:00+05:30,278.95,283.6,276.0,282.5,17933322
3918,2018-10-16 09:15:00+05:30,283.0,283.75,276.35,282.65,11867994
3919,2018-10-17 09:15:00+05:30,283.9,291.65,281.55,286.45,15307324
3920,2018-10-19 09:15:00+05:30,285.0,291.55,284.75,289.45,8032126
3921,2018-10-22 09:15:00+05:30,292.0,293.1,287.3,288.5,12484871
3922,2018-10-23 09:15:00+05:30,286.0,291.2,283.55,286.0,10843970
3923,2018-10-24 09:15:00+05:30,288.7,289.65,286.35,287.75,8690022
3924,2018-10-25 09:15:00+05:30,286.0,289.5,284.5,287.55,9584217
3925,2018-10-26 09:15:00+05:30,289.7,289.8,276.0,280.9,21475541
3926,2018-10-29 09:15:00+05:30,281.9,285.25,278.95,283.5,11342580
3927,2018-10-30 09:15:00+05:30,283.25,283.85,278.0,278.95,6847149
3928,2018-10-31 09:15:00+05:30,279.55,281.0,272.85,280.1,13501859
3929,2018-11-01 09:15:00+05:30,280.0,281.8,274.8,277.4,9452718
3930,2018-11-02 09:15:00+05:30,278.3,285.95,278.3,283.25,11644681
3931,2018-11-05 09:15:00+05:30,285.25,285.25,278.4,279.6,7381232
3932,2018-11-06 09:15:00+05:30,281.1,281.85,276.1,277.3,9766345
3933,2018-11-09 09:15:00+05:30,279.0,279.7,275.9,277.25,15034793
3934,2018-11-12 09:15:00+05:30,277.8,278.2,273.25,273.85,7047500
3935,2018-11-13 09:15:00+05:30,273.95,277.9,273.15,276.85,6700755
3936,2018-11-14 09:15:00+05:30,278.1,278.4,274.65,276.45,6915975
3937,2018-11-15 09:15:00+05:30,276.85,279.25,273.5,274.5,12153864
3938,2018-11-16 09:15:00+05:30,275.8,278.3,275.25,276.55,12635521
3939,2018-11-19 09:15:00+05:30,277.35,285.0,276.5,284.5,16720100
3940,2018-11-20 09:15:00+05:30,285.0,286.65,281.8,283.85,7796633
3941,2018-11-21 09:15:00+05:30,284.5,284.8,280.0,281.75,5650063
3942,2018-11-22 09:15:00+05:30,282.0,284.5,279.6,280.5,6680354
3943,2018-11-26 09:15:00+05:30,281.25,286.35,280.7,285.65,8948042
3944,2018-11-27 09:15:00+05:30,286.1,286.45,282.8,284.85,6881741
3945,2018-11-28 09:15:00+05:30,285.4,287.95,280.8,282.2,8856761
3946,2018-11-29 09:15:00+05:30,283.65,289.3,283.45,287.55,13657479
3947,2018-11-30 09:15:00+05:30,289.5,290.0,284.8,285.8,8639876
3948,2018-12-03 00:00:00+05:30,287.25,289.5,282.55,282.95,8565591
3949,2018-12-04 00:00:00+05:30,281.0,283.3,280.95,281.85,6305882
3950,2018-12-05 00:00:00+05:30,281.0,281.8,274.2,275.35,11453283
3951,2018-12-06 00:00:00+05:30,274.5,274.9,271.5,273.05,9682118
3952,2018-12-07 00:00:00+05:30,274.95,276.2,273.3,274.05,8103784
3953,2018-12-10 00:00:00+05:30,272.0,272.3,269.15,270.45,6683094
3954,2018-12-11 00:00:00+05:30,268.4,276.05,268.2,274.7,10238800
3955,2018-12-12 00:00:00+05:30,275.7,277.7,272.6,276.05,10084682
3956,2018-12-13 00:00:00+05:30,279.0,279.4,273.5,275.3,15821425
3957,2018-12-14 00:00:00+05:30,274.35,277.25,273.9,275.75,8594764
3958,2018-12-17 00:00:00+05:30,277.0,281.4,275.9,279.85,12232198
3959,2018-12-18 00:00:00+05:30,279.05,280.6,277.0,278.15,8832786
3960,2018-12-19 00:00:00+05:30,279.0,284.0,278.5,283.45,13133469
3961,2018-12-20 00:00:00+05:30,281.0,284.4,281.0,282.65,4964496
3962,2018-12-21 00:00:00+05:30,283.0,284.0,276.05,276.75,6816618
3963,2018-12-24 00:00:00+05:30,278.85,280.7,275.25,276.0,8540575
3964,2018-12-26 00:00:00+05:30,276.35,278.8,274.8,276.65,8494118
3965,2018-12-27 00:00:00+05:30,279.0,281.65,277.3,280.75,11441104
3966,2018-12-28 00:00:00+05:30,279.15,284.0,279.15,282.25,13194286
3967,2018-12-31 00:00:00+05:30,282.8,283.85,281.1,281.65,5452405
3968,2019-01-01 00:00:00+05:30,282.2,283.55,279.8,282.7,2490548
3969,2019-01-02 00:00:00+05:30,282.25,283.25,277.55,280.6,9934187
3970,2019-01-03 00:00:00+05:30,280.6,282.45,277.75,278.85,6114946
3971,2019-01-04 00:00:00+05:30,279.15,282.95,279.15,280.95,7805148
3972,2019-01-07 00:00:00+05:30,284.3,285.25,281.0,281.65,9757529
3973,2019-01-08 00:00:00+05:30,282.0,285.5,281.35,284.25,7480522
3974,2019-01-09 00:00:00+05:30,285.6,291.7,284.6,290.4,12182118
3975,2019-01-10 00:00:00+05:30,290.75,293.7,288.9,289.6,10288580
3976,2019-01-11 00:00:00+05:30,291.9,296.0,291.5,295.35,16773035
3977,2019-01-14 00:00:00+05:30,294.5,294.8,290.0,294.3,6400147
3978,2019-01-15 00:00:00+05:30,295.25,297.4,294.0,296.55,7213165
3979,2019-01-16 00:00:00+05:30,296.0,296.55,291.7,294.05,7784035
3980,2019-01-17 00:00:00+05:30,294.1,295.6,290.15,293.95,10601100
3981,2019-01-18 00:00:00+05:30,293.25,295.1,290.65,291.45,10994807
3982,2019-01-21 00:00:00+05:30,292.85,293.2,288.7,289.9,8203333
3983,2019-01-22 00:00:00+05:30,289.85,291.0,285.15,289.75,10329563
3984,2019-01-23 00:00:00+05:30,291.5,294.4,275.0,277.3,40188183
3985,2019-01-24 00:00:00+05:30,279.3,283.35,277.85,278.9,28026449
3986,2019-01-25 00:00:00+05:30,280.0,282.7,278.5,279.2,8897906
3987,2019-01-28 00:00:00+05:30,278.9,279.45,274.2,274.75,8992136
3988,2019-01-29 00:00:00+05:30,275.3,279.0,274.75,278.45,6998389
3989,2019-01-30 00:00:00+05:30,280.1,280.2,274.2,275.5,10449713
3990,2019-01-31 00:00:00+05:30,276.5,279.6,273.6,278.65,15346406
3991,2019-02-01 00:00:00+05:30,280.65,285.2,279.1,280.85,18353829
3992,2019-02-04 00:00:00+05:30,281.9,281.9,276.05,277.1,6056619
3993,2019-02-05 00:00:00+05:30,277.35,277.8,272.5,274.15,9827060
3994,2019-02-06 00:00:00+05:30,275.0,278.4,274.55,277.7,8097580
3995,2019-02-07 00:00:00+05:30,277.9,281.0,277.0,280.3,5947966
3996,2019-02-08 00:00:00+05:30,279.5,281.2,274.6,275.5,4405887
3997,2019-02-11 00:00:00+05:30,275.8,278.2,268.45,277.1,9952322
3998,2019-02-12 00:00:00+05:30,277.05,280.5,274.6,275.3,7341352
3999,2019-02-13 00:00:00+05:30,280.05,283.9,275.2,276.85,15344186
4000,2019-02-14 00:00:00+05:30,277.0,280.2,277.0,277.9,9993785
4001,2019-02-15 00:00:00+05:30,279.0,280.95,275.4,280.1,37552143
4002,2019-02-18 00:00:00+05:30,278.8,282.45,273.9,274.7,40666405
4003,2019-02-19 00:00:00+05:30,274.0,279.2,274.0,275.9,34451117
4004,2019-02-20 00:00:00+05:30,277.25,277.5,274.25,275.85,5977880
4005,2019-02-21 00:00:00+05:30,275.9,276.75,274.2,275.05,6995026
4006,2019-02-22 00:00:00+05:30,275.6,275.95,273.1,274.3,8763445
4007,2019-02-25 00:00:00+05:30,274.5,277.15,273.0,276.7,30047503
4008,2019-02-26 00:00:00+05:30,274.95,277.0,274.05,275.5,11779606
4009,2019-02-27 00:00:00+05:30,276.0,278.9,273.9,275.1,13128412
4010,2019-02-28 00:00:00+05:30,277.3,277.3,274.25,276.05,43208896
4011,2019-03-01 00:00:00+05:30,276.45,279.0,276.25,278.2,8830848
4012,2019-03-05 00:00:00+05:30,280.0,284.0,276.05,282.55,13580306
4013,2019-03-06 00:00:00+05:30,285.0,289.2,284.75,285.75,20045621
4014,2019-03-07 00:00:00+05:30,286.7,291.0,285.85,290.1,14287507
4015,2019-03-08 00:00:00+05:30,290.3,293.0,288.4,292.0,12681454
4016,2019-03-11 00:00:00+05:30,293.0,294.9,291.1,292.95,14720968
4017,2019-03-12 00:00:00+05:30,294.0,295.65,293.15,294.5,14142103
4018,2019-03-13 00:00:00+05:30,295.0,297.0,294.15,294.9,11070294
4019,2019-03-14 00:00:00+05:30,295.4,296.0,290.45,295.5,10113962
4020,2019-03-15 00:00:00+05:30,295.95,296.55,289.35,290.8,21395473
4021,2019-03-18 00:00:00+05:30,292.0,294.2,291.3,293.75,9166882
4022,2019-03-19 00:00:00+05:30,294.6,300.0,293.35,299.45,15756420
4023,2019-03-20 00:00:00+05:30,300.0,301.95,296.6,298.9,15619922
4024,2019-03-22 00:00:00+05:30,300.0,300.0,296.55,298.2,8067384
4025,2019-03-25 00:00:00+05:30,297.0,297.0,293.2,295.05,8015871
4026,2019-03-26 00:00:00+05:30,295.0,296.35,291.05,293.4,10763629
4027,2019-03-27 00:00:00+05:30,294.0,296.7,291.6,293.1,8432517
4028,2019-03-28 00:00:00+05:30,294.1,302.0,293.0,300.0,17752380
4029,2019-03-29 00:00:00+05:30,302.0,303.0,295.45,297.25,11913335
4030,2019-04-01 00:00:00+05:30,297.0,299.2,296.55,297.25,6203276
4031,2019-04-02 00:00:00+05:30,297.4,300.0,294.65,297.9,9849417
4032,2019-04-03 00:00:00+05:30,298.0,299.0,295.15,296.15,9064767
4033,2019-04-04 00:00:00+05:30,296.0,297.3,293.75,294.8,6965053
4034,2019-04-05 00:00:00+05:30,295.05,296.4,292.65,294.55,7806991
4035,2019-04-08 00:00:00+05:30,294.65,295.0,291.7,292.75,5288853
4036,2019-04-09 00:00:00+05:30,292.5,296.7,292.25,296.3,6175672
4037,2019-04-10 00:00:00+05:30,296.05,296.55,293.5,294.7,5334642
4038,2019-04-11 00:00:00+05:30,294.55,297.45,293.0,296.4,10764968
4039,2019-04-12 00:00:00+05:30,296.65,307.4,295.6,305.75,21818291
4040,2019-04-15 00:00:00+05:30,307.9,310.0,304.35,305.5,12612414
4041,2019-04-16 00:00:00+05:30,306.8,309.95,306.15,307.2,9746168
4042,2019-04-18 00:00:00+05:30,308.25,308.25,303.55,304.4,8838122
4043,2019-04-22 00:00:00+05:30,303.85,305.5,301.05,301.8,6672456
4044,2019-04-23 00:00:00+05:30,302.15,304.8,301.55,303.4,7496038
4045,2019-04-24 00:00:00+05:30,303.4,307.2,298.5,306.45,11447878
4046,2019-04-25 00:00:00+05:30,307.25,309.8,302.0,304.15,23240675
4047,2019-04-26 00:00:00+05:30,304.6,306.4,302.55,304.55,4654775
4048,2019-04-30 00:00:00+05:30,304.55,307.55,299.5,301.35,11163210
4049,2019-05-02 00:00:00+05:30,301.1,306.5,300.6,305.0,7493271
4050,2019-05-03 00:00:00+05:30,304.25,307.45,303.3,304.25,5885895
4051,2019-05-06 00:00:00+05:30,304.0,307.5,300.75,307.0,6737627
4052,2019-05-07 00:00:00+05:30,308.25,309.5,300.85,301.9,8655871
4053,2019-05-08 00:00:00+05:30,300.0,303.4,298.65,300.65,7876031
4054,2019-05-09 00:00:00+05:30,299.4,301.3,296.35,299.85,10223616
4055,2019-05-10 00:00:00+05:30,300.0,300.45,296.9,297.75,6904657
4056,2019-05-13 00:00:00+05:30,295.1,303.5,287.7,289.3,35880558
4057,2019-05-14 00:00:00+05:30,291.0,298.25,288.85,294.35,21145245
4058,2019-05-15 00:00:00+05:30,297.55,299.3,292.0,297.05,17894032
4059,2019-05-16 00:00:00+05:30,297.0,297.0,293.25,294.75,7354375
4060,2019-05-17 00:00:00+05:30,295.1,302.35,295.1,301.4,11194900
4061,2019-05-20 00:00:00+05:30,306.85,307.55,302.1,307.0,11013451
4062,2019-05-21 00:00:00+05:30,307.0,310.0,305.3,305.9,10518883
4063,2019-05-22 00:00:00+05:30,302.15,302.8,296.8,299.75,13737694
4064,2019-05-23 00:00:00+05:30,305.0,305.6,287.0,288.2,31380501
4065,2019-05-24 00:00:00+05:30,291.5,291.65,287.3,290.45,10879657
4066,2019-05-27 00:00:00+05:30,291.25,293.55,289.05,290.85,9024193
4067,2019-05-28 00:00:00+05:30,291.8,292.0,288.1,288.9,15598601
4068,2019-05-29 00:00:00+05:30,288.8,291.7,287.6,288.1,7255516
4069,2019-05-30 00:00:00+05:30,289.0,291.05,288.3,288.65,8656311
4070,2019-05-31 00:00:00+05:30,289.35,291.5,277.45,278.55,26281811
4071,2019-06-03 00:00:00+05:30,281.4,281.5,275.3,278.55,19569620
4072,2019-06-04 00:00:00+05:30,279.25,282.15,278.8,279.25,13850737
4073,2019-06-06 00:00:00+05:30,280.4,280.4,275.3,275.75,10660963
4074,2019-06-07 00:00:00+05:30,276.8,276.8,274.2,275.25,7699206
4076,2019-06-10 00:00:00+05:30,278.3,280.55,276.9,279.4,8615348
4077,2019-06-11 00:00:00+05:30,280.9,281.4,279.2,279.85,8461371
4078,2019-06-12 00:00:00+05:30,281.4,281.4,278.25,279.95,8247867
4079,2019-06-13 00:00:00+05:30,278.9,281.35,278.55,280.6,7198584
4080,2019-06-14 00:00:00+05:30,280.5,280.5,277.15,278.05,7908039
4081,2019-06-17 00:00:00+05:30,278.85,278.85,274.45,275.0,10013278
4082,2019-06-18 00:00:00+05:30,276.15,277.85,274.0,275.1,13845733
4083,2019-06-19 00:00:00+05:30,275.7,278.9,275.6,277.2,9046515
4084,2019-06-20 00:00:00+05:30,277.0,277.95,275.35,277.0,10566110
4085,2019-06-21 00:00:00+05:30,276.65,276.65,273.25,274.25,18595809
4086,2019-06-24 00:00:00+05:30,274.25,277.5,274.25,276.25,8935066
4087,2019-06-25 00:00:00+05:30,275.05,280.0,274.25,278.5,12379897
4088,2019-06-26 00:00:00+05:30,278.45,278.7,276.35,277.4,7421269
4089,2019-06-27 00:00:00+05:30,277.95,278.2,272.8,273.5,23308215
4090,2019-06-28 00:00:00+05:30,274.1,275.45,272.5,273.85,8449727
4091,2019-07-01 00:00:00+05:30,274.4,276.25,274.15,274.95,5042447
4092,2019-07-02 00:00:00+05:30,275.35,275.65,273.2,273.85,9976439
4093,2019-07-03 00:00:00+05:30,274.3,277.55,272.15,276.7,18120809
4094,2019-07-04 00:00:00+05:30,277.45,278.25,275.2,277.65,9697597
4095,2019-07-05 00:00:00+05:30,277.65,281.85,268.0,279.45,37047327
4096,2019-07-08 00:00:00+05:30,280.15,282.9,275.8,277.45,12169249
4097,2019-07-09 00:00:00+05:30,276.95,277.55,272.15,273.1,7706490
4098,2019-07-10 00:00:00+05:30,273.55,275.25,270.75,273.15,8162744
4099,2019-07-11 00:00:00+05:30,274.0,276.9,273.6,275.65,8403695
4100,2019-07-12 00:00:00+05:30,275.4,276.45,273.1,275.05,10468936
4101,2019-07-15 00:00:00+05:30,275.0,275.6,270.55,270.95,8536705
4102,2019-07-16 00:00:00+05:30,271.0,272.75,270.6,271.95,6357525
4103,2019-07-17 00:00:00+05:30,272.45,273.15,270.7,272.9,6294203
4104,2019-07-18 00:00:00+05:30,272.95,275.1,272.3,273.0,9096757
4105,2019-07-19 00:00:00+05:30,274.1,274.25,268.0,268.3,7986847
4106,2019-07-22 00:00:00+05:30,268.0,268.2,264.0,264.4,13516960
4107,2019-07-23 00:00:00+05:30,265.5,271.7,265.0,270.65,14396986
4108,2019-07-24 00:00:00+05:30,270.3,273.35,267.9,270.85,12072603
4109,2019-07-25 00:00:00+05:30,271.0,272.5,266.9,267.85,17669912
4110,2019-07-26 00:00:00+05:30,268.75,271.0,266.9,270.4,4788040
4111,2019-07-29 00:00:00+05:30,270.0,271.15,266.5,267.75,5525308
4112,2019-07-30 00:00:00+05:30,268.0,270.1,266.55,268.9,13233351
4113,2019-07-31 00:00:00+05:30,268.6,271.1,266.0,270.2,13649764
4114,2019-08-01 00:00:00+05:30,270.45,270.7,266.5,267.55,5925611
4115,2019-08-02 00:00:00+05:30,267.2,267.2,263.1,264.5,8890911
4116,2019-08-05 00:00:00+05:30,264.4,264.5,257.65,259.8,11556743
4117,2019-08-06 00:00:00+05:30,258.75,261.5,258.15,258.9,9408544
4118,2019-08-07 00:00:00+05:30,259.05,259.35,253.1,253.65,8489812
4119,2019-08-08 00:00:00+05:30,255.0,258.7,253.0,257.75,6370866
4120,2019-08-09 00:00:00+05:30,258.85,258.85,253.5,254.2,9927337
4121,2019-08-13 00:00:00+05:30,253.8,254.0,244.0,246.3,20992894
4122,2019-08-14 00:00:00+05:30,246.3,253.6,244.05,248.75,13809031
4123,2019-08-16 00:00:00+05:30,248.75,253.4,247.4,253.0,10337358
4124,2019-08-19 00:00:00+05:30,253.5,257.3,250.95,251.55,12524627
4125,2019-08-20 00:00:00+05:30,251.6,251.95,245.45,246.5,15000271
4126,2019-08-21 00:00:00+05:30,246.7,246.9,240.85,241.45,14736226
4127,2019-08-22 00:00:00+05:30,242.2,246.0,239.0,240.05,10513066
4128,2019-08-23 00:00:00+05:30,239.0,239.45,234.65,236.1,16440329
4129,2019-08-26 00:00:00+05:30,240.7,243.45,234.95,242.5,12857092
4130,2019-08-27 00:00:00+05:30,243.95,246.3,242.7,245.5,14529777
4131,2019-08-28 00:00:00+05:30,246.15,247.65,243.1,245.95,8894489
4132,2019-08-29 00:00:00+05:30,243.95,245.45,240.15,241.2,11105245
4133,2019-08-30 00:00:00+05:30,242.75,247.2,239.05,245.65,11772247
4134,2019-09-03 00:00:00+05:30,244.45,244.45,240.65,241.55,9546229
4135,2019-09-04 00:00:00+05:30,241.6,244.55,241.3,243.25,7032392
4136,2019-09-05 00:00:00+05:30,242.0,246.9,242.0,244.25,8451611
4137,2019-09-06 00:00:00+05:30,244.3,245.85,243.25,243.9,8704669
4138,2019-09-09 00:00:00+05:30,244.65,246.5,243.2,245.5,9085228
4139,2019-09-11 00:00:00+05:30,244.6,245.45,243.0,243.75,8968683
4140,2019-09-12 00:00:00+05:30,244.3,245.0,240.0,240.75,8083759
4141,2019-09-13 00:00:00+05:30,241.0,242.45,238.6,239.9,14031943
4142,2019-09-16 00:00:00+05:30,239.5,240.85,238.3,239.4,7084644
4143,2019-09-17 00:00:00+05:30,239.8,240.1,236.8,237.2,10672279
4145,2019-09-18 00:00:00+05:30,237.7,242.3,234.05,239.25,19956339
4146,2019-09-19 00:00:00+05:30,239.95,239.95,236.1,236.7,8483309
4147,2019-09-20 00:00:00+05:30,237.0,248.5,234.3,238.05,63568127
4148,2019-09-23 00:00:00+05:30,250.0,260.5,249.9,254.85,52040316
4149,2019-09-24 00:00:00+05:30,255.0,258.0,253.8,256.0,17167257
4150,2019-09-25 00:00:00+05:30,255.1,256.25,242.7,247.55,20597095
4151,2019-09-26 00:00:00+05:30,247.3,251.4,246.25,250.4,17847616
4152,2019-09-27 00:00:00+05:30,250.0,258.0,250.0,252.95,17535666
4153,2019-09-30 00:00:00+05:30,254.75,260.8,249.4,259.85,20588289
4154,2019-10-01 00:00:00+05:30,259.1,262.45,255.0,255.9,15440899
4155,2019-10-03 00:00:00+05:30,257.7,262.15,256.05,261.65,12356337
4156,2019-10-04 00:00:00+05:30,263.0,263.9,255.2,257.25,18085064
4157,2019-10-07 00:00:00+05:30,257.5,258.0,250.7,251.9,21263568
4158,2019-10-09 00:00:00+05:30,251.3,252.2,246.3,247.1,21503869
4159,2019-10-10 00:00:00+05:30,247.0,247.65,242.65,243.2,24294966
4160,2019-10-11 00:00:00+05:30,243.2,246.2,241.1,243.95,25072193
4161,2019-10-14 00:00:00+05:30,245.45,246.4,243.0,244.1,14713799
4162,2019-10-15 00:00:00+05:30,245.05,249.2,245.05,247.6,9989191
4163,2019-10-16 00:00:00+05:30,247.4,247.6,242.15,243.65,16063295
4164,2019-10-17 00:00:00+05:30,244.0,246.7,243.85,245.85,13649598
4165,2019-10-18 00:00:00+05:30,246.0,247.8,245.1,246.5,12833554
4166,2019-10-22 00:00:00+05:30,245.0,251.1,244.95,248.9,18275636
4167,2019-10-23 00:00:00+05:30,250.4,251.95,249.05,251.05,12831461
4168,2019-10-24 00:00:00+05:30,252.6,254.0,247.95,249.05,16791340
4169,2019-10-25 00:00:00+05:30,256.9,257.2,247.0,247.7,32591192
4170,2019-10-27 00:00:00+05:30,249.95,251.1,249.7,250.4,3132126
4171,2019-10-29 00:00:00+05:30,250.95,255.1,249.55,253.25,11937562
4172,2019-10-30 00:00:00+05:30,256.0,264.0,254.3,259.4,34291157
4173,2019-10-31 00:00:00+05:30,260.0,262.85,256.2,257.65,16654994
4174,2019-11-01 00:00:00+05:30,259.35,263.0,258.75,261.3,12571588
4175,2019-11-04 00:00:00+05:30,262.95,264.95,260.05,260.75,7895272
4176,2019-11-05 00:00:00+05:30,261.0,264.0,258.6,262.9,10278362
4177,2019-11-06 00:00:00+05:30,262.95,263.8,260.0,261.35,8857419
4178,2019-11-07 00:00:00+05:30,262.9,266.3,262.0,265.85,14782434
4179,2019-11-08 00:00:00+05:30,264.85,265.45,260.0,260.5,11899353
4180,2019-11-11 00:00:00+05:30,260.6,262.35,258.8,259.45,7245151
4181,2019-11-13 00:00:00+05:30,258.9,259.25,253.15,253.85,10269356
4182,2019-11-14 00:00:00+05:30,254.1,255.9,253.25,253.9,8880734
4183,2019-11-15 00:00:00+05:30,254.25,255.75,250.0,250.65,16741465
4184,2019-11-18 00:00:00+05:30,251.45,252.25,248.75,250.75,7864919
4185,2019-11-19 00:00:00+05:30,251.75,251.8,248.8,249.3,12152981
4186,2019-11-20 00:00:00+05:30,249.3,251.3,246.7,250.7,9978073
4187,2019-11-21 00:00:00+05:30,251.4,251.4,245.05,245.7,10393219
4188,2019-11-22 00:00:00+05:30,247.15,252.65,246.65,247.65,16370384
4189,2019-11-25 00:00:00+05:30,247.75,248.4,246.25,247.75,10586688
4190,2019-11-26 00:00:00+05:30,248.65,250.4,247.7,249.15,19778030
4191,2019-11-27 00:00:00+05:30,249.75,250.05,246.6,246.95,8841620
4192,2019-11-28 00:00:00+05:30,247.3,247.95,245.65,246.7,10992718
4193,2019-11-29 00:00:00+05:30,246.75,247.4,245.0,246.4,9807979
4194,2019-12-02 00:00:00+05:30,246.0,246.9,244.55,244.95,9972664
4195,2019-12-03 00:00:00+05:30,244.95,245.8,242.65,244.05,8129241
4196,2019-12-04 00:00:00+05:30,243.5,244.05,242.0,243.15,11946661
4197,2019-12-05 00:00:00+05:30,243.15,247.5,243.1,246.95,11265857
4198,2019-12-06 00:00:00+05:30,247.0,247.15,242.5,243.35,10374270
4199,2019-12-09 00:00:00+05:30,243.0,243.3,241.0,241.45,6722758
4200,2019-12-10 00:00:00+05:30,241.6,241.7,235.0,235.6,15380232
4201,2019-12-11 00:00:00+05:30,235.6,238.8,235.6,237.6,13799825
4202,2019-12-12 00:00:00+05:30,238.05,240.2,237.6,238.55,10307052
4203,2019-12-13 00:00:00+05:30,240.0,242.5,239.2,241.6,8205457
4204,2019-12-16 00:00:00+05:30,243.0,243.4,236.35,236.9,12014269
4205,2019-12-17 00:00:00+05:30,237.5,241.7,237.5,241.05,15921196
4206,2019-12-18 00:00:00+05:30,240.6,247.35,239.75,245.15,17134732
4207,2019-12-19 00:00:00+05:30,246.05,247.9,243.25,244.35,9339714
4208,2019-12-20 00:00:00+05:30,244.35,245.1,240.15,241.15,13958336
4209,2019-12-23 00:00:00+05:30,242.0,242.8,238.65,238.9,19082124
4210,2019-12-24 00:00:00+05:30,239.0,240.2,238.2,238.75,7896150
4211,2019-12-26 00:00:00+05:30,238.9,239.4,236.35,236.8,14460325
4213,2019-12-27 00:00:00+05:30,237.5,238.45,236.45,236.9,8712539
4214,2019-12-30 00:00:00+05:30,238.0,240.9,237.5,238.2,13173134
4215,2019-12-31 00:00:00+05:30,238.55,238.95,237.4,237.7,7142051
4216,2020-01-01 00:00:00+05:30,238.6,238.6,237.1,238.1,4208837
4217,2020-01-02 00:00:00+05:30,238.2,240.95,238.1,239.85,8402979
4218,2020-01-03 00:00:00+05:30,241.0,241.0,238.0,238.5,9284478
4219,2020-01-06 00:00:00+05:30,237.5,238.3,235.0,235.1,7636617
4220,2020-01-07 00:00:00+05:30,236.05,237.9,234.6,235.35,8416741
4221,2020-01-08 00:00:00+05:30,234.0,235.8,233.25,234.2,7043211
4222,2020-01-09 00:00:00+05:30,235.6,236.6,235.05,235.8,9452653
4223,2020-01-10 00:00:00+05:30,237.6,238.75,236.8,238.0,9973746
4224,2020-01-13 00:00:00+05:30,238.5,240.5,238.25,239.25,12243639
4225,2020-01-14 00:00:00+05:30,240.25,243.8,238.3,243.25,11843444
4226,2020-01-15 00:00:00+05:30,242.55,243.0,241.1,242.4,5476729
4227,2020-01-16 00:00:00+05:30,242.5,243.9,240.1,240.75,9369668
4228,2020-01-17 00:00:00+05:30,240.75,242.1,239.4,239.95,7392403
4229,2020-01-20 00:00:00+05:30,240.05,243.25,240.05,241.9,8020816
4230,2020-01-21 00:00:00+05:30,241.45,241.45,238.0,238.45,9571070
4231,2020-01-22 00:00:00+05:30,239.6,239.6,237.1,238.05,7654918
4232,2020-01-23 00:00:00+05:30,238.1,238.75,236.9,237.9,6120434
4233,2020-01-24 00:00:00+05:30,237.4,239.1,237.0,238.15,6801874
4234,2020-01-27 00:00:00+05:30,237.0,237.4,234.3,234.6,6837613
4235,2020-01-28 00:00:00+05:30,234.75,235.9,230.5,230.75,14582907
4236,2020-01-29 00:00:00+05:30,231.5,237.65,231.15,236.65,20469708
4237,2020-01-30 00:00:00+05:30,236.95,237.0,233.0,234.05,10394149
4238,2020-01-31 00:00:00+05:30,235.75,238.4,234.05,235.15,18455880
4239,2020-02-01 00:00:00+05:30,236.9,239.25,215.5,219.0,42268141
4240,2020-02-03 00:00:00+05:30,215.0,216.9,205.0,207.6,79764370
4241,2020-02-04 00:00:00+05:30,210.8,217.6,209.15,215.65,35767812
4242,2020-02-05 00:00:00+05:30,216.3,217.5,211.5,216.45,21253607
4243,2020-02-06 00:00:00+05:30,218.0,219.9,211.8,213.55,27388582
4244,2020-02-07 00:00:00+05:30,213.8,215.7,212.75,213.4,17133407
4245,2020-02-10 00:00:00+05:30,214.0,214.05,210.05,210.55,9617387
4246,2020-02-11 00:00:00+05:30,216.5,216.95,211.8,212.6,29803784
4247,2020-02-12 00:00:00+05:30,213.4,214.8,211.8,213.05,9928416
4248,2020-02-13 00:00:00+05:30,213.05,213.45,211.2,211.9,9153131
4249,2020-02-14 00:00:00+05:30,212.25,212.9,206.8,207.7,13731692
4250,2020-02-17 00:00:00+05:30,208.0,208.65,204.0,204.8,15561953
4251,2020-02-18 00:00:00+05:30,204.55,204.6,200.5,203.85,20934864
4252,2020-02-19 00:00:00+05:30,205.25,207.15,203.85,206.7,9054560
4253,2020-02-20 00:00:00+05:30,207.0,208.55,205.45,207.45,15592846
4254,2020-02-24 00:00:00+05:30,207.0,207.45,201.8,203.0,16594046
4255,2020-02-25 00:00:00+05:30,203.8,205.4,201.5,201.8,15313516
4256,2020-02-26 00:00:00+05:30,200.65,201.95,196.3,198.6,17869240
4257,2020-02-27 00:00:00+05:30,198.4,199.15,195.9,197.55,17271066
4258,2020-02-28 00:00:00+05:30,195.0,199.9,192.05,197.55,32628444
4259,2020-03-02 00:00:00+05:30,199.5,203.45,193.65,195.3,18560049
4260,2020-03-03 00:00:00+05:30,197.0,197.45,192.55,193.85,17947416
4261,2020-03-04 00:00:00+05:30,194.95,195.55,186.55,187.5,27664076
4262,2020-03-05 00:00:00+05:30,187.55,191.2,186.55,188.05,20025924
4263,2020-03-06 00:00:00+05:30,184.85,184.85,179.75,181.75,26764504
4264,2020-03-09 00:00:00+05:30,179.0,179.0,174.5,177.2,21795899
4265,2020-03-11 00:00:00+05:30,174.0,176.75,172.35,175.65,27957737
4266,2020-03-12 00:00:00+05:30,169.0,169.15,150.55,155.8,52040944
4267,2020-03-13 00:00:00+05:30,150.0,164.0,134.6,162.25,61592332
4268,2020-03-16 00:00:00+05:30,158.0,158.1,145.25,147.25,33255085
4269,2020-03-17 00:00:00+05:30,148.0,155.8,146.05,149.15,47658462
4270,2020-03-18 00:00:00+05:30,152.1,154.65,147.35,150.7,50248786
4271,2020-03-19 00:00:00+05:30,150.7,163.55,144.75,161.85,89753683
4272,2020-03-20 00:00:00+05:30,165.1,176.5,165.1,175.5,61997991
4273,2020-03-23 00:00:00+05:30,158.0,162.0,149.2,154.3,51354135
4274,2020-03-24 00:00:00+05:30,162.95,163.7,147.4,149.7,52569242
4275,2020-03-25 00:00:00+05:30,151.0,152.0,139.0,147.35,62506221
4276,2020-03-26 00:00:00+05:30,150.0,159.4,143.25,156.4,58443502
4277,2020-03-27 00:00:00+05:30,162.0,166.0,155.0,163.2,32636891
4278,2020-03-30 00:00:00+05:30,156.05,164.9,156.05,159.2,28120394
4279,2020-03-31 00:00:00+05:30,164.0,173.85,161.55,171.7,42630922
4280,2020-04-01 00:00:00+05:30,171.7,172.75,164.55,166.4,18142049
4281,2020-04-03 00:00:00+05:30,167.9,182.75,167.0,177.9,62868085
4282,2020-04-07 00:00:00+05:30,185.7,185.7,173.65,181.55,36119016
4283,2020-04-08 00:00:00+05:30,180.85,184.0,176.65,178.65,37561322
4284,2020-04-09 00:00:00+05:30,184.0,186.25,180.0,185.25,42643743
4285,2020-04-13 00:00:00+05:30,184.5,186.65,181.05,181.6,17744825
4286,2020-04-15 00:00:00+05:30,184.05,193.75,182.7,189.35,49092959
4287,2020-04-16 00:00:00+05:30,189.65,191.2,185.45,186.35,27082646
4288,2020-04-17 00:00:00+05:30,190.45,191.4,186.95,188.1,26669272
4289,2020-04-20 00:00:00+05:30,189.95,189.95,179.5,180.7,35767070
4290,2020-04-21 00:00:00+05:30,178.0,184.3,176.05,179.6,23334550
4291,2020-04-22 00:00:00+05:30,179.0,183.55,176.0,182.25,25164099
4292,2020-04-23 00:00:00+05:30,182.95,184.0,179.65,180.55,32968241
4293,2020-04-24 00:00:00+05:30,181.0,182.8,179.3,180.05,18050148
4294,2020-04-27 00:00:00+05:30,180.25,182.3,179.3,179.85,13086773
4295,2020-04-28 00:00:00+05:30,180.0,180.8,178.05,179.45,17802711
4296,2020-04-29 00:00:00+05:30,180.5,182.9,179.65,182.15,21461158
4297,2020-04-30 00:00:00+05:30,184.9,184.9,180.45,182.05,30169126
4298,2020-05-04 00:00:00+05:30,181.75,181.75,170.65,174.05,30298058
4299,2020-05-05 00:00:00+05:30,175.0,177.45,172.0,173.9,17709577
4300,2020-05-06 00:00:00+05:30,171.4,171.4,160.5,163.9,65586753
4301,2020-05-07 00:00:00+05:30,164.0,165.85,160.5,161.0,24249898
4302,2020-05-08 00:00:00+05:30,163.95,164.15,157.1,158.25,25307551
4303,2020-05-11 00:00:00+05:30,160.0,163.5,158.0,158.45,18095693
4304,2020-05-12 00:00:00+05:30,158.45,165.9,157.5,165.05,21387983
4305,2020-05-13 00:00:00+05:30,173.4,173.6,164.5,165.4,20018552
4306,2020-05-14 00:00:00+05:30,164.5,168.25,161.95,163.8,14949993
4307,2020-05-15 00:00:00+05:30,162.2,165.5,161.15,164.65,14950688
4308,2020-05-18 00:00:00+05:30,166.0,167.3,163.15,164.75,20802365
4309,2020-05-19 00:00:00+05:30,166.5,171.65,165.1,170.75,20142194
4310,2020-05-20 00:00:00+05:30,171.95,177.0,171.0,175.75,25320952
4311,2020-05-21 00:00:00+05:30,175.6,190.45,172.65,188.95,58382988
4312,2020-05-22 00:00:00+05:30,188.0,191.9,184.6,186.35,39013806
4313,2020-05-26 00:00:00+05:30,190.0,194.95,187.8,191.7,53235758
4314,2020-05-27 00:00:00+05:30,192.5,193.9,186.9,192.15,24546312
4315,2020-05-28 00:00:00+05:30,192.3,192.9,189.0,190.65,24579385
4316,2020-05-29 00:00:00+05:30,190.45,198.0,189.0,197.35,35836696
4317,2020-06-01 00:00:00+05:30,201.0,205.25,199.0,200.55,28509025
4318,2020-06-02 00:00:00+05:30,201.9,201.9,196.7,197.25,22631743
4319,2020-06-03 00:00:00+05:30,200.0,200.9,195.6,196.7,18979339
4320,2020-06-04 00:00:00+05:30,197.75,202.5,195.0,200.15,21999875
4321,2020-06-05 00:00:00+05:30,201.8,202.0,198.65,200.0,14632889
4322,2020-06-08 00:00:00+05:30,202.9,203.65,197.0,197.65,19555380
4323,2020-06-09 00:00:00+05:30,198.25,206.2,197.65,198.5,39914936
4324,2020-06-10 00:00:00+05:30,199.45,203.15,198.3,199.05,27204677
4325,2020-06-11 00:00:00+05:30,200.0,201.25,193.6,194.25,19847762
4326,2020-06-12 00:00:00+05:30,188.95,195.2,187.85,193.9,22562987
4327,2020-06-15 00:00:00+05:30,193.9,193.95,186.3,187.2,24463651
4328,2020-06-16 00:00:00+05:30,190.8,190.95,181.9,185.0,27637395
4329,2020-06-17 00:00:00+05:30,184.0,185.0,180.7,181.2,24028372
4330,2020-06-18 00:00:00+05:30,181.2,187.5,180.7,186.6,28887658
4331,2020-06-19 00:00:00+05:30,187.1,187.95,183.6,184.05,30531484
4332,2020-06-22 00:00:00+05:30,186.5,187.5,183.15,185.0,31396392
4333,2020-06-23 00:00:00+05:30,185.4,187.5,184.75,185.85,26547403
4334,2020-06-24 00:00:00+05:30,187.4,194.7,186.15,191.85,54653037
4335,2020-06-25 00:00:00+05:30,192.25,203.5,191.65,202.1,75575878
4336,2020-06-26 00:00:00+05:30,206.0,209.4,193.3,195.2,71957460
4337,2020-06-29 00:00:00+05:30,202.5,203.0,196.2,197.25,91504651
4338,2020-06-30 00:00:00+05:30,199.4,199.4,194.0,194.65,41216021
4339,2020-07-01 00:00:00+05:30,194.65,203.85,194.65,202.9,44298379
4340,2020-07-02 00:00:00+05:30,204.45,206.75,202.55,205.85,39321517
4341,2020-07-03 00:00:00+05:30,208.0,208.5,206.0,207.55,37896333
4342,2020-07-06 00:00:00+05:30,200.35,201.95,198.95,199.8,34710608
4343,2020-07-07 00:00:00+05:30,200.0,200.5,194.0,194.25,31282844
4344,2020-07-08 00:00:00+05:30,194.25,197.95,194.25,196.3,21276389
4345,2020-07-09 00:00:00+05:30,196.9,197.0,194.15,195.45,18769881
4346,2020-07-10 00:00:00+05:30,195.15,196.5,194.0,194.35,16192017
4347,2020-07-13 00:00:00+05:30,195.9,198.75,195.1,197.55,20298006
4349,2020-07-14 00:00:00+05:30,197.4,199.5,192.75,195.9,18476313
4350,2020-07-15 00:00:00+05:30,196.35,200.0,194.5,198.7,23777901
4351,2020-07-16 00:00:00+05:30,198.7,198.85,192.0,193.85,22144753
4352,2020-07-17 00:00:00+05:30,193.3,195.4,193.0,194.05,14882855
4353,2020-07-20 00:00:00+05:30,195.0,195.35,192.35,192.7,18918931
4354,2020-07-21 00:00:00+05:30,192.1,194.2,191.5,192.25,28010738
4355,2020-07-22 00:00:00+05:30,193.0,197.9,192.5,196.55,32572721
4356,2020-07-23 00:00:00+05:30,197.65,201.5,196.8,200.7,31488140
4357,2020-07-24 00:00:00+05:30,201.0,201.7,197.3,199.6,60185503
4358,2020-07-27 00:00:00+05:30,200.5,200.5,195.15,196.4,22645709
4359,2020-07-28 00:00:00+05:30,197.0,198.65,195.05,195.4,19287262
4360,2020-07-29 00:00:00+05:30,193.45,198.2,193.4,196.7,14831635
4361,2020-07-30 00:00:00+05:30,198.4,198.4,192.5,193.35,16315232
4362,2020-07-31 00:00:00+05:30,193.5,196.95,193.5,194.15,16653836
4363,2020-08-03 00:00:00+05:30,194.0,194.0,191.9,192.6,13265435
4364,2020-08-04 00:00:00+05:30,192.6,195.8,192.6,193.65,17189317
4365,2020-08-05 00:00:00+05:30,194.5,194.6,191.7,192.8,48768468
4366,2020-08-06 00:00:00+05:30,194.2,195.6,193.1,195.35,17886231
4367,2020-08-07 00:00:00+05:30,195.5,197.0,194.15,196.05,20913956
4368,2020-08-10 00:00:00+05:30,196.4,199.65,196.4,198.85,16474715
4369,2020-08-11 00:00:00+05:30,200.0,207.7,200.0,203.05,55143098
4370,2020-08-12 00:00:00+05:30,202.5,204.9,200.4,204.2,21287300
4371,2020-08-13 00:00:00+05:30,203.5,204.2,197.1,201.45,22698994
4372,2020-08-14 00:00:00+05:30,201.6,203.35,195.5,196.4,28752399
4373,2020-08-17 00:00:00+05:30,198.05,199.5,196.85,198.75,11741074
4374,2020-08-18 00:00:00+05:30,199.9,199.9,197.25,198.55,12488479
4375,2020-08-19 00:00:00+05:30,198.6,201.7,198.1,198.45,15474846
4376,2020-08-20 00:00:00+05:30,197.0,197.2,194.55,195.8,16910657
4377,2020-08-21 00:00:00+05:30,198.0,199.2,196.3,196.8,17234086
4378,2020-08-24 00:00:00+05:30,197.25,199.0,196.35,196.7,14737758
4379,2020-08-25 00:00:00+05:30,197.25,198.3,195.1,195.4,15199285
4380,2020-08-26 00:00:00+05:30,196.5,196.55,193.65,194.95,22631585
4381,2020-08-27 00:00:00+05:30,198.5,198.9,193.9,194.25,47213462
4382,2020-08-28 00:00:00+05:30,194.6,196.3,194.05,195.55,34645794
4383,2020-08-31 00:00:00+05:30,199.0,199.0,190.0,191.1,96998374
4384,2020-09-01 00:00:00+05:30,191.1,192.35,188.25,190.2,39779316
4385,2020-09-02 00:00:00+05:30,191.3,193.0,189.65,191.35,20585664
4386,2020-09-03 00:00:00+05:30,191.4,193.25,190.0,191.6,15692484
4387,2020-09-04 00:00:00+05:30,190.0,190.0,185.7,186.7,41389121
4388,2020-09-07 00:00:00+05:30,187.25,190.5,180.8,189.1,32663990
4389,2020-09-08 00:00:00+05:30,189.6,190.55,184.6,188.15,25591395
4390,2020-09-09 00:00:00+05:30,185.5,186.25,182.3,183.8,27830197
4391,2020-09-10 00:00:00+05:30,184.1,185.7,183.2,184.9,17785076
4392,2020-09-11 00:00:00+05:30,184.9,186.5,182.75,183.95,19256801
4393,2020-09-14 00:00:00+05:30,185.8,185.85,183.0,183.35,30993032
4394,2020-09-15 00:00:00+05:30,184.0,184.2,180.8,181.8,30772104
4395,2020-09-16 00:00:00+05:30,181.85,183.5,180.05,180.65,50645681
4396,2020-09-17 00:00:00+05:30,180.8,181.5,177.8,178.6,33936149
4397,2020-09-18 00:00:00+05:30,179.55,179.85,177.0,179.1,29783208
4398,2020-09-21 00:00:00+05:30,180.0,180.6,175.05,175.75,23892510
4399,2020-09-22 00:00:00+05:30,175.75,176.75,173.75,174.2,18532637
4400,2020-09-23 00:00:00+05:30,174.95,177.55,171.7,172.5,61785758
4401,2020-09-24 00:00:00+05:30,171.7,171.75,166.15,166.55,31486886
4402,2020-09-25 00:00:00+05:30,168.9,171.2,167.0,170.75,26627778
4403,2020-09-28 00:00:00+05:30,171.0,174.8,170.5,173.3,23194739
4404,2020-09-29 00:00:00+05:30,174.75,174.75,169.0,169.4,25617617
4405,2020-09-30 00:00:00+05:30,170.0,172.1,168.7,171.7,18482053
4406,2020-10-01 00:00:00+05:30,174.5,174.6,170.1,170.85,19758300
4407,2020-10-05 00:00:00+05:30,171.1,172.8,168.75,169.25,24301177
4408,2020-10-06 00:00:00+05:30,169.5,171.6,168.1,169.9,21886300
4409,2020-10-07 00:00:00+05:30,170.0,170.9,169.0,169.5,16286695
4410,2020-10-08 00:00:00+05:30,170.1,170.4,166.9,167.15,25503975
4411,2020-10-09 00:00:00+05:30,167.5,168.9,166.35,167.85,22373477
4412,2020-10-12 00:00:00+05:30,170.5,175.2,170.0,172.2,66250654
4413,2020-10-13 00:00:00+05:30,172.85,174.85,169.5,170.15,35685353
4414,2020-10-14 00:00:00+05:30,170.55,171.0,167.05,167.8,38219096
4415,2020-10-15 00:00:00+05:30,167.7,167.8,164.55,165.05,27116959
4416,2020-10-16 00:00:00+05:30,165.5,166.8,163.8,165.7,20227113
4417,2020-10-19 00:00:00+05:30,166.8,168.9,166.15,168.25,19016841
4418,2020-10-20 00:00:00+05:30,168.0,168.3,166.7,167.45,16149041
4419,2020-10-21 00:00:00+05:30,168.15,168.9,166.6,167.65,16479194
4421,2020-10-22 00:00:00+05:30,167.55,169.1,167.0,168.55,22044453
4422,2020-10-23 00:00:00+05:30,168.95,171.0,167.75,170.75,20147370
4423,2020-10-26 00:00:00+05:30,171.5,171.6,168.25,168.55,16081502
4424,2020-10-27 00:00:00+05:30,168.5,169.3,166.75,167.2,45885935
4425,2020-10-28 00:00:00+05:30,168.5,168.5,165.0,165.5,16820839
4426,2020-10-29 00:00:00+05:30,165.0,165.95,163.45,163.85,21008755
4427,2020-10-30 00:00:00+05:30,164.0,166.8,163.35,165.25,16347510
4428,2020-11-02 00:00:00+05:30,166.8,167.2,164.45,166.75,14370649
4429,2020-11-03 00:00:00+05:30,167.2,170.75,167.1,170.1,22602903
4430,2020-11-04 00:00:00+05:30,170.05,171.8,168.2,169.8,18808819
4431,2020-11-05 00:00:00+05:30,171.25,175.0,170.2,174.75,26997641
4432,2020-11-06 00:00:00+05:30,176.5,177.2,173.4,173.95,34252005
4433,2020-11-09 00:00:00+05:30,173.95,177.3,171.85,172.8,35286484
4434,2020-11-10 00:00:00+05:30,175.0,179.55,171.85,178.35,57459436
4435,2020-11-11 00:00:00+05:30,179.6,185.9,178.6,185.3,63318644
4436,2020-11-12 00:00:00+05:30,185.2,188.75,183.85,188.0,46367792
4437,2020-11-13 00:00:00+05:30,187.2,188.8,185.55,187.1,28198725
4438,2020-11-14 00:00:00+05:30,189.05,190.0,188.05,188.6,7767144
4439,2020-11-17 00:00:00+05:30,189.0,189.4,186.4,187.35,20950589
4440,2020-11-18 00:00:00+05:30,186.8,188.45,182.75,184.05,26595992
4441,2020-11-19 00:00:00+05:30,182.8,191.8,182.7,187.9,48984610
4442,2020-11-20 00:00:00+05:30,188.8,192.0,186.05,191.7,45307312
4443,2020-11-23 00:00:00+05:30,192.0,192.5,188.65,190.85,23180456
4444,2020-11-24 00:00:00+05:30,190.6,196.45,190.6,195.55,45411815
4445,2020-11-25 00:00:00+05:30,196.0,197.95,192.5,193.85,41659179
4446,2020-11-26 00:00:00+05:30,195.1,195.85,192.55,194.8,24222956
4447,2020-11-27 00:00:00+05:30,194.45,195.75,193.2,193.65,31385396
4448,2020-12-01 00:00:00+05:30,195.0,196.35,192.4,194.4,15893346
4449,2020-12-02 00:00:00+05:30,195.0,198.75,193.55,195.95,28425948
4450,2020-12-03 00:00:00+05:30,197.2,197.2,194.55,196.2,28009042
4451,2020-12-04 00:00:00+05:30,196.85,199.35,196.5,198.2,22152332
4452,2020-12-07 00:00:00+05:30,198.2,203.75,197.6,203.15,35693450
4453,2020-12-08 00:00:00+05:30,203.9,204.7,199.55,202.45,30853963
4454,2020-12-09 00:00:00+05:30,205.0,207.8,204.65,205.4,39684395
4455,2020-12-10 00:00:00+05:30,206.65,213.65,203.15,212.7,65227495
4456,2020-12-11 00:00:00+05:30,214.45,217.95,213.35,216.3,60322445
4457,2020-12-14 00:00:00+05:30,217.95,218.6,215.0,215.9,26990063
4458,2020-12-15 00:00:00+05:30,215.25,216.4,211.6,213.55,23255609
4459,2020-12-16 00:00:00+05:30,213.75,215.55,213.5,214.0,19551630
4460,2020-12-17 00:00:00+05:30,214.2,215.1,211.25,213.05,22386185
4461,2020-12-18 00:00:00+05:30,213.1,215.95,209.75,214.5,23775053
4462,2020-12-21 00:00:00+05:30,214.5,214.7,199.15,202.95,41834797
4463,2020-12-22 00:00:00+05:30,203.1,206.25,196.9,203.4,40986353
4464,2020-12-23 00:00:00+05:30,203.0,208.25,202.0,207.75,23695667
4465,2020-12-24 00:00:00+05:30,210.0,210.65,205.6,208.6,22768284
4466,2020-12-28 00:00:00+05:30,209.0,210.2,207.85,209.5,15741000
4467,2020-12-29 00:00:00+05:30,210.5,213.5,210.1,211.55,26546469
4468,2020-12-30 00:00:00+05:30,212.7,213.5,209.55,211.15,18925262
4469,2020-12-31 00:00:00+05:30,210.55,211.3,208.55,209.0,18245270
4470,2021-01-01 00:00:00+05:30,209.9,214.2,209.3,213.85,19527333
4471,2021-01-04 00:00:00+05:30,214.0,216.0,212.1,213.4,26891799
4472,2021-01-05 00:00:00+05:30,212.45,213.25,210.6,211.45,18024083
4473,2021-01-06 00:00:00+05:30,211.45,211.5,204.5,205.4,49067837
4474,2021-01-07 00:00:00+05:30,206.1,207.6,202.1,202.8,34952401
4475,2021-01-08 00:00:00+05:30,204.35,206.0,200.25,201.5,56427360
4476,2021-01-11 00:00:00+05:30,204.0,206.1,201.25,202.5,42970983
4477,2021-01-12 00:00:00+05:30,203.0,206.9,201.6,206.45,35617404
4478,2021-01-13 00:00:00+05:30,207.45,213.0,205.25,211.25,63925996
4479,2021-01-14 00:00:00+05:30,212.0,216.5,211.6,214.15,48304263
4480,2021-01-15 00:00:00+05:30,214.9,218.5,211.2,217.85,58321158
4481,2021-01-18 00:00:00+05:30,218.4,222.0,214.6,219.75,67607822
4482,2021-01-19 00:00:00+05:30,221.0,221.7,217.5,218.85,31785089
4483,2021-01-20 00:00:00+05:30,218.5,219.0,215.7,217.65,44672447
4484,2021-01-21 00:00:00+05:30,219.0,219.5,212.2,213.7,28999164
4485,2021-01-22 00:00:00+05:30,214.0,214.75,209.15,210.7,24712182
4486,2021-01-25 00:00:00+05:30,212.0,212.5,206.85,207.8,24967899
4487,2021-01-27 00:00:00+05:30,208.0,212.65,207.1,210.65,48471357
4488,2021-01-28 00:00:00+05:30,209.25,211.0,205.75,206.6,22131983
4489,2021-01-29 00:00:00+05:30,208.55,208.8,202.35,203.25,23764654
4490,2021-02-01 00:00:00+05:30,204.0,217.95,201.8,215.95,57744414
4491,2021-02-02 00:00:00+05:30,220.0,223.5,217.0,218.2,48457781
4492,2021-02-03 00:00:00+05:30,221.5,222.0,215.7,216.75,53643263
4493,2021-02-04 00:00:00+05:30,216.1,231.4,216.0,229.95,105818897
4494,2021-02-05 00:00:00+05:30,232.15,238.85,227.25,234.35,125490301
4495,2021-02-08 00:00:00+05:30,237.5,238.05,231.5,233.1,41495834
4496,2021-02-09 00:00:00+05:30,234.6,239.2,228.2,229.0,70655961
4497,2021-02-10 00:00:00+05:30,229.0,231.1,223.1,227.55,47283127
4498,2021-02-11 00:00:00+05:30,229.0,229.3,224.5,226.45,43631374
4499,2021-02-12 00:00:00+05:30,225.75,225.75,215.8,217.45,110568108
4500,2021-02-15 00:00:00+05:30,218.45,221.0,217.5,218.6,31776555
4501,2021-02-16 00:00:00+05:30,219.05,221.8,217.25,218.25,29148891
4502,2021-02-17 00:00:00+05:30,217.6,218.4,216.55,217.75,19850516
4503,2021-02-18 00:00:00+05:30,218.2,220.6,217.9,218.85,24070563
4504,2021-02-19 00:00:00+05:30,218.85,218.9,214.0,215.95,28125203
4505,2021-02-22 00:00:00+05:30,212.0,212.0,206.0,207.05,51546288
4506,2021-02-23 00:00:00+05:30,208.0,210.55,207.0,208.5,26675953
4507,2021-02-24 00:00:00+05:30,209.1,209.8,206.5,208.85,13160617
4508,2021-02-25 00:00:00+05:30,209.5,211.2,208.8,209.15,25954142
4509,2021-02-26 00:00:00+05:30,207.25,208.0,203.0,203.85,43429293
4510,2021-03-01 00:00:00+05:30,205.45,207.75,204.05,206.9,16225536
4511,2021-03-02 00:00:00+05:30,207.0,210.8,206.5,209.9,25604169
4512,2021-03-03 00:00:00+05:30,212.0,212.0,208.8,209.95,20846117
4513,2021-03-04 00:00:00+05:30,208.8,211.3,207.6,209.7,24899212
4514,2021-03-05 00:00:00+05:30,208.0,210.0,207.2,208.55,17323590
4515,2021-03-08 00:00:00+05:30,209.7,210.8,207.7,208.0,22988740
4516,2021-03-09 00:00:00+05:30,208.7,209.75,204.75,207.8,22593086
4517,2021-03-10 00:00:00+05:30,209.1,209.2,205.8,206.5,19603214
4518,2021-03-12 00:00:00+05:30,208.0,208.0,203.5,205.2,30787960
4519,2021-03-15 00:00:00+05:30,205.85,206.0,201.6,205.45,41115906
4520,2021-03-16 00:00:00+05:30,206.4,208.9,204.95,207.85,48763187
4521,2021-03-17 00:00:00+05:30,212.2,213.9,208.55,210.6,78578698
4522,2021-03-18 00:00:00+05:30,213.0,219.1,211.9,217.65,91993104
4523,2021-03-19 00:00:00+05:30,219.0,226.15,215.55,222.95,134184994
4524,2021-03-22 00:00:00+05:30,223.3,226.4,221.5,226.0,46050245
4525,2021-03-23 00:00:00+05:30,225.0,228.1,221.3,222.2,41564683
4526,2021-03-24 00:00:00+05:30,221.0,222.8,215.25,215.95,27609243
4527,2021-03-25 00:00:00+05:30,215.15,215.95,209.05,211.6,40681282
4528,2021-03-26 00:00:00+05:30,214.25,214.45,210.35,210.9,26079435
4529,2021-03-30 00:00:00+05:30,213.25,215.0,210.4,214.55,27792437
4530,2021-03-31 00:00:00+05:30,214.05,219.3,212.7,218.5,36485322
4531,2021-04-01 00:00:00+05:30,220.0,220.6,217.3,220.05,29062762
4532,2021-04-05 00:00:00+05:30,217.6,220.0,210.5,212.55,31378045
4533,2021-04-06 00:00:00+05:30,213.8,214.95,210.15,212.65,25674227
4534,2021-04-07 00:00:00+05:30,212.7,215.2,212.45,213.8,15204883
4535,2021-04-08 00:00:00+05:30,214.85,216.1,212.85,213.25,14116874
4536,2021-04-09 00:00:00+05:30,213.75,215.95,212.55,213.1,16364247
4537,2021-04-12 00:00:00+05:30,210.0,211.0,205.0,205.3,34511670
4538,2021-04-13 00:00:00+05:30,207.0,209.7,206.0,208.7,20247639
4539,2021-04-15 00:00:00+05:30,209.0,210.45,206.0,206.7,17530742
4540,2021-04-16 00:00:00+05:30,208.0,209.25,206.5,207.95,13311926
4541,2021-04-19 00:00:00+05:30,205.0,206.1,203.75,205.6,15792299
4542,2021-04-20 00:00:00+05:30,206.2,207.0,202.5,203.55,21364882
4543,2021-04-22 00:00:00+05:30,202.0,206.3,200.55,205.9,23139735
4544,2021-04-23 00:00:00+05:30,204.25,207.0,204.25,205.35,19625381
4545,2021-04-26 00:00:00+05:30,205.8,206.75,204.7,205.3,19886214
4546,2021-04-27 00:00:00+05:30,205.3,206.95,205.05,205.4,11444814
4547,2021-04-28 00:00:00+05:30,206.0,206.5,205.3,205.5,12708021
4548,2021-04-29 00:00:00+05:30,207.1,207.55,204.05,204.3,13096755
4549,2021-04-30 00:00:00+05:30,203.9,205.7,202.0,202.6,16495657
4550,2021-05-03 00:00:00+05:30,201.2,201.85,200.0,200.95,20611626
4551,2021-05-04 00:00:00+05:30,201.2,202.35,199.1,199.6,18259282
4552,2021-05-05 00:00:00+05:30,201.45,202.0,199.5,201.4,13862655
4553,2021-05-06 00:00:00+05:30,202.3,205.95,202.1,202.75,14320889
4554,2021-05-07 00:00:00+05:30,202.95,206.45,202.95,205.35,19463495
4556,2021-05-10 00:00:00+05:30,207.15,207.45,205.0,205.55,16295368
4557,2021-05-11 00:00:00+05:30,203.9,206.5,203.75,204.0,13747541
4558,2021-05-12 00:00:00+05:30,203.9,205.25,202.85,203.25,16537612
4559,2021-05-14 00:00:00+05:30,205.0,213.2,204.0,212.25,61647120
4560,2021-05-17 00:00:00+05:30,216.8,217.0,211.65,212.6,38001828
4561,2021-05-18 00:00:00+05:30,214.1,214.6,209.65,210.05,30479551
4562,2021-05-19 00:00:00+05:30,210.05,211.4,207.55,207.75,24405319
4563,2021-05-20 00:00:00+05:30,208.45,209.3,206.8,207.0,20884367
4564,2021-05-21 00:00:00+05:30,207.6,209.85,207.4,209.05,22638020
4565,2021-05-24 00:00:00+05:30,209.5,212.05,207.75,211.5,28865798
4566,2021-05-25 00:00:00+05:30,213.0,213.4,210.25,210.9,25334878
4567,2021-05-26 00:00:00+05:30,211.8,212.45,210.3,210.6,17576137
4568,2021-05-27 00:00:00+05:30,211.0,214.15,210.3,211.15,47554219
4569,2021-05-28 00:00:00+05:30,212.5,213.5,211.55,212.9,25597550
4570,2021-05-31 00:00:00+05:30,215.0,217.9,214.4,216.6,73039531
4571,2021-06-01 00:00:00+05:30,218.0,219.4,214.25,215.25,38755111
4572,2021-06-02 00:00:00+05:30,210.5,212.45,208.6,209.0,96654991
4573,2021-06-03 00:00:00+05:30,210.75,210.75,208.7,209.05,46657520
4574,2021-06-04 00:00:00+05:30,209.5,209.7,208.0,208.75,30126021
4575,2021-06-07 00:00:00+05:30,210.4,212.4,210.2,211.45,31433280
4576,2021-06-08 00:00:00+05:30,212.2,214.25,211.2,213.65,21261361
4577,2021-06-09 00:00:00+05:30,214.0,214.75,211.5,212.5,24887924
4578,2021-06-10 00:00:00+05:30,208.7,211.4,207.5,209.3,30719587
4579,2021-06-11 00:00:00+05:30,210.3,210.45,207.75,207.9,21424291
4580,2021-06-14 00:00:00+05:30,207.95,208.45,205.2,207.3,17677889
4581,2021-06-15 00:00:00+05:30,207.55,208.4,207.0,207.05,14854294
4582,2021-06-16 00:00:00+05:30,207.05,209.35,207.05,207.85,20104244
4583,2021-06-17 00:00:00+05:30,206.95,208.0,205.0,205.65,21476893
4584,2021-06-18 00:00:00+05:30,206.0,206.45,202.5,204.55,23567549
4585,2021-06-21 00:00:00+05:30,203.1,206.0,202.4,204.45,19074685
4586,2021-06-22 00:00:00+05:30,206.1,206.25,204.35,205.1,18042675
4587,2021-06-23 00:00:00+05:30,205.65,205.85,203.6,203.95,12575210
4588,2021-06-24 00:00:00+05:30,204.45,204.65,202.55,203.25,22435272
4589,2021-06-25 00:00:00+05:30,204.0,205.6,203.75,205.05,13877208
4590,2021-06-28 00:00:00+05:30,205.9,205.9,203.35,203.6,14627153
4591,2021-06-29 00:00:00+05:30,203.6,205.3,203.15,203.3,13326068
4592,2021-06-30 00:00:00+05:30,204.3,204.4,202.55,202.7,15942408
4593,2021-07-01 00:00:00+05:30,202.9,203.8,202.15,203.0,10191296
4594,2021-07-02 00:00:00+05:30,203.3,203.7,202.25,202.4,12698779
4595,2021-07-05 00:00:00+05:30,203.0,204.1,202.7,203.65,10248249
4596,2021-07-06 00:00:00+05:30,203.25,203.8,202.25,202.5,11088659
4597,2021-07-07 00:00:00+05:30,202.5,205.2,202.3,203.75,17879443
4598,2021-07-08 00:00:00+05:30,203.5,204.5,201.8,202.0,20925008
4599,2021-07-09 00:00:00+05:30,202.0,202.35,200.9,201.35,11834045
4600,2021-07-12 00:00:00+05:30,202.0,202.55,200.95,201.1,13085323
4601,2021-07-13 00:00:00+05:30,202.0,202.2,201.35,201.85,10830411
4602,2021-07-14 00:00:00+05:30,201.85,205.15,201.7,204.1,20480406
4603,2021-07-15 00:00:00+05:30,204.4,208.5,202.9,206.25,28852257
4604,2021-07-16 00:00:00+05:30,207.7,209.65,207.2,207.9,29019824
4605,2021-07-19 00:00:00+05:30,206.8,209.5,206.35,207.75,16464973
4606,2021-07-20 00:00:00+05:30,208.2,209.3,206.4,206.8,23656813
4607,2021-07-22 00:00:00+05:30,207.0,208.25,205.85,207.0,18311537
4608,2021-07-23 00:00:00+05:30,207.0,213.6,206.5,212.4,44526781
4609,2021-07-26 00:00:00+05:30,214.0,215.35,210.8,211.15,47263771
4610,2021-07-27 00:00:00+05:30,212.0,213.0,207.95,208.65,24436949
4611,2021-07-28 00:00:00+05:30,208.3,210.0,207.45,209.1,14736840
4612,2021-07-29 00:00:00+05:30,209.1,210.2,205.65,206.05,15603733
4613,2021-07-30 00:00:00+05:30,206.1,207.1,204.6,204.95,14940336
4614,2021-08-02 00:00:00+05:30,206.45,207.5,205.45,207.3,9674128
4615,2021-08-03 00:00:00+05:30,207.5,210.9,206.45,209.9,18468527
4616,2021-08-04 00:00:00+05:30,210.9,211.1,208.1,208.6,10998260
4617,2021-08-05 00:00:00+05:30,208.6,216.75,206.9,215.25,47178466
4618,2021-08-06 00:00:00+05:30,215.4,216.0,212.6,214.25,23581637
4619,2021-08-09 00:00:00+05:30,215.0,217.15,212.7,213.8,20358146
4620,2021-08-10 00:00:00+05:30,214.0,214.45,208.55,209.85,18155926
4621,2021-08-11 00:00:00+05:30,209.85,210.6,207.45,208.65,15418634
4622,2021-08-12 00:00:00+05:30,210.25,214.2,208.35,208.9,27692208
4623,2021-08-13 00:00:00+05:30,209.85,212.3,209.2,211.45,18850939
4624,2021-08-16 00:00:00+05:30,211.4,213.25,210.5,210.9,11190075
4625,2021-08-17 00:00:00+05:30,210.8,211.5,208.8,209.2,7858486
4627,2021-08-18 00:00:00+05:30,209.6,211.5,208.35,208.95,10735658
4628,2021-08-20 00:00:00+05:30,207.0,210.7,206.7,208.9,19421004
4629,2021-08-23 00:00:00+05:30,209.5,210.2,206.0,206.3,9936365
4630,2021-08-24 00:00:00+05:30,207.0,207.0,204.7,205.75,12490094
4631,2021-08-25 00:00:00+05:30,206.4,207.9,206.0,206.4,10586894
4632,2021-08-26 00:00:00+05:30,206.4,206.85,204.35,204.6,14836173
4633,2021-08-27 00:00:00+05:30,205.0,206.85,204.9,205.9,10476384
4634,2021-08-30 00:00:00+05:30,206.0,208.2,206.0,208.0,12084844
4635,2021-08-31 00:00:00+05:30,208.05,211.6,207.25,211.3,25808430
4636,2021-09-01 00:00:00+05:30,211.0,212.3,209.3,209.5,16241960
4637,2021-09-02 00:00:00+05:30,209.0,211.5,209.0,209.75,14321164
4638,2021-09-03 00:00:00+05:30,209.75,211.25,209.75,210.6,10228853
4639,2021-09-06 00:00:00+05:30,211.0,211.2,209.05,209.3,10632156
4640,2021-09-07 00:00:00+05:30,210.9,214.35,210.15,211.75,37489544
4641,2021-09-08 00:00:00+05:30,212.25,213.0,209.7,211.25,17233315
4642,2021-09-09 00:00:00+05:30,211.05,213.9,210.55,212.65,19051252
4643,2021-09-13 00:00:00+05:30,213.35,215.15,211.8,214.15,16043896
4644,2021-09-14 00:00:00+05:30,214.9,217.25,214.2,216.1,19621849
4645,2021-09-15 00:00:00+05:30,217.1,217.2,215.3,216.0,20248758
4646,2021-09-16 00:00:00+05:30,216.95,233.65,216.3,230.75,149238901
4647,2021-09-17 00:00:00+05:30,233.0,237.3,229.1,231.15,79501805
4648,2021-09-20 00:00:00+05:30,231.0,239.35,230.25,233.75,70390969
4649,2021-09-21 00:00:00+05:30,234.95,242.45,231.7,241.5,56671832
4650,2021-09-22 00:00:00+05:30,243.5,245.8,240.7,243.5,52621868
4651,2021-09-23 00:00:00+05:30,245.0,245.6,241.7,242.5,21791090
4652,2021-09-24 00:00:00+05:30,244.0,244.0,237.7,238.45,24823291
4653,2021-09-27 00:00:00+05:30,239.8,241.85,235.5,238.7,22890540
4654,2021-09-28 00:00:00+05:30,239.85,241.6,236.3,237.75,15713947
4655,2021-09-29 00:00:00+05:30,236.0,241.4,235.7,238.1,15450046
4656,2021-09-30 00:00:00+05:30,239.9,240.4,235.25,236.15,16357902
4657,2021-10-01 00:00:00+05:30,235.2,237.0,232.9,235.35,15956143
4658,2021-10-04 00:00:00+05:30,236.0,238.35,235.4,236.6,10686552
4659,2021-10-05 00:00:00+05:30,236.4,237.45,234.5,234.7,9223597
4660,2021-10-06 00:00:00+05:30,234.8,236.4,230.6,231.25,17505160
4661,2021-10-07 00:00:00+05:30,233.0,234.95,232.3,232.95,10371535
4662,2021-10-08 00:00:00+05:30,234.75,234.8,231.2,231.7,9739240
4663,2021-10-11 00:00:00+05:30,232.0,239.5,231.7,238.05,21184428
4664,2021-10-12 00:00:00+05:30,238.6,243.0,238.0,241.3,29222028
4665,2021-10-13 00:00:00+05:30,242.55,250.9,240.15,249.2,50159625
4666,2021-10-14 00:00:00+05:30,253.25,261.85,250.35,256.55,85406902
4667,2021-10-18 00:00:00+05:30,261.0,265.3,257.35,262.55,60292901
4668,2021-10-19 00:00:00+05:30,261.4,262.55,245.05,245.95,59061766
4669,2021-10-20 00:00:00+05:30,245.95,248.5,242.35,246.6,47822165
4670,2021-10-21 00:00:00+05:30,248.0,248.35,243.1,244.7,22518727
4671,2021-10-22 00:00:00+05:30,244.7,245.8,233.7,236.6,35537151
4672,2021-10-25 00:00:00+05:30,234.1,236.65,230.5,233.4,22333919
4673,2021-10-26 00:00:00+05:30,234.1,239.0,232.6,236.7,18934170
4674,2021-10-27 00:00:00+05:30,240.25,241.3,236.2,238.45,25911499
4675,2021-10-28 00:00:00+05:30,235.1,235.95,224.15,225.1,46282465
4676,2021-10-29 00:00:00+05:30,225.0,228.25,222.3,223.2,26642108
4677,2021-11-01 00:00:00+05:30,224.15,227.55,222.5,226.85,23197539
4678,2021-11-02 00:00:00+05:30,228.0,229.25,224.5,225.6,14343859
4679,2021-11-03 00:00:00+05:30,226.0,226.85,221.7,222.45,17843327
4680,2021-11-04 00:00:00+05:30,224.85,227.3,224.0,226.55,7024796
4681,2021-11-08 00:00:00+05:30,229.7,230.7,225.7,229.8,20270558
4682,2021-11-09 00:00:00+05:30,229.85,230.9,227.85,228.75,11520817
4683,2021-11-10 00:00:00+05:30,227.45,232.85,227.2,230.85,13431108
4684,2021-11-11 00:00:00+05:30,230.4,231.5,228.55,230.0,8134962
4685,2021-11-12 00:00:00+05:30,231.2,233.95,229.15,232.9,11855531
4686,2021-11-15 00:00:00+05:30,233.95,239.0,233.1,238.1,38755267
4687,2021-11-16 00:00:00+05:30,239.05,239.65,235.0,235.45,14675969
4688,2021-11-17 00:00:00+05:30,236.0,245.25,235.65,239.5,46697822
4689,2021-11-18 00:00:00+05:30,240.0,243.0,236.3,237.5,20226071
4690,2021-11-22 00:00:00+05:30,237.9,240.75,229.55,230.9,22574227
4691,2021-11-23 00:00:00+05:30,229.15,232.7,229.15,231.6,13433385
4692,2021-11-24 00:00:00+05:30,232.45,232.7,226.95,227.7,14139854
4693,2021-11-25 00:00:00+05:30,227.0,232.2,225.75,231.3,23904846
4695,2021-11-26 00:00:00+05:30,228.9,230.05,223.1,224.0,27027022
4696,2021-11-29 00:00:00+05:30,222.0,223.65,220.2,221.5,22132952
4697,2021-11-30 00:00:00+05:30,222.0,225.2,220.0,221.15,23503453
4698,2021-12-01 00:00:00+05:30,222.0,223.3,220.6,221.9,12995800
4699,2021-12-02 00:00:00+05:30,221.9,226.15,221.3,225.45,15904846
4700,2021-12-03 00:00:00+05:30,225.0,226.2,221.35,221.65,13794647
4701,2021-12-06 00:00:00+05:30,221.65,222.2,217.5,217.9,13138355
4702,2021-12-07 00:00:00+05:30,218.9,221.95,218.1,220.65,8903842
4703,2021-12-08 00:00:00+05:30,221.0,225.65,221.0,224.95,9861847
4704,2021-12-09 00:00:00+05:30,223.0,236.45,223.0,235.4,38241864
4705,2021-12-10 00:00:00+05:30,236.2,238.95,233.75,236.1,35162889
4706,2021-12-13 00:00:00+05:30,238.0,238.75,234.15,234.6,22054342
4707,2021-12-14 00:00:00+05:30,235.0,237.1,227.55,228.6,37508445
4708,2021-12-15 00:00:00+05:30,230.0,232.2,223.4,224.05,34653042
4709,2021-12-16 00:00:00+05:30,226.0,226.15,220.8,222.9,24199205
4710,2021-12-17 00:00:00+05:30,222.8,222.85,216.75,217.95,29683982
4711,2021-12-20 00:00:00+05:30,216.25,216.25,209.8,212.4,37340790
4712,2021-12-21 00:00:00+05:30,214.0,215.45,211.05,212.5,19395604
4713,2021-12-22 00:00:00+05:30,214.0,214.2,211.1,212.0,17239484
4714,2021-12-23 00:00:00+05:30,213.9,218.45,213.2,217.3,22209720
4715,2021-12-24 00:00:00+05:30,218.0,220.45,216.45,218.0,16581585
4716,2021-12-27 00:00:00+05:30,218.4,218.45,215.65,217.55,8153106
4717,2021-12-28 00:00:00+05:30,218.0,220.6,218.0,220.05,11568803
4718,2021-12-29 00:00:00+05:30,220.0,220.3,216.3,216.75,11480954
4719,2021-12-30 00:00:00+05:30,216.6,217.9,215.5,216.0,9741198
4720,2021-12-31 00:00:00+05:30,216.9,218.8,216.15,218.05,7583815
4721,2022-01-03 00:00:00+05:30,218.05,219.85,217.05,219.1,7765495
4722,2022-01-04 00:00:00+05:30,219.5,221.7,219.05,220.25,9050253
4723,2022-01-05 00:00:00+05:30,219.65,221.5,218.65,220.55,11230588
4724,2022-01-06 00:00:00+05:30,219.0,220.4,218.2,218.7,8950589
4725,2022-01-07 00:00:00+05:30,219.8,220.65,217.5,218.4,8855041
4726,2022-01-10 00:00:00+05:30,219.9,224.7,218.9,223.3,15841299
4727,2022-01-11 00:00:00+05:30,223.35,224.25,221.2,221.95,8020695
4728,2022-01-12 00:00:00+05:30,222.5,223.65,221.6,222.75,13158894
4729,2022-01-13 00:00:00+05:30,223.9,225.8,222.75,223.95,11501088
4730,2022-01-14 00:00:00+05:30,223.95,224.8,222.3,222.6,10569725
4731,2022-01-17 00:00:00+05:30,222.6,225.6,221.35,224.6,12318313
4732,2022-01-18 00:00:00+05:30,224.6,227.3,220.3,220.75,14394097
4733,2022-01-19 00:00:00+05:30,220.75,222.4,218.7,220.35,11473796
4734,2022-01-20 00:00:00+05:30,220.55,222.15,218.0,218.75,17329896
4735,2022-01-21 00:00:00+05:30,218.5,220.5,216.0,217.05,16586264
4736,2022-01-24 00:00:00+05:30,217.05,217.75,210.9,211.8,17354942
4737,2022-01-25 00:00:00+05:30,212.0,214.7,209.55,214.3,18322935
4738,2022-01-27 00:00:00+05:30,211.25,215.5,211.1,214.6,23149684
4739,2022-01-28 00:00:00+05:30,215.1,219.25,215.1,217.6,15276991
4740,2022-01-31 00:00:00+05:30,218.5,220.75,217.1,220.2,15039006
4741,2022-02-01 00:00:00+05:30,221.0,228.8,219.15,227.75,43207074
4742,2022-02-02 00:00:00+05:30,230.0,233.3,229.0,232.15,41130638
4743,2022-02-03 00:00:00+05:30,232.15,235.2,231.8,234.45,27845963
4744,2022-02-04 00:00:00+05:30,237.25,238.5,231.55,234.3,56705951
4745,2022-02-07 00:00:00+05:30,234.0,234.75,228.5,230.2,24171083
4746,2022-02-08 00:00:00+05:30,230.3,232.3,229.05,231.25,16201280
4747,2022-02-09 00:00:00+05:30,232.3,233.0,228.75,230.15,11893807
4748,2022-02-10 00:00:00+05:30,228.7,233.4,227.75,232.25,19563580
4749,2022-02-11 00:00:00+05:30,232.0,233.3,229.8,232.45,18096561
4750,2022-02-14 00:00:00+05:30,226.0,226.0,218.5,219.45,22745228
4751,2022-02-15 00:00:00+05:30,221.0,223.5,218.55,223.0,12875311
4752,2022-02-16 00:00:00+05:30,223.8,224.7,221.85,222.75,11231596
4753,2022-02-17 00:00:00+05:30,223.05,224.35,220.85,222.65,14024149
4754,2022-02-18 00:00:00+05:30,222.65,223.45,221.5,221.9,8670947
4755,2022-02-21 00:00:00+05:30,220.3,221.3,217.15,218.0,16129017
4756,2022-02-22 00:00:00+05:30,215.0,216.9,213.0,214.85,25749340
4757,2022-02-23 00:00:00+05:30,216.8,217.5,215.05,215.95,11014283
4758,2022-02-24 00:00:00+05:30,210.0,213.3,207.0,208.5,41341523
4759,2022-02-25 00:00:00+05:30,211.5,216.5,210.55,213.95,23633656
4760,2022-02-28 00:00:00+05:30,213.2,216.45,210.8,215.85,20034633
4761,2022-03-02 00:00:00+05:30,214.4,216.6,212.45,215.3,19295994
4762,2022-03-03 00:00:00+05:30,216.05,220.2,216.0,219.4,28532668
4763,2022-03-04 00:00:00+05:30,217.7,227.4,217.0,225.5,66835736
4764,2022-03-07 00:00:00+05:30,222.0,227.0,220.1,224.95,45258669
4765,2022-03-08 00:00:00+05:30,223.9,228.45,223.75,226.9,36036336
4766,2022-03-09 00:00:00+05:30,227.7,231.4,226.1,229.25,42294906
4767,2022-03-10 00:00:00+05:30,231.0,232.5,227.85,232.0,36132245
4768,2022-03-11 00:00:00+05:30,231.9,237.1,230.15,236.35,41699184
4769,2022-03-14 00:00:00+05:30,236.25,239.45,235.3,239.0,35113638
4770,2022-03-15 00:00:00+05:30,239.0,241.4,235.9,237.85,32998305
4771,2022-03-16 00:00:00+05:30,240.0,243.0,239.1,242.6,21629521
4772,2022-03-17 00:00:00+05:30,245.25,245.4,242.7,244.9,34223740
4773,2022-03-21 00:00:00+05:30,245.9,247.75,243.8,244.5,27975134
4774,2022-03-22 00:00:00+05:30,244.55,250.75,243.55,249.75,36945426
4775,2022-03-23 00:00:00+05:30,251.45,253.7,248.5,252.0,40491633
4776,2022-03-24 00:00:00+05:30,251.95,256.5,251.45,254.85,38239419
4777,2022-03-25 00:00:00+05:30,255.3,255.75,249.25,253.35,29284643
4778,2022-03-28 00:00:00+05:30,254.0,258.0,252.55,257.05,24916402
4779,2022-03-29 00:00:00+05:30,257.05,257.5,253.75,254.6,18122714
4780,2022-03-30 00:00:00+05:30,255.1,256.4,248.65,249.2,17603827
4781,2022-03-31 00:00:00+05:30,249.6,254.35,249.5,250.65,25656796
4782,2022-04-01 00:00:00+05:30,250.0,255.35,248.8,253.3,14305709
4783,2022-04-04 00:00:00+05:30,253.1,257.9,251.1,255.45,15907398
4784,2022-04-05 00:00:00+05:30,256.05,261.85,255.1,259.45,27183142
4785,2022-04-06 00:00:00+05:30,257.5,263.35,257.3,259.6,19597941
4786,2022-04-07 00:00:00+05:30,258.0,262.2,255.8,256.65,16061089
4787,2022-04-08 00:00:00+05:30,258.0,268.85,256.0,267.8,37826800
4788,2022-04-11 00:00:00+05:30,268.75,273.15,266.0,267.5,46147653
4789,2022-04-12 00:00:00+05:30,266.9,268.65,263.1,264.8,23553762
4790,2022-04-13 00:00:00+05:30,265.3,270.6,263.65,269.55,21414383
4791,2022-04-18 00:00:00+05:30,268.0,272.5,267.25,270.1,24399444
4792,2022-04-19 00:00:00+05:30,272.0,272.5,258.8,261.55,23380138
4793,2022-04-20 00:00:00+05:30,262.9,265.45,257.55,259.55,24510612
4794,2022-04-21 00:00:00+05:30,259.7,264.45,259.6,260.4,23412279
4795,2022-04-22 00:00:00+05:30,260.0,263.0,258.55,261.1,15671273
4796,2022-04-25 00:00:00+05:30,258.8,259.0,252.5,255.25,24208645
4797,2022-04-26 00:00:00+05:30,256.6,260.7,256.25,258.95,20536714
4798,2022-04-27 00:00:00+05:30,256.2,258.5,255.75,257.5,16580824
4799,2022-04-28 00:00:00+05:30,259.5,263.7,258.15,261.1,27924384
4800,2022-04-29 00:00:00+05:30,263.0,263.0,258.5,259.55,20419904
4801,2022-05-02 00:00:00+05:30,258.0,264.5,257.05,263.15,18965820
4802,2022-05-04 00:00:00+05:30,264.0,266.05,258.6,259.75,25951999
4803,2022-05-05 00:00:00+05:30,262.0,265.2,260.4,262.05,17932895
4804,2022-05-06 00:00:00+05:30,259.0,267.35,258.9,266.65,34490123
4805,2022-05-09 00:00:00+05:30,266.15,266.15,260.55,262.95,21403710
4806,2022-05-10 00:00:00+05:30,262.0,266.8,259.1,259.75,18033260
4807,2022-05-11 00:00:00+05:30,259.0,262.2,251.75,255.65,17344099
4808,2022-05-12 00:00:00+05:30,255.0,256.4,249.15,252.9,20044726
4809,2022-05-13 00:00:00+05:30,254.95,260.85,254.5,258.6,11921627
4810,2022-05-16 00:00:00+05:30,259.95,259.95,253.0,254.1,8186859
4811,2022-05-17 00:00:00+05:30,255.0,265.5,254.8,264.7,17797974
4812,2022-05-18 00:00:00+05:30,266.0,267.8,263.15,266.8,20200332
4813,2022-05-19 00:00:00+05:30,262.6,279.25,262.6,275.65,78287713
4814,2022-05-20 00:00:00+05:30,277.0,282.35,277.0,280.0,32370771
4815,2022-05-23 00:00:00+05:30,280.0,280.45,273.05,274.5,21700165
4816,2022-05-24 00:00:00+05:30,275.0,275.0,270.0,270.85,15547968
4817,2022-05-25 00:00:00+05:30,272.95,273.9,270.5,272.7,15288648
4818,2022-05-26 00:00:00+05:30,268.25,268.25,263.85,266.7,18420159
4819,2022-05-27 00:00:00+05:30,269.0,270.7,265.05,269.2,13468067
4820,2022-05-30 00:00:00+05:30,270.5,271.0,267.6,269.05,11819102
4821,2022-05-31 00:00:00+05:30,269.05,274.5,266.4,270.65,23208345
4822,2022-06-01 00:00:00+05:30,270.65,274.1,270.2,271.85,14699792
4823,2022-06-02 00:00:00+05:30,270.7,274.45,267.85,273.5,14240994
4824,2022-06-03 00:00:00+05:30,275.0,275.7,271.6,272.7,12487862
4825,2022-06-06 00:00:00+05:30,272.4,275.8,269.7,274.8,10925182
4826,2022-06-07 00:00:00+05:30,273.2,275.0,272.25,273.9,10828539
4827,2022-06-08 00:00:00+05:30,273.95,274.4,266.2,267.9,14361969
4828,2022-06-09 00:00:00+05:30,267.8,271.7,265.75,270.85,9860194
4829,2022-06-10 00:00:00+05:30,269.05,271.0,268.75,270.15,8371061
4830,2022-06-13 00:00:00+05:30,266.4,269.1,263.0,264.65,11092690
4832,2022-06-14 00:00:00+05:30,263.2,267.45,263.05,265.45,7422193
4833,2022-06-15 00:00:00+05:30,266.0,267.3,263.05,263.4,5059474
4834,2022-06-16 00:00:00+05:30,267.0,267.9,259.5,260.7,14293357
4835,2022-06-17 00:00:00+05:30,259.0,264.15,258.55,263.3,16654660
4836,2022-06-20 00:00:00+05:30,263.3,266.15,261.35,264.1,17081136
4837,2022-06-21 00:00:00+05:30,265.0,270.85,264.1,269.9,13883034
4838,2022-06-22 00:00:00+05:30,267.0,270.3,264.9,265.3,11320918
4839,2022-06-23 00:00:00+05:30,265.5,267.25,262.4,265.5,9067252
4840,2022-06-24 00:00:00+05:30,266.1,268.35,265.2,265.85,7013132
4841,2022-06-27 00:00:00+05:30,267.0,270.65,266.5,269.95,8172964
4842,2022-06-28 00:00:00+05:30,268.9,272.25,268.55,271.85,11240154
4843,2022-06-29 00:00:00+05:30,269.25,275.0,269.15,274.05,16018449
4844,2022-06-30 00:00:00+05:30,273.95,274.7,272.0,273.5,19262054
4845,2022-07-01 00:00:00+05:30,273.5,285.0,271.2,284.35,35165665
4846,2022-07-04 00:00:00+05:30,285.65,293.3,284.8,291.9,39881736
4847,2022-07-05 00:00:00+05:30,293.0,293.0,285.75,286.9,18568655
4848,2022-07-06 00:00:00+05:30,286.1,290.0,285.3,289.3,18292925
4849,2022-07-07 00:00:00+05:30,291.0,293.15,288.5,291.95,13794991
4850,2022-07-08 00:00:00+05:30,292.9,294.45,290.4,293.05,11110418
4851,2022-07-11 00:00:00+05:30,293.0,296.95,292.05,295.0,12352667
4852,2022-07-12 00:00:00+05:30,293.0,295.35,290.9,292.7,14074628
4853,2022-07-13 00:00:00+05:30,293.0,294.8,292.7,294.05,9277570
4854,2022-07-14 00:00:00+05:30,294.3,296.35,289.15,290.85,13414357
4855,2022-07-15 00:00:00+05:30,292.0,294.0,289.5,293.55,11025420
4856,2022-07-18 00:00:00+05:30,295.0,296.3,293.75,295.3,11315876
4857,2022-07-19 00:00:00+05:30,295.0,295.6,292.7,294.6,9188419
4858,2022-07-20 00:00:00+05:30,294.9,299.5,293.6,298.2,15789281
4859,2022-07-21 00:00:00+05:30,299.0,302.2,298.0,299.55,16042840
4860,2022-07-22 00:00:00+05:30,300.0,302.5,298.1,300.55,9967545
4861,2022-07-25 00:00:00+05:30,299.0,302.95,298.8,301.1,10640727
4862,2022-07-26 00:00:00+05:30,301.0,303.75,300.45,302.45,9739177
4863,2022-07-27 00:00:00+05:30,302.85,305.0,300.6,304.15,9346146
4864,2022-07-28 00:00:00+05:30,304.9,305.2,302.4,303.45,10839070
4865,2022-07-29 00:00:00+05:30,305.0,305.9,301.35,303.05,16932743
4866,2022-08-01 00:00:00+05:30,304.0,308.8,303.1,307.5,15889556
4867,2022-08-02 00:00:00+05:30,310.0,316.65,308.2,309.95,38982557
4868,2022-08-03 00:00:00+05:30,310.9,310.9,303.65,308.15,17695228
4869,2022-08-04 00:00:00+05:30,308.0,310.35,307.15,309.5,15901918
4870,2022-08-05 00:00:00+05:30,309.5,311.8,309.1,310.85,10088723
4871,2022-08-08 00:00:00+05:30,310.95,313.95,310.05,313.15,8307140
4872,2022-08-10 00:00:00+05:30,313.15,314.1,310.75,311.2,8923568
4873,2022-08-11 00:00:00+05:30,313.0,313.45,305.3,306.25,10885990
4874,2022-08-12 00:00:00+05:30,306.25,309.4,304.5,308.55,6422504
4875,2022-08-16 00:00:00+05:30,308.55,311.5,308.55,310.55,8609864
4876,2022-08-17 00:00:00+05:30,311.7,313.25,311.0,312.55,7975854
4877,2022-08-18 00:00:00+05:30,313.0,316.0,312.6,315.65,9883851
4878,2022-08-19 00:00:00+05:30,316.15,316.15,311.2,312.0,10422413
4879,2022-08-22 00:00:00+05:30,311.2,317.0,311.0,314.4,11355837
4880,2022-08-23 00:00:00+05:30,312.95,316.0,312.1,315.9,9338887
4881,2022-08-24 00:00:00+05:30,315.75,319.45,313.05,314.1,11346892
4882,2022-08-25 00:00:00+05:30,315.45,316.4,311.6,312.35,7759104
4883,2022-08-26 00:00:00+05:30,314.75,315.4,312.0,312.9,6956588
4884,2022-08-29 00:00:00+05:30,310.0,314.95,308.85,313.55,11361400
4885,2022-08-30 00:00:00+05:30,314.25,321.4,314.25,320.5,17829428
4886,2022-09-01 00:00:00+05:30,319.5,321.9,316.0,317.6,13254985
4887,2022-09-02 00:00:00+05:30,318.7,324.25,318.05,323.15,25758860
4888,2022-09-05 00:00:00+05:30,325.0,329.6,323.75,328.85,17471906
4889,2022-09-06 00:00:00+05:30,330.0,330.0,326.4,327.15,11970750
4890,2022-09-07 00:00:00+05:30,326.0,328.3,325.25,326.1,8085824
4891,2022-09-08 00:00:00+05:30,329.0,330.6,327.5,329.9,10911130
4892,2022-09-09 00:00:00+05:30,330.6,333.3,330.0,330.5,9408098
4893,2022-09-12 00:00:00+05:30,332.0,332.4,330.0,330.9,8712689
4894,2022-09-13 00:00:00+05:30,331.7,335.0,330.6,334.4,10520207
4895,2022-09-14 00:00:00+05:30,331.0,339.0,330.95,335.35,12267025
4896,2022-09-15 00:00:00+05:30,336.4,337.05,332.9,334.1,8418672
4897,2022-09-16 00:00:00+05:30,332.35,334.6,329.7,331.3,12492851
4898,2022-09-19 00:00:00+05:30,329.1,336.9,329.1,335.6,14365461
4899,2022-09-20 00:00:00+05:30,338.75,339.6,335.0,336.0,9526068
4900,2022-09-21 00:00:00+05:30,336.0,345.2,335.5,340.95,20992080
4902,2022-09-22 00:00:00+05:30,341.0,348.75,340.9,345.05,24179987
4903,2022-09-23 00:00:00+05:30,347.5,349.55,343.3,346.4,22838807
4904,2022-09-26 00:00:00+05:30,344.85,345.95,331.75,332.6,16205789
4905,2022-09-27 00:00:00+05:30,335.0,339.55,334.0,334.85,9991052
4906,2022-09-28 00:00:00+05:30,331.95,333.3,324.3,324.95,15552911
4907,2022-09-29 00:00:00+05:30,329.0,334.9,327.75,333.05,18281337
4908,2022-09-30 00:00:00+05:30,333.05,335.75,330.15,332.2,12427919
4909,2022-10-03 00:00:00+05:30,332.9,333.0,323.25,324.4,9111289
4910,2022-10-04 00:00:00+05:30,328.7,334.0,328.0,332.85,8803255
4911,2022-10-06 00:00:00+05:30,335.0,339.3,332.55,336.65,22235092
4912,2022-10-07 00:00:00+05:30,336.8,336.85,331.3,334.1,10506078
4913,2022-10-10 00:00:00+05:30,330.0,331.45,326.05,327.85,9388996
4914,2022-10-11 00:00:00+05:30,329.0,330.45,325.1,326.3,10609956
4915,2022-10-12 00:00:00+05:30,327.95,331.45,324.75,330.1,10337544
4916,2022-10-13 00:00:00+05:30,329.95,331.3,328.0,328.65,7266724
4917,2022-10-14 00:00:00+05:30,332.3,333.9,330.85,332.1,6424915
4918,2022-10-17 00:00:00+05:30,331.1,334.75,329.6,332.25,6929063
4919,2022-10-18 00:00:00+05:30,333.95,341.0,333.55,340.3,20887417
4920,2022-10-19 00:00:00+05:30,343.1,347.45,339.8,346.35,16296080
4921,2022-10-20 00:00:00+05:30,347.0,350.95,344.8,349.7,18474706
4922,2022-10-21 00:00:00+05:30,353.2,353.2,344.5,345.6,27372160
4923,2022-10-24 00:00:00+05:30,348.95,349.7,347.0,347.7,3170564
4924,2022-10-25 00:00:00+05:30,349.45,349.5,343.65,346.3,17242211
4925,2022-10-27 00:00:00+05:30,346.65,348.35,343.85,345.8,18558597
4926,2022-10-28 00:00:00+05:30,347.55,348.6,345.1,345.8,13069167
4927,2022-10-31 00:00:00+05:30,348.0,350.5,344.75,348.7,13825970
4928,2022-11-01 00:00:00+05:30,349.25,350.5,347.2,349.5,19665200
4929,2022-11-02 00:00:00+05:30,348.5,356.25,348.5,354.65,16781507
4930,2022-11-03 00:00:00+05:30,354.0,358.5,353.0,353.7,10736155
4931,2022-11-04 00:00:00+05:30,354.0,356.0,352.5,353.6,8386849
4932,2022-11-07 00:00:00+05:30,355.0,356.35,350.0,353.5,10050303
4933,2022-11-09 00:00:00+05:30,353.5,361.45,353.2,360.7,20611075
4934,2022-11-10 00:00:00+05:30,359.0,359.9,354.1,356.0,19327625
4935,2022-11-11 00:00:00+05:30,360.0,360.95,354.65,356.35,10950902
4936,2022-11-14 00:00:00+05:30,356.35,356.95,346.6,347.2,17639889
4937,2022-11-15 00:00:00+05:30,348.95,348.95,339.15,345.25,15451411
4938,2022-11-16 00:00:00+05:30,345.7,346.85,341.65,344.1,7604924
4939,2022-11-17 00:00:00+05:30,344.1,347.45,342.6,343.7,9994270
4940,2022-11-18 00:00:00+05:30,343.7,344.75,339.8,341.05,7838297
4941,2022-11-21 00:00:00+05:30,339.1,340.0,334.4,337.2,9198816
4942,2022-11-22 00:00:00+05:30,337.0,341.0,335.7,340.25,6495845
4943,2022-11-23 00:00:00+05:30,342.0,342.0,337.5,339.8,7768291
4944,2022-11-24 00:00:00+05:30,339.8,342.5,337.55,340.75,8140857
4945,2022-11-25 00:00:00+05:30,341.0,341.9,337.8,340.3,6933254
4946,2022-11-28 00:00:00+05:30,340.0,341.75,338.75,340.05,9902739
4947,2022-11-29 00:00:00+05:30,340.0,345.0,340.0,342.3,10189855
4948,2022-11-30 00:00:00+05:30,341.25,344.15,339.0,340.0,22556502
4949,2022-12-01 00:00:00+05:30,341.7,341.7,336.8,339.55,16630417
4950,2022-12-02 00:00:00+05:30,339.35,340.8,336.75,337.15,8388835
4951,2022-12-05 00:00:00+05:30,337.65,338.85,334.15,336.75,9716390
4952,2022-12-06 00:00:00+05:30,334.1,338.2,334.1,337.3,6327430
4953,2022-12-07 00:00:00+05:30,338.5,341.5,336.65,340.1,9813208
4954,2022-12-08 00:00:00+05:30,340.2,342.15,337.5,338.4,6200447
4955,2022-12-09 00:00:00+05:30,339.75,342.5,338.0,341.4,8132228
4956,2022-12-12 00:00:00+05:30,341.0,344.0,340.1,343.2,11214662
4957,2022-12-13 00:00:00+05:30,344.5,346.0,342.4,345.6,10693426
4958,2022-12-14 00:00:00+05:30,346.0,347.35,343.75,345.4,7379878
4959,2022-12-15 00:00:00+05:30,344.75,346.1,338.0,338.85,8154931
4960,2022-12-16 00:00:00+05:30,337.5,338.9,331.3,335.1,12429280
4961,2022-12-19 00:00:00+05:30,336.8,342.35,335.35,340.5,7812801
4962,2022-12-20 00:00:00+05:30,340.05,340.95,336.75,340.15,5482218
4963,2022-12-21 00:00:00+05:30,341.0,341.25,334.5,335.15,7045201
4964,2022-12-22 00:00:00+05:30,335.65,337.4,329.9,332.45,6584445
4965,2022-12-23 00:00:00+05:30,330.9,331.9,325.35,326.7,10073884
4966,2022-12-26 00:00:00+05:30,326.5,335.1,325.5,334.6,9566210
4967,2022-12-27 00:00:00+05:30,335.6,336.4,330.15,333.15,6727343
4968,2022-12-28 00:00:00+05:30,332.85,335.0,331.5,334.4,7737562
4969,2022-12-29 00:00:00+05:30,334.35,335.75,331.55,335.35,8105359
4970,2022-12-30 00:00:00+05:30,335.4,336.75,330.5,331.55,6960264
4971,2023-01-02 00:00:00+05:30,330.9,334.0,329.65,332.85,5951893
4972,2023-01-03 00:00:00+05:30,331.5,333.35,330.25,331.1,5997051
4973,2023-01-04 00:00:00+05:30,331.85,332.5,326.0,327.0,6689769
4974,2023-01-05 00:00:00+05:30,328.65,333.9,328.2,333.45,8171437
4975,2023-01-06 00:00:00+05:30,334.7,337.55,333.1,335.05,8284135
4976,2023-01-09 00:00:00+05:30,336.95,341.3,336.15,338.05,10618786
4977,2023-01-10 00:00:00+05:30,337.9,338.4,332.55,333.4,6949605
4978,2023-01-11 00:00:00+05:30,335.1,335.1,331.3,331.8,4584293
4979,2023-01-12 00:00:00+05:30,333.4,333.6,328.1,329.85,6638422
4980,2023-01-13 00:00:00+05:30,329.85,332.25,326.4,328.75,14412671
4981,2023-01-16 00:00:00+05:30,330.35,332.2,327.55,330.2,8253942
4982,2023-01-17 00:00:00+05:30,330.2,333.5,329.1,332.25,13712537
4983,2023-01-18 00:00:00+05:30,334.0,336.55,332.4,334.65,12555527
4984,2023-01-19 00:00:00+05:30,334.0,335.65,331.65,332.15,8346130
4985,2023-01-20 00:00:00+05:30,332.0,335.2,329.25,334.6,13103664
4986,2023-01-23 00:00:00+05:30,336.0,338.15,333.05,337.75,7124807
4987,2023-01-24 00:00:00+05:30,337.8,340.75,337.6,338.95,12302874
4988,2023-01-25 00:00:00+05:30,338.9,341.0,335.25,339.25,12497542
4989,2023-01-27 00:00:00+05:30,341.8,348.85,341.5,346.0,21040139
4990,2023-01-30 00:00:00+05:30,346.9,351.75,341.85,344.8,14091519
4991,2023-01-31 00:00:00+05:30,346.0,355.0,341.05,352.35,17134291
4992,2023-02-01 00:00:00+05:30,353.0,365.7,329.1,361.4,64518967
4993,2023-02-02 00:00:00+05:30,361.6,384.7,360.4,378.6,55745171
4994,2023-02-03 00:00:00+05:30,381.9,382.25,372.0,380.65,22295321
4995,2023-02-06 00:00:00+05:30,382.5,388.2,379.6,383.4,25790153
4996,2023-02-07 00:00:00+05:30,383.9,383.9,368.45,373.25,20643707
4997,2023-02-08 00:00:00+05:30,374.75,377.3,371.55,375.55,10420462
4998,2023-02-09 00:00:00+05:30,374.0,380.0,372.15,374.25,11861196
4999,2023-02-10 00:00:00+05:30,372.2,376.95,370.3,371.35,10278597
5000,2023-02-13 00:00:00+05:30,373.0,375.15,370.0,374.2,9901148
5001,2023-02-14 00:00:00+05:30,375.0,387.65,373.75,386.45,29125052
5002,2023-02-15 00:00:00+05:30,381.75,382.85,378.55,382.2,12209350
5003,2023-02-16 00:00:00+05:30,382.0,385.25,381.0,382.55,9775280
5004,2023-02-17 00:00:00+05:30,381.05,384.55,379.25,383.4,7672135
5005,2023-02-20 00:00:00+05:30,384.7,387.5,381.3,384.05,7804976
5006,2023-02-21 00:00:00+05:30,385.0,385.9,381.7,382.25,8259574
5007,2023-02-22 00:00:00+05:30,382.0,384.9,380.0,383.85,8961077
5008,2023-02-23 00:00:00+05:30,384.45,394.0,383.1,387.6,18830592
5009,2023-02-24 00:00:00+05:30,389.0,389.0,381.0,385.1,12910220
5010,2023-02-27 00:00:00+05:30,385.1,386.8,378.1,382.2,8142319
5011,2023-02-28 00:00:00+05:30,382.5,384.25,375.0,376.7,16367477
5012,2023-03-01 00:00:00+05:30,374.25,380.4,373.6,378.7,7766667
5013,2023-03-02 00:00:00+05:30,379.5,379.75,374.7,375.55,5019603
5014,2023-03-03 00:00:00+05:30,377.0,385.4,376.1,384.95,8180709
5015,2023-03-06 00:00:00+05:30,385.9,392.5,385.25,388.15,10714339
5016,2023-03-08 00:00:00+05:30,388.0,393.15,385.1,392.4,8917699
5017,2023-03-09 00:00:00+05:30,392.1,393.6,385.65,387.5,9634283
5018,2023-03-10 00:00:00+05:30,386.95,390.2,383.5,388.0,8362265
5019,2023-03-13 00:00:00+05:30,389.2,390.9,382.5,383.65,8791872
5020,2023-03-14 00:00:00+05:30,385.7,386.45,377.2,379.7,10229766
5021,2023-03-15 00:00:00+05:30,381.0,384.3,378.0,379.4,8423692
5022,2023-03-16 00:00:00+05:30,380.6,382.35,376.85,381.45,15710094
5023,2023-03-17 00:00:00+05:30,385.0,385.0,369.65,375.55,48904254
5024,2023-03-20 00:00:00+05:30,373.3,379.35,372.0,378.8,10122167
5025,2023-03-21 00:00:00+05:30,378.8,378.8,374.05,376.95,11610832
5026,2023-03-22 00:00:00+05:30,376.95,378.85,374.2,377.75,4774867
5027,2023-03-23 00:00:00+05:30,377.0,382.75,374.4,380.65,9752326
5028,2023-03-24 00:00:00+05:30,381.5,383.0,378.0,378.7,9934501
5029,2023-03-27 00:00:00+05:30,377.95,384.4,376.35,380.2,10816352
5030,2023-03-28 00:00:00+05:30,380.2,382.35,378.15,379.75,9170535
5031,2023-03-29 00:00:00+05:30,380.2,384.0,377.15,382.75,10160322
5032,2023-03-31 00:00:00+05:30,382.0,384.5,380.0,383.5,9511189
5033,2023-04-03 00:00:00+05:30,384.0,384.0,378.5,378.9,7059200
5034,2023-04-05 00:00:00+05:30,378.9,387.05,378.9,386.4,11608424
5035,2023-04-06 00:00:00+05:30,386.65,390.3,384.2,387.35,12897667
5037,2023-04-10 00:00:00+05:30,387.35,390.0,384.75,388.55,6783022
5038,2023-04-11 00:00:00+05:30,388.55,398.1,388.0,396.0,18237451
5039,2023-04-12 00:00:00+05:30,397.75,397.8,392.1,393.55,9747526
5040,2023-04-13 00:00:00+05:30,395.5,396.6,393.7,395.6,6059044
5041,2023-04-17 00:00:00+05:30,392.9,402.0,392.9,400.15,11041243
5042,2023-04-18 00:00:00+05:30,400.0,402.0,397.0,398.5,9494641
5043,2023-04-19 00:00:00+05:30,396.05,401.35,396.0,398.75,9744202
5044,2023-04-20 00:00:00+05:30,400.0,402.65,397.7,400.3,6667781
5045,2023-04-21 00:00:00+05:30,400.3,409.0,399.05,408.25,14252204
5046,2023-04-24 00:00:00+05:30,410.0,410.0,404.2,408.7,5981760
5047,2023-04-25 00:00:00+05:30,408.7,413.55,407.4,411.55,8840188
5048,2023-04-26 00:00:00+05:30,412.0,413.0,409.05,412.25,7620723
5049,2023-04-27 00:00:00+05:30,412.2,417.4,411.0,416.0,12614263
5050,2023-04-28 00:00:00+05:30,418.0,428.25,413.7,425.55,12718721
5051,2023-05-02 00:00:00+05:30,426.0,427.0,421.2,424.45,10253527
5052,2023-05-03 00:00:00+05:30,424.0,428.5,422.05,427.15,7325483
5053,2023-05-04 00:00:00+05:30,425.3,427.0,424.0,424.6,7984933
5054,2023-05-05 00:00:00+05:30,425.95,431.9,424.35,428.75,12412416
5055,2023-05-08 00:00:00+05:30,431.0,433.45,429.35,431.45,7243636
5056,2023-05-09 00:00:00+05:30,432.8,433.15,421.5,423.8,9992962
5057,2023-05-10 00:00:00+05:30,423.95,426.35,422.2,425.35,9754485
5058,2023-05-11 00:00:00+05:30,427.25,427.4,418.9,420.4,15982423
5059,2023-05-12 00:00:00+05:30,420.4,422.7,416.05,420.45,11135894
5060,2023-05-15 00:00:00+05:30,420.0,428.7,419.05,427.8,9151102
5061,2023-05-16 00:00:00+05:30,430.0,430.0,423.5,423.95,7994197
5062,2023-05-17 00:00:00+05:30,424.15,428.95,422.6,427.6,9479691
5063,2023-05-18 00:00:00+05:30,430.0,432.45,418.1,419.7,23995166
5064,2023-05-19 00:00:00+05:30,420.95,423.1,411.35,419.85,25767521
5065,2023-05-22 00:00:00+05:30,421.95,425.75,419.1,424.75,15421680
5066,2023-05-23 00:00:00+05:30,426.0,431.2,424.2,429.15,8732608
5067,2023-05-24 00:00:00+05:30,428.3,434.75,427.0,433.5,11479706
5068,2023-05-25 00:00:00+05:30,436.95,442.45,434.8,441.15,18204464
5069,2023-05-26 00:00:00+05:30,443.4,444.75,439.5,443.6,12995706
5070,2023-05-29 00:00:00+05:30,445.0,451.8,444.1,449.1,19826254
5071,2023-05-30 00:00:00+05:30,441.0,451.45,441.0,449.9,18900002
5072,2023-05-31 00:00:00+05:30,449.3,452.0,442.45,445.5,14272292
5073,2023-06-01 00:00:00+05:30,447.0,447.0,439.0,439.7,8803137
5074,2023-06-02 00:00:00+05:30,440.0,444.9,439.8,443.4,9203842
5075,2023-06-05 00:00:00+05:30,445.0,446.85,440.1,440.65,7152179
5076,2023-06-06 00:00:00+05:30,440.8,443.6,440.4,442.8,6454486
5077,2023-06-07 00:00:00+05:30,444.0,445.65,442.75,443.95,7543432
5078,2023-06-08 00:00:00+05:30,445.7,445.75,441.9,442.9,7024424
5079,2023-06-09 00:00:00+05:30,435.15,444.7,435.15,438.45,7057843
5080,2023-06-12 00:00:00+05:30,440.0,440.95,433.85,436.95,8719176
5081,2023-06-13 00:00:00+05:30,441.0,446.4,438.3,445.4,16111860
5082,2023-06-14 00:00:00+05:30,446.25,447.75,443.75,444.5,8704178
5083,2023-06-15 00:00:00+05:30,445.0,448.75,444.75,448.1,7498727
5084,2023-06-16 00:00:00+05:30,449.0,455.6,447.9,453.1,11729681
5085,2023-06-19 00:00:00+05:30,454.75,455.9,452.25,453.6,4189180
5086,2023-06-20 00:00:00+05:30,454.8,454.8,450.15,452.85,4472119
5087,2023-06-21 00:00:00+05:30,452.0,454.2,445.05,447.05,6059504
5088,2023-06-22 00:00:00+05:30,448.0,449.65,445.85,447.65,6637099
5089,2023-06-23 00:00:00+05:30,447.5,447.65,442.7,444.75,6090901
5090,2023-06-26 00:00:00+05:30,446.9,451.4,444.0,445.7,5477339
5091,2023-06-27 00:00:00+05:30,446.1,447.2,443.15,445.1,4865596
5092,2023-06-28 00:00:00+05:30,445.0,450.6,444.5,449.35,12082753
5093,2023-06-30 00:00:00+05:30,450.0,451.95,446.6,451.6,9106074
5094,2023-07-03 00:00:00+05:30,451.6,465.95,450.05,463.25,10699143
5095,2023-07-04 00:00:00+05:30,465.0,468.0,459.8,466.35,7725081
5096,2023-07-05 00:00:00+05:30,466.35,480.65,464.3,475.1,16252992
5097,2023-07-06 00:00:00+05:30,477.35,477.4,470.5,473.9,9471054
5098,2023-07-07 00:00:00+05:30,473.0,475.5,467.6,468.4,7323451
5099,2023-07-10 00:00:00+05:30,470.0,470.9,463.7,465.85,6521300
5100,2023-07-11 00:00:00+05:30,466.0,474.55,466.0,473.15,8457557
5101,2023-07-12 00:00:00+05:30,477.75,477.75,470.45,472.3,12340934
5102,2023-07-13 00:00:00+05:30,473.9,476.75,471.0,472.0,7909757
5103,2023-07-14 00:00:00+05:30,473.0,475.0,471.35,472.9,5081391
5104,2023-07-17 00:00:00+05:30,474.5,475.8,470.6,472.35,6090738
5105,2023-07-18 00:00:00+05:30,472.55,474.2,471.0,472.5,5352283
5107,2023-07-19 00:00:00+05:30,472.75,480.45,468.1,478.85,13867323
5108,2023-07-20 00:00:00+05:30,479.9,493.7,476.3,492.15,20250206
5109,2023-07-21 00:00:00+05:30,491.8,497.7,487.0,490.45,13971982
5110,2023-07-24 00:00:00+05:30,493.45,499.7,468.15,471.35,38976815
5111,2023-07-25 00:00:00+05:30,467.9,468.5,455.4,462.3,43534718
5112,2023-07-26 00:00:00+05:30,464.9,473.0,462.05,472.25,18143422
5113,2023-07-27 00:00:00+05:30,474.4,475.15,461.1,465.05,13989457
5114,2023-07-28 00:00:00+05:30,467.7,469.45,463.4,468.45,9978231
5115,2023-07-31 00:00:00+05:30,469.0,469.7,463.5,465.7,8194797
5116,2023-08-01 00:00:00+05:30,466.0,468.85,463.8,464.8,6438221
5117,2023-08-02 00:00:00+05:30,464.6,464.8,458.0,460.1,10318220
5118,2023-08-03 00:00:00+05:30,460.1,463.75,454.3,456.05,10617897
5119,2023-08-04 00:00:00+05:30,456.3,461.4,454.25,454.95,6834401
5120,2023-08-07 00:00:00+05:30,454.1,456.55,450.95,454.9,9161131
5121,2023-08-08 00:00:00+05:30,457.0,457.0,451.05,452.35,6392488
5122,2023-08-09 00:00:00+05:30,452.35,459.9,446.9,458.65,9758343
5123,2023-08-10 00:00:00+05:30,458.9,459.3,449.0,451.75,13194170
5124,2023-08-11 00:00:00+05:30,453.9,453.9,444.75,448.75,11582326
5125,2023-08-14 00:00:00+05:30,448.75,451.25,445.05,449.2,7562808
5126,2023-08-16 00:00:00+05:30,451.0,457.4,448.2,450.25,14920272
5127,2023-08-17 00:00:00+05:30,450.0,450.0,440.0,441.0,16269569
5128,2023-08-18 00:00:00+05:30,441.0,443.35,438.5,441.65,19324262
5129,2023-08-21 00:00:00+05:30,442.0,448.5,441.35,447.8,9572041
5130,2023-08-22 00:00:00+05:30,449.0,455.15,447.0,454.25,9854945
5131,2023-08-23 00:00:00+05:30,455.6,455.65,448.6,450.45,8445029
5132,2023-08-24 00:00:00+05:30,450.6,453.5,449.3,450.9,6088274
5133,2023-08-25 00:00:00+05:30,450.9,451.0,442.05,443.35,9270988
5134,2023-08-28 00:00:00+05:30,445.0,446.85,441.0,441.4,6910750
5135,2023-08-29 00:00:00+05:30,442.95,444.0,439.2,440.1,9480003
5136,2023-08-30 00:00:00+05:30,441.0,444.0,440.5,442.8,7364924
5137,2023-08-31 00:00:00+05:30,443.0,444.9,436.1,439.7,19900312
5138,2023-09-01 00:00:00+05:30,440.0,445.0,438.3,441.05,11438624
5139,2023-09-04 00:00:00+05:30,443.35,443.35,436.65,437.5,13604608
5140,2023-09-05 00:00:00+05:30,438.9,444.5,438.5,443.1,8378915
5141,2023-09-06 00:00:00+05:30,443.95,448.5,442.0,447.45,12863039
5142,2023-09-07 00:00:00+05:30,448.8,449.0,444.6,445.9,8090369
5143,2023-09-08 00:00:00+05:30,447.9,447.9,441.85,442.65,9939517
5144,2023-09-11 00:00:00+05:30,446.0,448.1,442.65,447.2,9320577
5145,2023-09-12 00:00:00+05:30,448.9,454.3,445.6,451.15,14406441
5146,2023-09-13 00:00:00+05:30,452.2,457.0,451.1,453.5,11813170
5147,2023-09-14 00:00:00+05:30,455.9,455.9,447.15,449.95,14430930
5148,2023-09-15 00:00:00+05:30,448.05,452.1,447.0,448.35,15077136
5149,2023-09-18 00:00:00+05:30,448.35,454.0,446.2,452.05,8197425
5150,2023-09-20 00:00:00+05:30,451.7,455.1,449.55,452.95,9959649
5151,2023-09-21 00:00:00+05:30,452.8,453.55,444.5,447.5,10719470
5152,2023-09-22 00:00:00+05:30,447.5,448.4,442.25,443.1,7506309
5153,2023-09-25 00:00:00+05:30,443.1,444.8,438.35,442.6,5782955
5154,2023-09-26 00:00:00+05:30,443.6,444.5,439.7,442.45,5327833
5155,2023-09-27 00:00:00+05:30,442.45,449.8,438.8,449.15,10490786
5156,2023-09-28 00:00:00+05:30,449.95,449.95,439.6,440.75,10216736
5157,2023-09-29 00:00:00+05:30,442.0,445.6,439.2,444.4,8160058
5158,2023-10-03 00:00:00+05:30,441.0,442.9,439.25,439.75,7481883
5159,2023-10-04 00:00:00+05:30,439.75,441.7,433.3,436.1,13396709
5160,2023-10-05 00:00:00+05:30,440.0,440.5,435.05,436.05,10030257
5161,2023-10-06 00:00:00+05:30,437.85,443.6,436.65,442.15,8418580
5162,2023-10-09 00:00:00+05:30,440.95,443.2,437.25,440.45,5611154
5163,2023-10-10 00:00:00+05:30,440.45,444.85,440.45,444.4,5014758
5164,2023-10-11 00:00:00+05:30,447.2,449.45,444.8,448.25,7651513
5165,2023-10-12 00:00:00+05:30,449.65,452.5,446.15,450.7,11774487
5166,2023-10-13 00:00:00+05:30,449.85,451.8,447.0,448.35,7632483
5167,2023-10-16 00:00:00+05:30,448.0,451.0,446.2,448.95,4214958
5168,2023-10-17 00:00:00+05:30,449.8,454.5,449.0,453.45,6936218
5169,2023-10-18 00:00:00+05:30,454.25,458.2,451.0,451.65,6894947
5170,2023-10-19 00:00:00+05:30,449.75,454.9,446.85,450.4,9465463
5171,2023-10-20 00:00:00+05:30,445.0,449.0,437.35,438.3,13020371
5172,2023-10-23 00:00:00+05:30,438.0,439.95,433.1,435.9,7275471
5173,2023-10-25 00:00:00+05:30,436.9,438.0,427.05,432.7,10889221
5174,2023-10-26 00:00:00+05:30,429.55,436.6,429.55,434.35,18801214
5176,2023-10-27 00:00:00+05:30,434.35,436.8,432.2,433.75,13132487
5177,2023-10-30 00:00:00+05:30,434.55,437.15,428.35,430.45,7618033
5178,2023-10-31 00:00:00+05:30,430.0,433.35,427.9,428.4,8620154
5179,2023-11-01 00:00:00+05:30,430.0,431.1,425.5,428.1,7990245
5180,2023-11-02 00:00:00+05:30,430.05,432.7,428.65,431.15,8152031
5181,2023-11-03 00:00:00+05:30,432.8,434.4,431.1,433.25,13802600
5182,2023-11-06 00:00:00+05:30,433.5,436.8,432.55,435.35,7308229
5183,2023-11-07 00:00:00+05:30,434.9,434.9,432.15,432.7,5124012
5184,2023-11-08 00:00:00+05:30,433.15,437.5,432.3,436.95,6979849
5185,2023-11-09 00:00:00+05:30,437.8,438.0,433.9,434.4,7785767
5186,2023-11-10 00:00:00+05:30,434.4,438.0,432.5,436.55,4079205
5187,2023-11-12 00:00:00+05:30,438.85,439.2,438.0,438.45,1181310
5188,2023-11-13 00:00:00+05:30,438.4,438.4,435.0,436.0,3744754
5189,2023-11-15 00:00:00+05:30,438.1,442.5,437.5,441.95,7436428
5190,2023-11-16 00:00:00+05:30,441.95,444.5,437.6,438.65,10857863
5191,2023-11-17 00:00:00+05:30,439.25,441.5,438.3,439.25,6655278
5192,2023-11-20 00:00:00+05:30,439.85,440.3,434.5,436.8,4335388
5193,2023-11-21 00:00:00+05:30,437.15,439.3,435.5,436.25,5997810
5194,2023-11-22 00:00:00+05:30,437.0,440.4,434.8,439.7,4886687
5195,2023-11-23 00:00:00+05:30,440.95,442.25,438.25,440.35,6366606
5196,2023-11-24 00:00:00+05:30,441.0,442.25,436.85,437.8,6821878
5197,2023-11-28 00:00:00+05:30,438.0,439.0,434.9,435.25,8745691
5198,2023-11-29 00:00:00+05:30,436.0,438.5,434.15,437.2,13785216
5199,2023-11-30 00:00:00+05:30,436.7,438.45,434.5,435.8,15127505
5200,2023-12-01 00:00:00+05:30,437.9,450.95,437.4,449.8,19336856
5201,2023-12-04 00:00:00+05:30,455.0,456.4,451.0,454.05,12800220
5202,2023-12-05 00:00:00+05:30,455.0,457.8,450.1,451.75,12136292
5203,2023-12-06 00:00:00+05:30,453.9,464.5,452.1,463.25,20417559
5204,2023-12-07 00:00:00+05:30,464.75,464.8,457.4,458.1,11310918
5205,2023-12-08 00:00:00+05:30,459.95,461.6,448.5,449.15,18667895
5206,2023-12-11 00:00:00+05:30,451.5,453.6,449.3,452.45,6599973
5207,2023-12-12 00:00:00+05:30,454.2,460.0,452.35,453.1,10158101
5208,2023-12-13 00:00:00+05:30,456.3,458.85,453.1,455.65,11283868
5209,2023-12-14 00:00:00+05:30,460.0,461.0,449.45,460.1,14370803
5210,2023-12-15 00:00:00+05:30,461.9,462.95,455.0,458.2,15789845
5211,2023-12-18 00:00:00+05:30,455.0,456.0,450.35,451.65,12027620
5212,2023-12-19 00:00:00+05:30,453.35,458.0,452.05,456.1,10268755
5213,2023-12-20 00:00:00+05:30,459.0,459.25,449.3,451.0,10367665
5214,2023-12-21 00:00:00+05:30,449.0,453.75,444.45,451.45,11154625
5215,2023-12-22 00:00:00+05:30,453.0,455.9,450.55,455.2,11026317
5216,2023-12-26 00:00:00+05:30,456.05,458.9,454.7,456.45,5871301
5217,2023-12-27 00:00:00+05:30,457.0,458.5,453.75,457.1,7543383
5218,2023-12-28 00:00:00+05:30,457.2,464.7,456.1,464.1,20696101
5219,2023-12-29 00:00:00+05:30,464.1,467.9,461.35,462.1,12888266
5220,2024-01-01 00:00:00+05:30,463.5,469.95,462.65,468.05,9346277
5221,2024-01-02 00:00:00+05:30,470.0,471.35,463.6,470.35,10519771
5222,2024-01-03 00:00:00+05:30,470.25,480.7,469.35,477.25,24036012
5223,2024-01-04 00:00:00+05:30,480.0,481.45,474.2,476.4,11786959
5224,2024-01-05 00:00:00+05:30,479.4,479.4,472.0,473.95,9209405
5225,2024-01-08 00:00:00+05:30,475.0,475.5,464.55,465.5,8003177
5226,2024-01-09 00:00:00+05:30,467.5,469.95,463.65,464.55,5696780
5227,2024-01-10 00:00:00+05:30,464.55,466.75,460.05,463.3,5896123
5228,2024-01-11 00:00:00+05:30,464.1,466.55,461.1,462.65,6534775
5229,2024-01-12 00:00:00+05:30,463.25,467.7,460.35,466.7,9354326
5230,2024-01-15 00:00:00+05:30,470.0,470.5,466.1,467.6,6902156
5231,2024-01-16 00:00:00+05:30,467.8,475.0,464.25,472.3,12066347
5232,2024-01-17 00:00:00+05:30,471.4,477.0,465.2,466.6,11108698
5233,2024-01-18 00:00:00+05:30,465.25,467.85,454.55,465.5,9143784
5234,2024-01-19 00:00:00+05:30,468.55,473.0,466.4,471.5,12203322
5235,2024-01-20 00:00:00+05:30,473.4,475.0,468.0,468.4,3296407
